지역구명,연도,병상수
강남구,2014,7157
강남구,2015,7335
강남구,2016,7564
강남구,2017,7564
강동구,2014,5699
강동구,2015,5843
강동구,2016,5855
강동구,2017,5855
강북구,2014,2247
강북구,2015,2121
강북구,2016,1989
강북구,2017,1989
강서구,2014,3695
강서구,2015,3377
강서구,2016,3547
강서구,2017,3547
관악구,2014,2166
관악구,2015,2430
관악구,2016,2446
관악구,2017,2446
광진구,2014,2643
광진구,2015,2470
광진구,2016,2360
광진구,2017,2360
구로구,2014,3307
구로구,2015,3784
구로구,2016,3721
구로구,2017,3721
금천구,2014,1829
금천구,2015,1935
금천구,2016,2031
금천구,2017,2031
노원구,2014,3447
노원구,2015,3551
노원구,2016,3924
노원구,2017,3924
도봉구,2014,2947
도봉구,2015,2832
도봉구,2016,3022
도봉구,2017,3022
동대문구,2014,5885
동대문구,2015,6134
동대문구,2016,6376
동대문구,2017,6376
동작구,2014,2871
동작구,2015,2947
동작구,2016,2918
동작구,2017,2918
마포구,2014,708
마포구,2015,629
마포구,2016,715
마포구,2017,715
서대문구,2014,3244
서대문구,2015,3641
서대문구,2016,3950
서대문구,2017,3950
서초구,2014,3132
서초구,2015,3149
서초구,2016,3274
서초구,2017,3274
성동구,2014,1926
성동구,2015,1782
성동구,2016,1764
성동구,2017,1764
성북구,2014,3424
성북구,2015,3273
성북구,2016,3141
성북구,2017,3141
송파구,2014,6273
송파구,2015,6157
송파구,2016,6342
송파구,2017,6342
양천구,2014,2907
양천구,2015,2943
양천구,2016,2823
양천구,2017,2823
영등포구,2014,5335
영등포구,2015,5774
영등포구,2016,5782
영등포구,2017,5782
용산구,2014,1065
용산구,2015,1032
용산구,2016,1005
용산구,2017,1005
은평구,2014,3404
은평구,2015,3622
은평구,2016,3613
은평구,2017,3613
종로구,2014,3188
종로구,2015,3327
종로구,2016,3295
종로구,2017,3295
중구,2014,1620
중구,2015,1557
중구,2016,1649
중구,2017,1649
중랑구,2014,3260
중랑구,2015,3274
중랑구,2016,3314
중랑구,2017,3314
