District,병상수_2014,병상수_2015,병상수_2016
강남구,7157,7335,7564
강동구,5699,5843,5855
강북구,2247,2121,1989
강서구,3695,3377,3547
관악구,2166,2430,2446
광진구,2643,2470,2360
구로구,3307,3784,3721
금천구,1829,1935,2031
노원구,3447,3551,3924
도봉구,2947,2832,3022
동대문구,5885,6134,6376
동작구,2871,2947,2918
마포구,708,629,715
서대문구,3244,3641,3950
서초구,3132,3149,3274
성동구,1926,1782,1764
성북구,3424,3273,3141
송파구,6273,6157,6342
양천구,2907,2943,2823
영등포구,5335,5774,5782
용산구,1065,1032,1005
은평구,3404,3622,3613
종로구,3188,3327,3295
중구,1620,1557,1649
중랑구,3260,3274,3314
