District,응급의료기관수,가용병상수,과밀기관수,정보노후기관수,수집시각
강남구,2,0.0,2,0,2026-09-29 16:15:01.757547
강동구,3,16.0,0,0,2026-09-29 16:15:01.757547
강북구,0,0.0,0,0,2026-09-29 16:15:01.757547
강서구,2,10.0,1,0,2026-09-29 16:15:01.757547
관악구,1,10.0,0,0,2026-09-29 16:15:01.757547
광진구,2,12.0,0,0,2026-09-29 16:15:01.757547
구로구,2,10.0,0,0,2026-09-29 16:15:01.757547
금천구,1,10.0,0,0,2026-09-29 16:15:01.757547
노원구,3,19.0,0,0,2026-09-29 16:15:01.757547
도봉구,1,15.0,0,0,2026-09-29 16:15:01.757547
동대문구,4,35.0,0,0,2026-09-29 16:15:01.757547
동작구,2,20.0,0,0,2026-09-29 16:15:01.757547
마포구,0,0.0,0,0,2026-09-29 16:15:01.757547
서대문구,2,9.0,1,0,2026-09-29 16:15:01.757547
서초구,2,3.0,1,0,2026-09-29 16:15:01.757547
성동구,1,8.0,0,0,2026-09-29 16:15:01.757547
성북구,1,18.0,0,0,2026-09-29 16:15:01.757547
송파구,2,3.0,1,0,2026-09-29 16:15:01.757547
양천구,3,28.0,0,0,2026-09-29 16:15:01.757547
영등포구,6,53.0,0,0,2026-09-29 16:15:01.757547
용산구,1,5.0,0,0,2026-09-29 16:15:01.757547
은평구,2,11.0,0,0,2026-09-29 16:15:01.757547
종로구,4,10.0,2,0,2026-09-29 16:15:01.757547
중구,1,10.0,0,0,2026-09-29 16:15:01.757547
중랑구,3,8.0,0,0,2026-09-29 16:15:01.757547
