ds,District,연도,월,전월_transport_cnt,전년동월_y,전년동월_transport_cnt,전월_total_pop,전월_내국인생활인구수,전월_장기체류외국인인구수,전월_단기체류외국인인구수,전월_일최대인구수,전월_일최소인구수,전월_day_pop,전월_night_pop,전월_일최대이동인구수,전월_서울외유입인구수,전월_동일자치구행정동간이동인구수,전월_자치구간이동인구수,전월_pop_diff,전년_건물사고,전년_교통사고,전년_기계사고,전년_기타/미상,전년_산악사고,전년_수난사고,전년_승강기사고,전년_안전조치,전년_위치추적,전년_인명갇힘,전년_자살추정,전년_잠금장치개방,전년_폭발사고,전년_화재,전년_총입원연인원,전년_서울내입원연인원,전년_서울외유출연인원,전년_유출률,전년_응급실입원연인원,전년_총처리연인원,전년_서울내환자연인원,전년_서울외유입연인원,전년_유입률,전년_응급실처리연인원
2026-01-01,강남구,2026,1,1441.0,2435.0,1113.0,873708.5489387097,831545.5137354839,19716.555093548388,22446.480093548387,1065608.3665,710358.8502387097,1022399.5140322581,767500.7167290323,611567.1637709677,195385.45057096775,132259.4877967742,283922.2254032258,254898.79730322582,0,38,0,49,13,53,321,26,88,102,83,8,0,37,905119.0,542607.0,362512.0,0.4005,89704.0,1848902.0,797318.0,1051584.0,0.5688,182554.0
2026-01-01,강동구,2026,1,1139.0,2083.0,1074.0,537743.7433483871,528065.7421129033,8567.8349,1110.1663516129033,576908.2633774194,493847.9711645161,504069.3342,561796.8927322581,243412.0477,49881.67950967742,151859.9158516129,41670.45233870968,-57727.55853225807,0,18,0,22,3,35,174,7,41,58,64,11,0,15,862257.0,584536.0,277721.0,0.3221,92119.0,1341076.0,809802.0,531274.0,0.3962,173544.0
2026-01-01,강북구,2026,1,1019.0,1987.0,1056.0,264415.8835677419,257210.9640516129,6303.110564516129,901.8089516129032,285700.0166935484,241885.29752580644,247211.54832903226,276704.69445161294,145854.17771612905,12964.938422580646,94720.68540645161,38168.55388709677,-29493.146122580645,0,7,0,41,142,0,96,0,58,25,29,23,0,9,823158.0,619442.0,203716.0,0.2475,78378.0,481554.0,407192.0,74362.0,0.1544,103.0
2026-01-01,강서구,2026,1,1261.0,2128.0,1186.0,548451.6938870967,531422.5949741935,9293.820822580645,7735.2780999999995,563225.6126741936,537683.0955064516,543459.433883871,552017.5939,252490.8062612903,76131.80885483872,104380.35198709679,71978.64541935484,-8558.160016129033,0,35,0,39,18,29,281,4,96,75,85,16,0,33,1279919.0,854214.0,425705.0,0.3326,146812.0,1146108.0,804313.0,341795.0,0.2982,149544.0
2026-01-01,관악구,2026,1,1098.0,2165.0,1088.0,473746.58880322584,451754.3248258065,19640.23468064516,2352.0293129032257,523378.1067967742,419342.9649193548,431640.5290806451,503822.3457580645,185751.01465806452,35985.284245161296,91083.21062903227,58682.51978387097,-72181.81667741935,0,25,0,313,200,0,210,10,267,162,69,69,0,137,1008244.0,725890.0,282354.0,0.28,127426.0,453674.0,364430.0,89244.0,0.1967,62426.0
2026-01-01,광진구,2026,1,798.0,1444.0,670.0,375456.38797419355,351925.1590290323,20773.869851612904,2757.3591064516127,390349.3630193548,357944.1794064516,364499.6848387097,383282.6044935484,166455.18686451612,35222.709145161294,69142.06342903226,62090.41429032258,-18782.91965483871,0,20,0,29,27,30,177,8,83,104,37,12,0,8,627209.0,464133.0,163076.0,0.26,75731.0,656827.0,480816.0,176011.0,0.268,101270.0
2026-01-01,구로구,2026,1,1270.0,2246.0,1208.0,409970.76262580644,375984.39079032256,30340.920038709675,3645.4518,422271.5843806452,398329.78987419355,405001.69523225806,413520.09647741937,197967.81212580646,63535.46406451613,72095.24207096774,62337.105990322576,-8518.401245161289,0,23,0,40,6,2,320,18,103,65,20,13,0,12,999424.0,674066.0,325358.0,0.3255,125108.0,1297693.0,941052.0,356641.0,0.2748,143278.0
2026-01-01,금천구,2026,1,643.0,1092.0,560.0,225393.80894193548,209022.45923870968,14912.65065483871,1458.6990451612903,244213.10888709678,210352.70191935482,237205.78211290322,216956.6852451613,131797.06168064516,49839.01813548387,38122.91626774194,43835.12727741936,20249.096867741933,0,43,0,15,19,2,214,6,63,51,30,4,0,23,635262.0,438461.0,196801.0,0.3098,79631.0,448187.0,361032.0,87155.0,0.1945,40976.0
2026-01-01,노원구,2026,1,1233.0,2175.0,1168.0,461338.70809032256,455376.29743870965,5188.205119354839,774.2055516129033,492132.1237967742,428883.4058387097,436154.0111225806,479327.77736129035,172382.21583225805,34409.8023967742,91034.13983548387,46938.2736,-43173.76623870967,0,17,0,31,110,1,143,7,108,53,24,17,0,8,1143619.0,788325.0,355294.0,0.3107,123299.0,803696.0,605344.0,198352.0,0.2468,117326.0
2026-01-01,도봉구,2026,1,820.0,1521.0,831.0,255983.21821612903,252556.1508,3050.9233806451616,376.14402903225806,276484.7435129032,232194.88820967742,238148.90640322582,268722.0123741936,100596.75313548387,17445.985477419355,51058.68725161291,32092.080406451612,-30573.105970967747,0,3,0,32,123,2,91,3,41,31,9,19,0,8,747224.0,555912.0,191312.0,0.256,85213.0,676952.0,565437.0,111515.0,0.1647,74370.0
2026-01-01,동대문구,2026,1,1027.0,1830.0,944.0,373444.01745161286,348533.9497064516,21715.99166451613,3194.0760870967742,384865.6043387097,359259.8921258064,367277.9324,377848.36392903223,175953.4130451613,30988.470358064515,74250.74363225806,70714.19905483871,-10570.431529032261,0,20,0,53,5,1,184,12,110,98,29,21,0,19,839482.0,643806.0,195676.0,0.2331,98627.0,1318540.0,1052636.0,265904.0,0.2017,147729.0
2026-01-01,동작구,2026,1,766.0,1300.0,676.0,378721.6103774194,364124.6138548387,12937.958522580644,1659.0380032258063,404123.3789806452,347440.0697935484,355766.0593451613,395118.4325354839,156901.11662903227,33204.71834516129,61094.69545483871,62601.702829032256,-39352.37319032258,0,20,0,50,3,57,201,11,89,80,92,14,0,36,754150.0,544026.0,210124.0,0.2786,92802.0,529405.0,406737.0,122668.0,0.2317,124230.0
2026-01-01,마포구,2026,1,1169.0,2192.0,1078.0,473821.89382580644,436900.7611967742,18094.136812903227,18826.99583548387,519109.6742032258,434839.4333870968,498507.9056419355,456189.0282580645,264996.1281645161,76016.66366129032,68512.53712258064,120466.92738064517,42318.87738387097,0,10,0,29,2,188,154,6,99,77,469,18,0,9,693927.0,454098.0,239829.0,0.3456,78775.0,189080.0,142546.0,46534.0,0.2461,0.0
2026-01-01,서대문구,2026,1,861.0,1534.0,820.0,392930.0616580645,358106.12520645163,20976.567158064518,13847.36929032258,418928.12493548385,374847.94992903224,408041.54744193546,382136.1432548387,203793.16667419355,48593.11361290323,52787.9806516129,102412.07240967742,25905.404187096774,0,28,0,34,27,2,120,6,47,100,20,6,0,15,677376.0,466551.0,210825.0,0.3112,80258.0,1004422.0,539162.0,465260.0,0.4632,159247.0
2026-01-01,서초구,2026,1,1118.0,2194.0,911.0,603994.2149645161,581963.465983871,14161.48501935484,7869.263974193548,718903.9865870967,494586.13833548385,695803.7391064516,538415.9834516129,408173.2060064516,140131.54554193548,76906.43456774193,191135.22589677418,157387.75565483872,0,29,0,53,20,74,206,10,56,64,145,8,0,30,657452.0,423749.0,233703.0,0.3555,68058.0,918978.0,461362.0,457616.0,0.498,107349.0
2026-01-01,성동구,2026,1,636.0,1159.0,563.0,362091.168583871,341733.84435161285,14193.654119354838,6163.670112903226,393493.2352096774,338310.51675483875,382440.44601935486,347555.9704064516,204783.4007,47682.85807096774,54106.20981612903,102994.33281290323,34884.475612903225,0,32,0,26,1,27,156,4,60,64,26,21,0,18,593015.0,435070.0,157945.0,0.2663,66754.0,444606.0,323252.0,121354.0,0.2729,82722.0
2026-01-01,성북구,2026,1,1022.0,1743.0,919.0,432962.32052580646,415886.20647419355,14750.810500000001,2325.3035677419357,461932.89016129036,398695.79445483873,407408.44841612905,451215.0863193549,160984.17376129032,24716.042841935487,72242.18196129033,64025.94895806451,-43806.63790322581,0,19,0,29,24,0,165,2,68,77,13,18,0,8,917806.0,704197.0,213609.0,0.2327,94203.0,940508.0,752594.0,187914.0,0.1998,83294.0
2026-01-01,송파구,2026,1,1266.0,2271.0,1069.0,755966.3863645161,737353.4865258065,12919.866009677418,5693.033841935484,790846.5293225807,734652.7393193548,770083.6646451612,745882.6161870967,379156.0071548387,122064.8099516129,141994.8454032258,115096.35179999999,24201.04845806452,0,34,0,51,2,114,307,7,124,96,80,19,0,33,1073855.0,712070.0,361785.0,0.3369,106713.0,1518379.0,666248.0,852131.0,0.5612,181300.0
2026-01-01,양천구,2026,1,1212.0,1926.0,1074.0,363240.2017516129,357072.2669064516,4821.427719354839,1346.507141935484,388333.51189032255,331969.2653870968,341079.0923870968,379069.565583871,147199.69449354836,25977.050232258065,67855.4988516129,53367.14540967742,-37990.4731967742,0,27,0,9,0,0,246,13,28,21,9,21,0,19,886194.0,616283.0,269911.0,0.3046,116161.0,744100.0,533157.0,210943.0,0.2835,137453.0
2026-01-01,영등포구,2026,1,1099.0,2181.0,1006.0,519313.8142032258,475165.7746548387,35680.32174516129,8467.717803225807,589045.2357290322,458824.2183870968,572858.1096096775,481067.8889129032,345923.4499451613,96443.35783225807,92467.64707419355,157012.44503870967,91790.2206967742,0,58,0,48,0,99,388,23,131,120,192,33,0,11,903918.0,684001.0,219917.0,0.2433,105486.0,1433175.0,1083094.0,350081.0,0.2443,171296.0
2026-01-01,용산구,2026,1,630.0,1206.0,502.0,295530.3191387097,272867.7079548387,13779.966406451613,8882.644780645162,336078.5792290323,256523.78018709677,324505.3257580645,274833.88584516133,185540.14882258064,59701.36935483871,36979.24657096774,88859.5328967742,49671.439912903224,0,27,0,42,0,58,129,9,46,48,117,24,0,4,505109.0,310847.0,194262.0,0.3846,54247.0,222004.0,142268.0,79736.0,0.3592,65462.0
2026-01-01,은평구,2026,1,1070.0,1866.0,998.0,419391.1950967742,412685.12564838707,5503.178264516128,1202.8912,464387.7915516129,368945.9179451613,380818.44821612904,446943.1571741936,142716.3102580645,30034.358122580645,80748.48361935483,31933.468516129033,-66124.70895806453,0,20,0,46,111,9,183,10,121,83,32,39,0,84,1106800.0,698473.0,408327.0,0.3689,132152.0,871672.0,642130.0,229542.0,0.2633,144774.0
2026-01-01,종로구,2026,1,671.0,1244.0,562.0,309070.5706193548,277198.7586967742,15555.651335483872,16316.160603225806,414935.2684032258,224892.91987419353,385241.9944483871,254662.41076451613,247839.9317483871,73318.68952258065,25700.55434516129,148820.6878806452,130579.58368387098,0,30,0,49,81,0,103,5,29,70,17,19,0,7,340996.0,237684.0,103312.0,0.303,38064.0,964822.0,561443.0,403379.0,0.4181,197816.0
2026-01-01,중구,2026,1,763.0,1374.0,635.0,325953.9832935484,263349.17293225805,17784.685958064518,44820.1244,452997.17268709675,216884.32686451613,423013.7695806452,256625.56452580646,286732.50727096776,87144.0855548387,23314.293341935485,176274.12837419356,166388.2050548387,0,23,0,45,3,0,115,4,32,60,19,11,0,5,337701.0,225335.0,112366.0,0.3327,35441.0,133003.0,100486.0,32517.0,0.2445,31361.0
2026-01-01,중랑구,2026,1,970.0,1774.0,862.0,334365.3754774194,327998.2978064516,5832.409729032258,534.6679580645161,365527.5102677419,298217.9198870968,307354.3508548387,353658.9645258064,126959.24133225807,23428.481112903224,71970.80223225807,31559.957987096772,-46304.613670967745,0,16,0,36,20,1,109,6,65,42,13,9,0,7,1008537.0,709276.0,299261.0,0.2967,129922.0,762508.0,569201.0,193307.0,0.2535,133360.0
2026-02-01,강남구,2026,2,,2200.0,1004.0,880385.8225903226,842347.9772903225,20197.07350967742,17840.771796774196,1080946.9811612903,711657.4935548387,1036103.3732354839,769159.0007032258,626336.6422903226,198890.02813225807,136061.61970322582,291384.9944548387,266944.37253225804,0,38,0,49,13,53,321,26,88,102,83,8,0,37,905119.0,542607.0,362512.0,0.4005,89704.0,1848902.0,797318.0,1051584.0,0.5688,182554.0
2026-02-01,강동구,2026,2,,1745.0,936.0,542976.5902709677,532870.3381,9009.424193548388,1096.8279870967742,580384.0523612903,500226.5232741936,510164.4325322581,566413.8457935484,245235.48551935484,49698.320909677415,154585.12348387096,40952.041125806456,-56249.41326129032,0,18,0,22,3,35,174,7,41,58,64,11,0,15,862257.0,584536.0,277721.0,0.3221,92119.0,1341076.0,809802.0,531274.0,0.3962,173544.0
2026-02-01,강북구,2026,2,,1657.0,862.0,263169.9872806452,256591.29372903227,5846.010358064516,732.6832096774193,283705.2653129032,240782.81442580646,246169.64472258065,275313.0891322581,144425.7341064516,12878.041548387097,95523.21836451613,36024.47419354838,-29143.444409677424,0,7,0,41,142,0,96,0,58,25,29,23,0,9,823158.0,619442.0,203716.0,0.2475,78378.0,481554.0,407192.0,74362.0,0.1544,103.0
2026-02-01,강서구,2026,2,,1865.0,975.0,554493.4375645161,537423.5838903226,9675.635177419355,7394.218493548387,568427.5578741936,544545.5169354838,551171.7699967742,556866.0572516129,253775.3520967742,76958.22003870968,104503.34660645161,72313.7854516129,-5694.287254838701,0,35,0,39,18,29,281,4,96,75,85,16,0,33,1279919.0,854214.0,425705.0,0.3326,146812.0,1146108.0,804313.0,341795.0,0.2982,149544.0
2026-02-01,관악구,2026,2,,1856.0,895.0,475102.6064774193,452853.69674193545,20055.3316483871,2193.5780806451617,523465.7664580645,420887.14828387095,433137.3128935484,505077.8162064516,185191.3846032258,36934.742219354834,91060.42927741936,57196.213106451614,-71940.50331290324,0,25,0,313,200,0,210,10,267,162,69,69,0,137,1008244.0,725890.0,282354.0,0.28,127426.0,453674.0,364430.0,89244.0,0.1967,62426.0
2026-02-01,광진구,2026,2,,1174.0,599.0,365797.8994354839,345043.2372354839,18277.36178387097,2477.3004258064516,381802.52318387094,345906.5416451613,352821.3409096774,375066.8698129032,160155.2062516129,33883.92403870967,67976.96060322582,58294.32160967742,-22245.528903225804,0,20,0,29,27,30,177,8,83,104,37,12,0,8,627209.0,464133.0,163076.0,0.26,75731.0,656827.0,480816.0,176011.0,0.268,101270.0
2026-02-01,구로구,2026,2,,1899.0,1026.0,412911.0766290322,377072.026316129,32486.891403225807,3352.1589032258066,423372.0240322581,401542.20412258065,407550.8703548387,416739.79540967743,196144.12393225808,62788.63954516129,72289.83746774195,61065.64691935483,-9188.925054838706,0,23,0,40,6,2,320,18,103,65,20,13,0,12,999424.0,674066.0,325358.0,0.3255,125108.0,1297693.0,941052.0,356641.0,0.2748,143278.0
2026-02-01,금천구,2026,2,,984.0,532.0,227227.35634838708,209705.75837419357,16049.483558064516,1472.114393548387,246095.7338096774,212245.7645096774,239578.14907741937,218405.36153225804,131682.94288709678,49804.21012258065,38105.49307419355,43773.23969032258,21172.787545161293,0,43,0,15,19,2,214,6,63,51,30,4,0,23,635262.0,438461.0,196801.0,0.3098,79631.0,448187.0,361032.0,87155.0,0.1945,40976.0
2026-02-01,노원구,2026,2,,1821.0,960.0,458401.64534193545,452605.41751612903,5057.739535483871,738.4882935483871,489338.5285419355,424517.31680322584,432208.6572516129,477110.9225612903,168530.84105483873,33341.922648387095,91057.32624516128,44131.592161290326,-44902.26530967742,0,17,0,31,110,1,143,7,108,53,24,17,0,8,1143619.0,788325.0,355294.0,0.3107,123299.0,803696.0,605344.0,198352.0,0.2468,117326.0
2026-02-01,도봉구,2026,2,,1207.0,647.0,257569.0891967742,254134.1009,3074.6026870967744,360.3856258064516,277343.0331419355,234226.70756451614,240201.9887483871,269974.1609580645,99908.27366451612,17181.091022580644,51449.541406451615,31277.641235483872,-29772.172209677417,0,3,0,32,123,2,91,3,41,31,9,19,0,8,747224.0,555912.0,191312.0,0.256,85213.0,676952.0,565437.0,111515.0,0.1647,74370.0
2026-02-01,동대문구,2026,2,,1491.0,736.0,358980.3985677419,339006.83931290323,17045.423558064515,2928.1356935483873,371876.8574548387,344056.41568709677,350389.70534193545,365116.6080064516,168291.57898064516,29926.197561290322,72489.1516516129,65876.22976774194,-14726.902664516123,0,20,0,53,5,1,184,12,110,98,29,21,0,19,839482.0,643806.0,195676.0,0.2331,98627.0,1318540.0,1052636.0,265904.0,0.2017,147729.0
2026-02-01,동작구,2026,2,,1189.0,561.0,374508.5164096774,361108.49835483875,12055.34344516129,1344.6746064516128,400088.0657806452,342112.04648064513,351143.99844516127,391197.4578064516,153677.57699032256,32597.782783870967,60916.82170322581,60162.97250322581,-40053.45936129032,0,20,0,50,3,57,201,11,89,80,92,14,0,36,754150.0,544026.0,210124.0,0.2786,92802.0,529405.0,406737.0,122668.0,0.2317,124230.0
2026-02-01,마포구,2026,2,,2008.0,987.0,465072.58385806455,432220.6531451613,16582.02859032258,16269.902132258065,507935.6840451613,428221.1489806452,489346.74641612906,447733.89632258064,260515.65572580643,75355.18573225806,68939.39680967743,116221.07318387096,41612.85009354839,0,10,0,29,2,188,154,6,99,77,469,18,0,9,693927.0,454098.0,239829.0,0.3456,78775.0,189080.0,142546.0,46534.0,0.2461,0.0
2026-02-01,서대문구,2026,2,,1340.0,682.0,380401.32923548383,349626.26148387097,17652.03750322581,13123.03024516129,404055.7051,363701.6210032258,393593.7161419355,370978.19572580646,196287.8636548387,47707.27114193548,51546.71877741935,97033.87373548387,22615.520416129035,0,28,0,34,27,2,120,6,47,100,20,6,0,15,677376.0,466551.0,210825.0,0.3112,80258.0,1004422.0,539162.0,465260.0,0.4632,159247.0
2026-02-01,서초구,2026,2,,1919.0,860.0,603861.8769516129,582920.9965290322,14746.007048387097,6194.873374193548,721584.1288580644,495547.57333548384,696915.7317774193,537394.8377870967,411909.7723419355,141857.54530967743,78337.66171612903,191714.56531612904,159520.8939903226,0,29,0,53,20,74,206,10,56,64,145,8,0,30,657452.0,423749.0,233703.0,0.3555,68058.0,918978.0,461362.0,457616.0,0.498,107349.0
2026-02-01,성동구,2026,2,,1014.0,495.0,355489.0157,337912.0095774194,12703.827222580647,4873.178896774193,380254.5536709677,335143.3729903226,372424.6447290323,343392.137816129,196341.47536774192,44699.766870967745,53721.30934516129,97920.3991516129,29032.506912903224,0,32,0,26,1,27,156,4,60,64,26,21,0,18,593015.0,435070.0,157945.0,0.2663,66754.0,444606.0,323252.0,121354.0,0.2729,82722.0
2026-02-01,성북구,2026,2,,1504.0,815.0,421117.30625483877,407058.6391419355,12158.490787096775,1900.1763483870968,450152.5638935484,384806.855283871,394487.77652580646,440138.3989354839,152310.74397741933,22960.360477419355,71322.03666451613,58028.34683548387,-45650.62240967742,0,19,0,29,24,0,165,2,68,77,13,18,0,8,917806.0,704197.0,213609.0,0.2327,94203.0,940508.0,752594.0,187914.0,0.1998,83294.0
2026-02-01,송파구,2026,2,,2155.0,940.0,758133.7780129032,739243.2087225807,13499.267161290323,5391.302119354838,785035.9654096774,739030.6560322581,771969.0303451612,748251.4549032259,372650.1877903226,119472.69707096774,141120.8890032258,112056.60171612904,23717.575441935474,0,34,0,51,2,114,307,7,124,96,80,19,0,33,1073855.0,712070.0,361785.0,0.3369,106713.0,1518379.0,666248.0,852131.0,0.5612,181300.0
2026-02-01,양천구,2026,2,,1592.0,861.0,367458.52485483873,361454.11964838713,5086.876941935484,917.528270967742,388857.7863,339330.7036709677,347881.64953870967,381442.00723225804,150891.19660000002,27021.334577419355,68757.17810967742,55112.68391290323,-33560.35769354839,0,27,0,9,0,0,246,13,28,21,9,21,0,19,886194.0,616283.0,269911.0,0.3046,116161.0,744100.0,533157.0,210943.0,0.2835,137453.0
2026-02-01,영등포구,2026,2,,1885.0,889.0,521183.6199064516,476284.2490516129,37578.84137096774,7320.529480645162,589923.7813677419,462151.6722419355,574102.3251774193,483384.5447,344103.2669483871,94656.26352258064,93511.1183967742,155935.88502903224,90717.78047741936,0,58,0,48,0,99,388,23,131,120,192,33,0,11,903918.0,684001.0,219917.0,0.2433,105486.0,1433175.0,1083094.0,350081.0,0.2443,171296.0
2026-02-01,용산구,2026,2,,1046.0,463.0,290975.6113258064,269072.4562903226,14175.002129032258,7728.152929032258,329927.56375483866,255398.3476483871,318526.8494741935,271296.15551290323,179853.83596129034,58266.499016129026,37056.08820322581,84531.24874193549,47230.69396129033,0,27,0,42,0,58,129,9,46,48,117,24,0,4,505109.0,310847.0,194262.0,0.3846,54247.0,222004.0,142268.0,79736.0,0.3592,65462.0
2026-02-01,은평구,2026,2,,1650.0,898.0,421947.0083580645,415306.18302903225,5651.314770967741,989.510564516129,464938.61756129033,372314.0129129032,384402.1766064516,448764.74533548387,141291.60531612902,29258.21627419355,80952.02339032257,31081.3656516129,-64362.56872903225,0,20,0,46,111,9,183,10,121,83,32,39,0,84,1106800.0,698473.0,408327.0,0.3689,132152.0,871672.0,642130.0,229542.0,0.2633,144774.0
2026-02-01,종로구,2026,2,,1138.0,484.0,292995.5849870968,264989.33528709674,13120.583277419353,14885.666438709677,394533.52500322583,217398.34866129034,364355.9889,242023.8679064516,236944.92187741937,70632.18241612903,24832.062348387095,141480.67711290324,122332.1209935484,0,30,0,49,81,0,103,5,29,70,17,19,0,7,340996.0,237684.0,103312.0,0.303,38064.0,964822.0,561443.0,403379.0,0.4181,197816.0
2026-02-01,중구,2026,2,,1271.0,581.0,313942.2187967742,252511.39575483868,16904.86141935484,44525.961622580646,434251.6159129032,213724.0400096774,405822.0992064516,248313.7327870968,273442.5236870968,82322.50588387097,23054.845193548386,168065.17260967742,157508.36641935483,0,23,0,45,3,0,115,4,32,60,19,11,0,5,337701.0,225335.0,112366.0,0.3327,35441.0,133003.0,100486.0,32517.0,0.2445,31361.0
2026-02-01,중랑구,2026,2,,1545.0,760.0,336293.7921064516,329924.66032258066,5816.42089032258,552.7108999999999,366145.242183871,300866.05822580645,309898.6500419355,355147.46500967746,125633.91450967742,22531.645987096777,72818.1209032258,30284.14761935484,-45248.81496774194,0,16,0,36,20,1,109,6,65,42,13,9,0,7,1008537.0,709276.0,299261.0,0.2967,129922.0,762508.0,569201.0,193307.0,0.2535,133360.0
2026-03-01,강남구,2026,3,,2445.0,1130.0,841721.5140142858,805859.6113321428,19502.939225000002,16358.963453571429,1022540.7916892858,687775.9312392857,979499.10095,743308.9519035714,582436.764975,181560.33080714286,131717.20729285714,269159.226875,236190.1490464286,0,38,0,49,13,53,321,26,88,102,83,8,0,37,905119.0,542607.0,362512.0,0.4005,89704.0,1848902.0,797318.0,1051584.0,0.5688,182554.0
2026-03-01,강동구,2026,3,,1964.0,1087.0,538022.98655,527652.7924642857,9150.924525,1219.2695857142858,576619.8188571428,494463.71216785716,505533.8264214286,561229.5295107143,241693.28077857144,48577.65589285714,152592.03384285714,40523.591042857144,-55695.70308928571,0,18,0,22,3,35,174,7,41,58,64,11,0,15,862257.0,584536.0,277721.0,0.3221,92119.0,1341076.0,809802.0,531274.0,0.3962,173544.0
2026-03-01,강북구,2026,3,,1839.0,947.0,263352.4778392857,256934.84974285713,5635.789814285715,781.8382821428571,282709.0374964286,242800.53242142856,247709.2775785714,274526.1923142857,145033.9477357143,14427.396424999999,93744.50827857143,36862.04303214286,-26816.91473571429,0,7,0,41,142,0,96,0,58,25,29,23,0,9,823158.0,619442.0,203716.0,0.2475,78378.0,481554.0,407192.0,74362.0,0.1544,103.0
2026-03-01,강서구,2026,3,,2056.0,1162.0,546163.3577571429,529638.6766785715,9832.225507142857,6692.455582142858,560685.2012785714,535292.9654928572,542770.0163392856,548587.1730642857,249748.61309642857,75613.74151071429,103195.29372142858,70939.57786428572,-5817.156724999992,0,35,0,39,18,29,281,4,96,75,85,16,0,33,1279919.0,854214.0,425705.0,0.3326,146812.0,1146108.0,804313.0,341795.0,0.2982,149544.0
2026-03-01,관악구,2026,3,,2020.0,983.0,466297.06583214283,444507.28728214285,19654.384557142857,2135.3939928571426,513496.58250714286,415091.97016785713,427634.0785821429,493913.4852928571,183082.52239285715,37708.223392857144,88469.07610357144,56905.22289642857,-66279.40671071429,0,25,0,313,200,0,210,10,267,162,69,69,0,137,1008244.0,725890.0,282354.0,0.28,127426.0,453674.0,364430.0,89244.0,0.1967,62426.0
2026-03-01,광진구,2026,3,,1265.0,663.0,358553.85376785713,338884.71803928574,17193.78998214286,2475.3457571428576,374637.6160392857,340261.0278357143,347474.192675,366467.8974,158610.23200357144,34905.24891071428,65951.74807142858,57753.23502142857,-18993.704725,0,20,0,29,27,30,177,8,83,104,37,12,0,8,627209.0,464133.0,163076.0,0.26,75731.0,656827.0,480816.0,176011.0,0.268,101270.0
2026-03-01,구로구,2026,3,,2062.0,1107.0,407760.03540714283,370230.74775,33673.97477857143,3855.312875,418319.5558785714,395204.61968214286,401331.0649357143,412352.1571857143,191148.69619642856,61329.390164285716,71310.64405,58508.661982142854,-11021.092249999996,0,23,0,40,6,2,320,18,103,65,20,13,0,12,999424.0,674066.0,325358.0,0.3255,125108.0,1297693.0,941052.0,356641.0,0.2748,143278.0
2026-03-01,금천구,2026,3,,1019.0,535.0,224238.62954999998,206042.80455357142,16480.000671428574,1715.8243464285715,241674.71126428572,210296.01304642856,235033.27418571428,216528.16910357142,127897.12008214286,48481.01922142857,37421.061507142855,41995.039353571425,18505.105082142854,0,43,0,15,19,2,214,6,63,51,30,4,0,23,635262.0,438461.0,196801.0,0.3098,79631.0,448187.0,361032.0,87155.0,0.1945,40976.0
2026-03-01,노원구,2026,3,,2011.0,1078.0,455371.2359035714,449745.7730785714,4929.802692857143,695.660125,485608.8119642857,422752.1723392857,430660.74848571426,473021.5840535714,167993.62554285716,35038.17512142857,88762.88935714286,44192.561064285714,-42360.835567857146,0,17,0,31,110,1,143,7,108,53,24,17,0,8,1143619.0,788325.0,355294.0,0.3107,123299.0,803696.0,605344.0,198352.0,0.2468,117326.0
2026-03-01,도봉구,2026,3,,1336.0,755.0,258653.59470357143,255172.55904285712,3092.8154464285717,388.2202071428572,277674.07775,236257.93396428574,242407.80156785715,270257.7326464286,101269.699175,18564.102889285714,51034.788067857146,31670.808217857142,-27849.931078571437,0,3,0,32,123,2,91,3,41,31,9,19,0,8,747224.0,555912.0,191312.0,0.256,85213.0,676952.0,565437.0,111515.0,0.1647,74370.0
2026-03-01,동대문구,2026,3,,1667.0,884.0,353681.9743107143,336035.69755000004,14907.487192857143,2738.789560714286,365514.98162142857,339859.2050035714,346657.7158178571,358699.30180357146,166403.75205714285,32270.71089642857,69752.30099642857,64380.740164285715,-12041.585985714293,0,20,0,53,5,1,184,12,110,98,29,21,0,19,839482.0,643806.0,195676.0,0.2331,98627.0,1318540.0,1052636.0,265904.0,0.2017,147729.0
2026-03-01,동작구,2026,3,,1212.0,612.0,366187.91815357143,353173.04778571427,11504.002878571428,1510.867492857143,391644.55273928575,335460.935025,344276.02745714283,381839.26863214286,150083.10529285713,32666.205732142855,58730.990639285716,58685.90892142857,-37563.24117500001,0,20,0,50,3,57,201,11,89,80,92,14,0,36,754150.0,544026.0,210124.0,0.2786,92802.0,529405.0,406737.0,122668.0,0.2317,124230.0
2026-03-01,마포구,2026,3,,2149.0,1033.0,454315.2126785714,423511.98548214283,15615.660996428573,15187.566214285715,498432.07328928576,417243.53002500004,478424.63009642856,437094.2002464286,255610.23711428573,76101.18575357144,66999.551225,112509.50013571429,41330.42985,0,10,0,29,2,188,154,6,99,77,469,18,0,9,693927.0,454098.0,239829.0,0.3456,78775.0,189080.0,142546.0,46534.0,0.2461,0.0
2026-03-01,서대문구,2026,3,,1446.0,722.0,368730.0242607143,340828.51866785716,15483.899339285714,12417.606257142857,392498.03964642854,352390.97201785713,380681.90181071433,360192.9688607143,189610.16091071427,47429.090514285715,49781.21892142857,92399.851475,20488.93294999999,0,28,0,34,27,2,120,6,47,100,20,6,0,15,677376.0,466551.0,210825.0,0.3112,80258.0,1004422.0,539162.0,465260.0,0.4632,159247.0
2026-03-01,서초구,2026,3,,2041.0,864.0,583713.5139607142,563908.1762392857,14280.06075,5525.276975,690740.3526607143,483416.012625,666709.5160678572,524430.6553107143,387780.7412392857,131370.25242142857,76375.08779285716,180035.401025,142278.86075714286,0,29,0,53,20,74,206,10,56,64,145,8,0,30,657452.0,423749.0,233703.0,0.3555,68058.0,918978.0,461362.0,457616.0,0.498,107349.0
2026-03-01,성동구,2026,3,,1106.0,543.0,348159.4839178571,331766.6985928571,11731.460253571428,4661.325078571428,374807.46791071433,326584.62664642854,365167.29529285716,336011.04722857143,193601.0003392857,46064.13863571429,52269.335575,95267.52612857144,29156.248064285708,0,32,0,26,1,27,156,4,60,64,26,21,0,18,593015.0,435070.0,157945.0,0.2663,66754.0,444606.0,323252.0,121354.0,0.2729,82722.0
2026-03-01,성북구,2026,3,,1652.0,848.0,414168.0156107143,401409.6055642857,10948.47487142857,1809.9351642857143,442996.67982857145,378592.88849285716,388651.06665357144,432394.4077214286,152009.26127857142,25660.791053571425,69505.31243571428,56843.15778928571,-43743.34106785715,0,19,0,29,24,0,165,2,68,77,13,18,0,8,917806.0,704197.0,213609.0,0.2327,94203.0,940508.0,752594.0,187914.0,0.1998,83294.0
2026-03-01,송파구,2026,3,,2344.0,1082.0,750861.6418214286,731780.2610607144,13660.935682142857,5420.445085714286,778073.70435,727388.7223785714,765191.3507821428,740626.1354250001,366001.23941428575,117356.53713571429,139004.399475,109640.30280357144,24565.215357142868,0,34,0,51,2,114,307,7,124,96,80,19,0,33,1073855.0,712070.0,361785.0,0.3369,106713.0,1518379.0,666248.0,852131.0,0.5612,181300.0
2026-03-01,양천구,2026,3,,1821.0,989.0,364093.2944142857,358044.6354642857,5203.120910714286,845.5380428571428,386561.0282607143,335712.34420000005,344629.0565142857,377996.3214964286,149682.94153214287,27232.702275,67889.38273214285,54560.856525,-33367.26498214286,0,27,0,9,0,0,246,13,28,21,9,21,0,19,886194.0,616283.0,269911.0,0.3046,116161.0,744100.0,533157.0,210943.0,0.2835,137453.0
2026-03-01,영등포구,2026,3,,2080.0,957.0,508845.37863928574,463314.2634142857,38278.495703571425,7252.619532142858,573175.3053071428,452859.8320821429,557649.9544785714,473984.9673214286,330969.17711785715,90936.02804642858,91363.93553571428,148669.21353571428,83664.98715714285,0,58,0,48,0,99,388,23,131,120,192,33,0,11,903918.0,684001.0,219917.0,0.2433,105486.0,1433175.0,1083094.0,350081.0,0.2443,171296.0
2026-03-01,용산구,2026,3,,1153.0,489.0,288010.5056392857,266033.10416785715,14353.441928571428,7623.9595607142855,328023.86209285713,252283.41871785716,315669.7206178572,268253.923525,178438.2515857143,58665.67500714286,36645.12958214286,83127.44699642857,47415.79709285714,0,27,0,42,0,58,129,9,46,48,117,24,0,4,505109.0,310847.0,194262.0,0.3846,54247.0,222004.0,142268.0,79736.0,0.3592,65462.0
2026-03-01,은평구,2026,3,,1761.0,963.0,420166.2585892857,413404.77457857144,5870.231932142858,891.2520999999999,462251.5008357143,372082.2657071428,384220.3645678572,445841.89719642856,142874.31299285713,30531.121232142854,80793.35650714286,31549.83525357143,-61621.53262857142,0,20,0,46,111,9,183,10,121,83,32,39,0,84,1106800.0,698473.0,408327.0,0.3689,132152.0,871672.0,642130.0,229542.0,0.2633,144774.0
2026-03-01,종로구,2026,3,,1374.0,611.0,286540.86691785714,259750.14967142857,12055.495492857142,14735.221767857143,393259.41005,211608.13687142855,358361.3672642857,235240.50952142855,235943.64216071428,73707.01484642857,24339.991146428572,137896.63616785716,123120.85774285714,0,30,0,49,81,0,103,5,29,70,17,19,0,7,340996.0,237684.0,103312.0,0.303,38064.0,964822.0,561443.0,403379.0,0.4181,197816.0
2026-03-01,중구,2026,3,,1397.0,636.0,300592.5603214285,242931.34957857145,16086.69905,41574.51170357143,418777.88246428577,205479.19739642856,388334.76137142855,237919.5595642857,262823.72383214283,80844.73557142857,22132.114664285713,159846.87359642857,150415.20180714288,0,23,0,45,3,0,115,4,32,60,19,11,0,5,337701.0,225335.0,112366.0,0.3327,35441.0,133003.0,100486.0,32517.0,0.2445,31361.0
2026-03-01,중랑구,2026,3,,1754.0,848.0,337157.3283142857,330641.7609642857,5944.382867857143,571.184475,365459.8593035714,303186.3093642857,312346.88530714286,354879.07332499995,127382.64455357143,24230.74525,72166.50268214286,30985.396621428572,-42532.188017857145,0,16,0,36,20,1,109,6,65,42,13,9,0,7,1008537.0,709276.0,299261.0,0.2967,129922.0,762508.0,569201.0,193307.0,0.2535,133360.0
2026-04-01,강남구,2026,4,,2468.0,1126.0,866135.8505225807,829083.1032387096,19242.233825806452,17810.513454838707,1052933.4528451613,707063.5336290323,1011641.3590193548,762203.3444419355,582000.4357290321,185388.88342580645,127206.22556129032,269405.32674193545,249438.01457741935,0,38,0,49,13,53,321,26,88,102,83,8,0,37,905119.0,542607.0,362512.0,0.4005,89704.0,1848902.0,797318.0,1051584.0,0.5688,182554.0
2026-04-01,강동구,2026,4,,1914.0,1036.0,539185.3264709677,529376.9256129032,8462.53294516129,1345.8679032258065,580030.3206129032,491761.3644935484,503156.1576129032,564920.4470774194,234081.1519,46698.317835483875,147019.91152903228,40362.92253548387,-61764.28946451612,0,18,0,22,3,35,174,7,41,58,64,11,0,15,862257.0,584536.0,277721.0,0.3221,92119.0,1341076.0,809802.0,531274.0,0.3962,173544.0
2026-04-01,강북구,2026,4,,1749.0,893.0,263870.0773451613,256481.97111612905,6350.3327,1037.7735225806452,286120.26866129035,240295.59980967743,245807.49971612904,276771.918516129,139203.8038967742,13666.436977419355,89446.42110645161,36090.94581290322,-30964.4188,0,7,0,41,142,0,96,0,58,25,29,23,0,9,823158.0,619442.0,203716.0,0.2475,78378.0,481554.0,407192.0,74362.0,0.1544,103.0
2026-04-01,강서구,2026,4,,1992.0,1139.0,548930.9865387096,532811.4917,9123.052841935483,6996.4420064516125,566209.7077129033,537233.0772677419,542491.7693419354,553530.4273967742,241162.12498064517,73491.67972258064,98676.11303870968,68994.33221935484,-11038.658054838708,0,35,0,39,18,29,281,4,96,75,85,16,0,33,1279919.0,854214.0,425705.0,0.3326,146812.0,1146108.0,804313.0,341795.0,0.2982,149544.0
2026-04-01,관악구,2026,4,,1965.0,974.0,484192.4790741935,462000.5972387097,19541.12104516129,2650.760780645161,531639.784616129,429546.1083096774,443165.6564419355,513497.35237419355,185695.0834967742,40868.81096451613,85315.75835483872,59510.51417741935,-70331.69593225807,0,25,0,313,200,0,210,10,267,162,69,69,0,137,1008244.0,725890.0,282354.0,0.28,127426.0,453674.0,364430.0,89244.0,0.1967,62426.0
2026-04-01,광진구,2026,4,,1336.0,704.0,383432.97673548386,359065.2569096774,20928.04859032258,3439.671229032258,399941.43733225804,367744.1710612903,374930.68231935485,389506.0441612903,165181.12616129033,40360.58427096774,63335.26448064516,61485.277409677416,-14575.361841935483,0,20,0,29,27,30,177,8,83,104,37,12,0,8,627209.0,464133.0,163076.0,0.26,75731.0,656827.0,480816.0,176011.0,0.268,101270.0
2026-04-01,구로구,2026,4,,2062.0,1087.0,408145.5059322581,375423.8410129032,29910.345587096774,2811.3193322580646,418616.8705451613,395753.86974838714,401849.7743,412642.4570967742,185068.2064967742,60334.621683870966,66366.96287741936,58366.62193548387,-10792.682796774201,0,23,0,40,6,2,320,18,103,65,20,13,0,12,999424.0,674066.0,325358.0,0.3255,125108.0,1297693.0,941052.0,356641.0,0.2748,143278.0
2026-04-01,금천구,2026,4,,1016.0,525.0,225101.41931612903,209179.38449032258,14630.206441935485,1291.828393548387,242776.53054516128,209835.5209064516,236499.6421580645,216959.83159032257,124579.71937419353,47587.98388064516,35418.198177419355,41573.53731612903,19539.810567741933,0,43,0,15,19,2,214,6,63,51,30,4,0,23,635262.0,438461.0,196801.0,0.3098,79631.0,448187.0,361032.0,87155.0,0.1945,40976.0
2026-04-01,노원구,2026,4,,1958.0,1031.0,466289.3636774194,460322.7984612903,5179.45103548387,787.1141741935485,493400.2351193548,436448.20978387096,443668.0614258065,482447.4367193548,175630.8847548387,40815.50283225806,86754.5003548387,48060.88156774193,-38779.37529354839,0,17,0,31,110,1,143,7,108,53,24,17,0,8,1143619.0,788325.0,355294.0,0.3107,123299.0,803696.0,605344.0,198352.0,0.2468,117326.0
2026-04-01,도봉구,2026,4,,1270.0,694.0,258546.50208387096,254893.59311290324,3157.731487096774,495.1774870967742,278398.12956451613,234137.13412580645,240839.22330645163,271194.55837096774,99226.52310645161,18838.534129032258,48503.09107419355,31884.897903225807,-30355.335064516126,0,3,0,32,123,2,91,3,41,31,9,19,0,8,747224.0,555912.0,191312.0,0.256,85213.0,676952.0,565437.0,111515.0,0.1647,74370.0
2026-04-01,동대문구,2026,4,,1667.0,858.0,387434.07069677423,361192.2218483871,21863.21526451613,4378.633577419355,398167.41288709675,373867.98746774194,381007.1511967742,392024.72747096774,172717.1389387097,39456.39929032258,65862.33325483871,67398.40639354839,-11017.576274193547,0,20,0,53,5,1,184,12,110,98,29,21,0,19,839482.0,643806.0,195676.0,0.2331,98627.0,1318540.0,1052636.0,265904.0,0.2017,147729.0
2026-04-01,동작구,2026,4,,1203.0,592.0,383292.297416129,368572.94410967745,13054.112083870968,1665.2412290322582,407614.12045161286,354883.5218,362028.2173419355,398480.9260354839,155326.67899354838,39263.43533870968,55436.61391290322,60626.62974193548,-36452.70869354839,0,20,0,50,3,57,201,11,89,80,92,14,0,36,754150.0,544026.0,210124.0,0.2786,92802.0,529405.0,406737.0,122668.0,0.2317,124230.0
2026-04-01,마포구,2026,4,,2287.0,1051.0,470342.6328419355,434849.3588451613,17818.635135483873,17674.638867741935,512519.83375483874,434171.27679677424,493472.3287193548,453821.4215064516,247384.98350967743,74023.69816451613,63503.35838064516,109857.92696451614,39650.90721290323,0,10,0,29,2,188,154,6,99,77,469,18,0,9,693927.0,454098.0,239829.0,0.3456,78775.0,189080.0,142546.0,46534.0,0.2461,0.0
2026-04-01,서대문구,2026,4,,1442.0,734.0,404844.70299677417,370106.75565161294,21472.519661290324,13265.42769032258,437024.57177741936,383216.41656451614,423537.4789709677,391492.72016774194,203897.96719999998,56602.54075806452,47144.59708709678,100150.82935483872,32044.758803225803,0,28,0,34,27,2,120,6,47,100,20,6,0,15,677376.0,466551.0,210825.0,0.3112,80258.0,1004422.0,539162.0,465260.0,0.4632,159247.0
2026-04-01,서초구,2026,4,,2012.0,881.0,605326.3811451612,585087.3514290323,14143.496222580647,6095.533490322581,717026.6787935484,502837.43700000003,693140.3985967742,542602.0829774193,391224.4281483871,134693.4520032258,74898.93489354839,181632.0412516129,150538.31561935486,0,29,0,53,20,74,206,10,56,64,145,8,0,30,657452.0,423749.0,233703.0,0.3555,68058.0,918978.0,461362.0,457616.0,0.498,107349.0
2026-04-01,성동구,2026,4,,1121.0,577.0,369857.36572903226,349554.5682322581,14161.27884516129,6141.518658064516,400950.14238064515,343371.8863741936,391271.3772967742,354561.6431774194,198529.4448387097,49806.36258387097,49623.135780645156,99099.94647419355,36709.734119354835,0,32,0,26,1,27,156,4,60,64,26,21,0,18,593015.0,435070.0,157945.0,0.2663,66754.0,444606.0,323252.0,121354.0,0.2729,82722.0
2026-04-01,성북구,2026,4,,1611.0,873.0,440435.7196419355,422756.4387903226,14981.007241935484,2698.273622580645,468309.55412580643,408107.4966419355,416747.97465161287,457355.5375064516,164602.61372258063,35165.7482483871,67306.03733548387,62130.82813870968,-40607.56285483872,0,19,0,29,24,0,165,2,68,77,13,18,0,8,917806.0,704197.0,213609.0,0.2327,94203.0,940508.0,752594.0,187914.0,0.1998,83294.0
2026-04-01,송파구,2026,4,,2319.0,1151.0,756509.8061806451,736552.8974548387,12896.72894516129,7060.179783870967,780619.4210935484,739878.6144548387,761457.2653870968,752975.9067483871,352666.7870419355,110727.13250967741,134661.32788709676,107278.3266451613,8481.358638709682,0,34,0,51,2,114,307,7,124,96,80,19,0,33,1073855.0,712070.0,361785.0,0.3369,106713.0,1518379.0,666248.0,852131.0,0.5612,181300.0
2026-04-01,양천구,2026,4,,1743.0,993.0,362824.6351387097,357228.81800967746,4782.282416129032,813.5347096774194,386128.1907516129,331217.62107096775,340756.4688548387,378587.61104838713,141135.46287741937,24488.844151612906,64908.185632258064,51738.43309354838,-37831.142193548396,0,27,0,9,0,0,246,13,28,21,9,21,0,19,886194.0,616283.0,269911.0,0.3046,116161.0,744100.0,533157.0,210943.0,0.2835,137453.0
2026-04-01,영등포구,2026,4,,2077.0,965.0,520115.4464516129,478167.6998935484,34674.156500000005,7273.590070967742,585193.1798032258,460580.11527741933,572123.3279354839,482966.9596935484,324557.5463064516,90954.18274193548,84876.49786451612,148726.8657,89156.36824193547,0,58,0,48,0,99,388,23,131,120,192,33,0,11,903918.0,684001.0,219917.0,0.2433,105486.0,1433175.0,1083094.0,350081.0,0.2443,171296.0
2026-04-01,용산구,2026,4,,1165.0,510.0,295602.10514193546,273356.0443225806,14187.325787096774,8058.735054838709,336075.79822903225,257261.88611612906,324309.8276967742,275096.58903548383,176669.39891935486,57849.889299999995,34761.304070967744,84058.2055483871,49213.23866129033,0,27,0,42,0,58,129,9,46,48,117,24,0,4,505109.0,310847.0,194262.0,0.3846,54247.0,222004.0,142268.0,79736.0,0.3592,65462.0
2026-04-01,은평구,2026,4,,1720.0,896.0,416888.69998064515,410144.6636806452,5613.296361290322,1130.7399419354838,461863.16033548384,364901.69290322583,377603.4189258065,444949.6150032258,136894.31616451612,28411.17233870968,77422.30575806453,31060.838067741937,-67346.19607741936,0,20,0,46,111,9,183,10,121,83,32,39,0,84,1106800.0,698473.0,408327.0,0.3689,132152.0,871672.0,642130.0,229542.0,0.2633,144774.0
2026-04-01,종로구,2026,4,,1390.0,601.0,313205.177816129,281950.90017419355,15724.948248387096,15529.329380645162,429591.2536225806,228363.99040645163,393354.5056580645,255955.65792580644,246271.0817516129,76228.82274193548,24232.234212903226,145810.0247967742,137398.84773225806,0,30,0,49,81,0,103,5,29,70,17,19,0,7,340996.0,237684.0,103312.0,0.303,38064.0,964822.0,561443.0,403379.0,0.4181,197816.0
2026-04-01,중구,2026,4,,1353.0,655.0,305636.66229354835,254644.61518387098,16904.43150967742,34087.61560967742,436545.1275032258,202188.71161612903,402447.63557741937,236485.9671096774,265080.9624193548,82517.16672258065,20594.566029032256,161969.22966774192,165961.66846774195,0,23,0,45,3,0,115,4,32,60,19,11,0,5,337701.0,225335.0,112366.0,0.3327,35441.0,133003.0,100486.0,32517.0,0.2445,31361.0
2026-04-01,중랑구,2026,4,,1729.0,878.0,334133.360883871,327741.7498806452,5829.365454838709,562.2455580645161,365610.8802387097,295449.3542709678,305844.4259645161,354339.7429709677,120921.45172903225,22784.356083870967,67976.10429032258,30160.99135483871,-48495.317006451616,0,16,0,36,20,1,109,6,65,42,13,9,0,7,1008537.0,709276.0,299261.0,0.2967,129922.0,762508.0,569201.0,193307.0,0.2535,133360.0
2026-05-01,강남구,2026,5,,2544.0,1241.0,869874.2021866667,830771.4894933333,19318.787056666668,19783.925626666667,1062624.3361933334,707208.17208,1020129.8824133334,762548.7163133334,635967.5063833334,201381.64563333333,136348.29986,298237.56089,257581.1661,0,38,0,49,13,53,321,26,88,102,83,8,0,37,905119.0,542607.0,362512.0,0.4005,89704.0,1848902.0,797318.0,1051584.0,0.5688,182554.0
2026-05-01,강동구,2026,5,,2035.0,1100.0,532822.8750233334,522996.9212033333,8343.021676666667,1482.9321433333332,576560.6391666667,481991.0887933333,494390.93942,560274.2576066667,250953.01981333332,50448.98642333333,156858.19005,43645.84334,-65883.31818666667,0,18,0,22,3,35,174,7,41,58,64,11,0,15,862257.0,584536.0,277721.0,0.3221,92119.0,1341076.0,809802.0,531274.0,0.3962,173544.0
2026-05-01,강북구,2026,5,,1829.0,986.0,260616.61903333335,253476.94254000002,6224.537606666667,915.1389,284294.8430466667,235867.68456666666,241551.60621666667,274234.48535,148418.8682666667,13576.29681,95344.34345333332,39498.22800333333,-32682.879133333336,0,7,0,41,142,0,96,0,58,25,29,23,0,9,823158.0,619442.0,203716.0,0.2475,78378.0,481554.0,407192.0,74362.0,0.1544,103.0
2026-05-01,강서구,2026,5,,2140.0,1225.0,546857.0607833334,529541.5065766667,9080.19457,8235.359626666666,566771.8570099999,531613.3889166667,538557.15085,552785.5678666667,261409.1152133333,78327.19298333333,107844.84754,75237.07469,-14228.41701666668,0,35,0,39,18,29,281,4,96,75,85,16,0,33,1279919.0,854214.0,425705.0,0.3326,146812.0,1146108.0,804313.0,341795.0,0.2982,149544.0
2026-05-01,관악구,2026,5,,2157.0,1113.0,479066.7440933333,457178.58743666665,19179.73125,2708.4254,530979.52891,420541.56947333337,434911.8733466667,510605.93748333334,199851.88506666667,38958.56368,96378.57856000001,64514.74282666667,-75694.06413666667,0,25,0,313,200,0,210,10,267,162,69,69,0,137,1008244.0,725890.0,282354.0,0.28,127426.0,453674.0,364430.0,89244.0,0.1967,62426.0
2026-05-01,광진구,2026,5,,1481.0,741.0,382882.69717,359175.54743333336,20908.58354,2798.566193333333,400833.96872666664,365920.79985,373783.30560333334,389382.2625666667,183669.01752333334,39911.81845666667,73714.23457666667,70042.96449,-15598.956963333332,0,20,0,29,27,30,177,8,83,104,37,12,0,8,627209.0,464133.0,163076.0,0.26,75731.0,656827.0,480816.0,176011.0,0.268,101270.0
2026-05-01,구로구,2026,5,,2139.0,1194.0,408761.51878333336,376207.7902666667,29444.93082,3108.7976866666663,420564.88376,394567.14181666664,401643.59334,413845.75123,205123.63667666668,66736.60291,73446.72216666667,64940.3116,-12202.157890000004,0,23,0,40,6,2,320,18,103,65,20,13,0,12,999424.0,674066.0,325358.0,0.3255,125108.0,1297693.0,941052.0,356641.0,0.2748,143278.0
2026-05-01,금천구,2026,5,,1056.0,569.0,225478.60271666668,209770.23461999997,14341.84089,1366.5272066666666,243770.22157333334,209399.4771833333,237091.47811666664,217183.69173333334,136258.08192666667,52377.44746,37935.1499,45945.484566666666,19907.786383333332,0,43,0,15,19,2,214,6,63,51,30,4,0,23,635262.0,438461.0,196801.0,0.3098,79631.0,448187.0,361032.0,87155.0,0.1945,40976.0
2026-05-01,노원구,2026,5,,2069.0,1169.0,461889.57268,456055.36982666666,5215.178413333333,619.0244566666667,491215.69336,430248.81971333333,437389.2393166667,479389.81078999996,187151.68122,38579.259040000004,94652.40421000001,53920.01797,-42000.57147333333,0,17,0,31,110,1,143,7,108,53,24,17,0,8,1143619.0,788325.0,355294.0,0.3107,123299.0,803696.0,605344.0,198352.0,0.2468,117326.0
2026-05-01,도봉구,2026,5,,1307.0,755.0,254992.51386333336,251509.51016333333,3097.5966533333335,385.40705333333335,276175.5485833333,229375.14002666666,236125.97602666667,268468.61232,105874.17887333334,19186.20537666667,52093.47529333333,34594.498203333336,-32342.636293333333,0,3,0,32,123,2,91,3,41,31,9,19,0,8,747224.0,555912.0,191312.0,0.256,85213.0,676952.0,565437.0,111515.0,0.1647,74370.0
2026-05-01,동대문구,2026,5,,1775.0,908.0,384808.63888333336,359592.48933333333,22104.173083333335,3111.97647,397810.5194233333,369278.11242333334,376404.87557000003,390811.32697,187710.29656333334,33932.64695666667,78174.43761333333,75603.21199333335,-14406.451399999998,0,20,0,53,5,1,184,12,110,98,29,21,0,19,839482.0,643806.0,195676.0,0.2331,98627.0,1318540.0,1052636.0,265904.0,0.2017,147729.0
2026-05-01,동작구,2026,5,,1267.0,620.0,380210.9389633333,365793.03012333333,13041.03401,1376.87484,405606.2612633333,350457.8207033333,357606.17161666666,396357.20134333335,168352.76158333334,36933.74747333334,63522.048870000006,67896.96524,-38751.029726666675,0,20,0,50,3,57,201,11,89,80,92,14,0,36,754150.0,544026.0,210124.0,0.2786,92802.0,529405.0,406737.0,122668.0,0.2317,124230.0
2026-05-01,마포구,2026,5,,2392.0,1088.0,471361.94306666666,434994.37619000004,18161.1946,18206.372290000003,514829.8004633334,433116.75099,496178.48546,453635.84136666666,276895.74089666666,78425.57733,71172.07189666666,127298.09167,42542.64409333335,0,10,0,29,2,188,154,6,99,77,469,18,0,9,693927.0,454098.0,239829.0,0.3456,78775.0,189080.0,142546.0,46534.0,0.2461,0.0
2026-05-01,서대문구,2026,5,,1482.0,767.0,405680.6653333333,371203.4986,21839.902416666668,12637.26433,439198.4605166667,383371.0911,425392.25231666665,391600.96037000004,225638.21571666666,54736.57753,56337.12129,114564.51689666667,33791.291946666664,0,28,0,34,27,2,120,6,47,100,20,6,0,15,677376.0,466551.0,210825.0,0.3112,80258.0,1004422.0,539162.0,465260.0,0.4632,159247.0
2026-05-01,서초구,2026,5,,2229.0,951.0,612080.6516900001,590642.3423866667,14274.10101,7164.2083,726892.1539866666,504573.17686,703117.8022966667,547054.1155633334,431555.1223433333,147728.00805666667,81961.29243,201865.82185666668,156063.68673333334,0,29,0,53,20,74,206,10,56,64,145,8,0,30,657452.0,423749.0,233703.0,0.3555,68058.0,918978.0,461362.0,457616.0,0.498,107349.0
2026-05-01,성동구,2026,5,,1257.0,586.0,371035.42970333336,350331.68604666664,14538.111666666666,6165.63199,404074.5511733333,343029.75018333335,393449.29769000004,355025.52401,222892.33937333332,51350.11670333333,57058.44011333333,114483.78255666667,38423.77368,0,32,0,26,1,27,156,4,60,64,26,21,0,18,593015.0,435070.0,157945.0,0.2663,66754.0,444606.0,323252.0,121354.0,0.2729,82722.0
2026-05-01,성북구,2026,5,,1684.0,900.0,436799.1323266666,420032.2669733333,15101.608973333332,1665.2563833333334,466229.46664,402849.33708666667,411514.4415933333,454859.62572,178462.6262133333,28649.787396666667,77011.86106,72800.97775666667,-43345.18412666666,0,19,0,29,24,0,165,2,68,77,13,18,0,8,917806.0,704197.0,213609.0,0.2327,94203.0,940508.0,752594.0,187914.0,0.1998,83294.0
2026-05-01,송파구,2026,5,,2538.0,1197.0,761769.3958866667,741485.4456666667,12812.689353333333,7471.260886666667,801188.3634966667,741140.6497933333,768510.6677766667,756954.20169,393702.6220233334,125590.00472333333,148281.86409333334,119830.75320666666,11556.466086666658,0,34,0,51,2,114,307,7,124,96,80,19,0,33,1073855.0,712070.0,361785.0,0.3369,106713.0,1518379.0,666248.0,852131.0,0.5612,181300.0
2026-05-01,양천구,2026,5,,1886.0,1089.0,357519.72473,352121.55234666663,4614.232633333333,783.93975,381941.2646333333,324377.35205,334626.6612333333,373871.9129533333,153405.57983333332,26636.093960000002,70150.94546333334,56618.54041,-39245.25172000001,0,27,0,9,0,0,246,13,28,21,9,21,0,19,886194.0,616283.0,269911.0,0.3046,116161.0,744100.0,533157.0,210943.0,0.2835,137453.0
2026-05-01,영등포구,2026,5,,2181.0,1022.0,526587.06881,483648.57063,34449.869823333334,8488.628363333333,596837.5754099999,462437.7978666667,581703.5092699999,487218.18277333333,363074.15467333334,102427.85027000001,93953.93516333333,166692.36924,94485.32649666668,0,58,0,48,0,99,388,23,131,120,192,33,0,11,903918.0,684001.0,219917.0,0.2433,105486.0,1433175.0,1083094.0,350081.0,0.2443,171296.0
2026-05-01,용산구,2026,5,,1332.0,563.0,296996.41648666665,273749.93854,14001.787196666666,9244.69075,338711.86009,256567.73428,326771.5177733333,275728.48699,194616.52621666668,61804.32127666667,38744.40939,94067.79555,51043.030783333335,0,27,0,42,0,58,129,9,46,48,117,24,0,4,505109.0,310847.0,194262.0,0.3846,54247.0,222004.0,142268.0,79736.0,0.3592,65462.0
2026-05-01,은평구,2026,5,,1760.0,944.0,411847.82915,404940.1577433333,5530.418000000001,1377.2534133333331,459241.8631733333,357680.08645666664,370848.22407000005,441133.26137,148275.88645333334,30508.799346666667,84188.72113666666,33578.36597,-70285.0373,0,20,0,46,111,9,183,10,121,83,32,39,0,84,1106800.0,698473.0,408327.0,0.3689,132152.0,871672.0,642130.0,229542.0,0.2633,144774.0
2026-05-01,종로구,2026,5,,1476.0,639.0,321162.4721333334,288031.0685166667,15947.411456666667,17183.992166666667,440436.63449,231838.72750333333,404899.4155566667,261350.3697,270985.6064,80256.89856666667,27835.320936666667,162893.38689666666,143549.04585666666,0,30,0,49,81,0,103,5,29,70,17,19,0,7,340996.0,237684.0,103312.0,0.303,38064.0,964822.0,561443.0,403379.0,0.4181,197816.0
2026-05-01,중구,2026,5,,1475.0,707.0,313914.9824066667,260184.31227666666,17026.673393333334,36703.99673333333,450635.44484333333,205509.45961666666,415045.88909333333,241678.62049,295259.98776999995,89174.37505,23782.077083333334,182303.53563666667,173367.26860333333,0,23,0,45,3,0,115,4,32,60,19,11,0,5,337701.0,225335.0,112366.0,0.3327,35441.0,133003.0,100486.0,32517.0,0.2445,31361.0
2026-05-01,중랑구,2026,5,,1754.0,936.0,329244.05957,322971.3387933333,5707.303796666666,565.41698,363326.92097333336,288062.77886666666,298874.78454,350936.39889333333,129187.00992000001,23722.021553333332,72532.55692999999,32932.431436666666,-52061.61435333334,0,16,0,36,20,1,109,6,65,42,13,9,0,7,1008537.0,709276.0,299261.0,0.2967,129922.0,762508.0,569201.0,193307.0,0.2535,133360.0
2026-06-01,강남구,2026,6,,2661.0,1211.0,834229.7985580645,795855.2041419356,18563.24432903226,19811.350093548386,997116.5530903225,693799.5882870968,960531.3994451613,744014.3693451614,572108.4203,179291.30051935485,129589.88239354838,263227.2373870968,216517.0301,0,38,0,49,13,53,321,26,88,102,83,8,0,37,905119.0,542607.0,362512.0,0.4005,89704.0,1848902.0,797318.0,1051584.0,0.5688,182554.0
2026-06-01,강동구,2026,6,,2076.0,1105.0,527584.2699354839,518239.0860709677,8230.123574193549,1115.0602999999999,569673.134383871,479870.28489032254,491922.6781612903,553056.8355064515,242528.2322483871,49487.0025516129,151166.5822096774,41874.64748709677,-61134.15734516129,0,18,0,22,3,35,174,7,41,58,64,11,0,15,862257.0,584536.0,277721.0,0.3221,92119.0,1341076.0,809802.0,531274.0,0.3962,173544.0
2026-06-01,강북구,2026,6,,1859.0,998.0,260143.73458387094,253044.22826129032,6295.345616129032,804.1607096774194,282360.1272548387,237059.5963,242627.9704419355,272654.9946741935,145473.07335161293,14139.038467741935,93110.26529032258,38223.76959354839,-30027.024232258067,0,7,0,41,142,0,96,0,58,25,29,23,0,9,823158.0,619442.0,203716.0,0.2475,78378.0,481554.0,407192.0,74362.0,0.1544,103.0
2026-06-01,강서구,2026,6,,2163.0,1247.0,540677.1159451613,524470.8132258065,9050.466825806452,7155.835893548387,559941.4823741936,525158.9381612904,531743.4907161291,547058.2767967741,252656.94431290322,74292.87899032257,107264.46271935484,71099.60260322581,-15314.786080645163,0,35,0,39,18,29,281,4,96,75,85,16,0,33,1279919.0,854214.0,425705.0,0.3326,146812.0,1146108.0,804313.0,341795.0,0.2982,149544.0
2026-06-01,관악구,2026,6,,2113.0,1036.0,478330.1485967742,456446.3997387097,19406.363890322584,2477.3849774193545,528450.7145064516,424794.1090354839,438382.41541935486,506864.2437258065,196726.2567483871,39199.72285806452,94640.70165483872,62885.832235483875,-68481.82830645161,0,25,0,313,200,0,210,10,267,162,69,69,0,137,1008244.0,725890.0,282354.0,0.28,127426.0,453674.0,364430.0,89244.0,0.1967,62426.0
2026-06-01,광진구,2026,6,,1484.0,796.0,379086.85957741935,355681.50768064515,20870.38364516129,2534.9682580645162,396058.65068387095,362783.5648451613,370986.98916129034,384872.4813032258,176139.23467419355,39377.22367741935,70304.50200645161,66457.50899032259,-13885.492141935483,0,20,0,29,27,30,177,8,83,104,37,12,0,8,627209.0,464133.0,163076.0,0.26,75731.0,656827.0,480816.0,176011.0,0.268,101270.0
2026-06-01,구로구,2026,6,,2065.0,1128.0,402471.62348709675,369667.8888096774,30062.116416129033,2741.6182741935486,415907.3987870967,386129.62966451613,393768.46561935486,408688.16484516126,193099.73011612904,62178.302883870965,71313.7956516129,59607.63158064516,-14919.699225806446,0,23,0,40,6,2,320,18,103,65,20,13,0,12,999424.0,674066.0,325358.0,0.3255,125108.0,1297693.0,941052.0,356641.0,0.2748,143278.0
2026-06-01,금천구,2026,6,,1034.0,551.0,216364.93515806453,200632.9555096774,14503.922796774194,1228.0568612903226,231849.00982580645,202386.3869,223883.4296451613,210994.58195806452,121497.45752258065,45375.057712903224,35999.06656774194,40123.333241935485,12888.847687096775,0,43,0,15,19,2,214,6,63,51,30,4,0,23,635262.0,438461.0,196801.0,0.3098,79631.0,448187.0,361032.0,87155.0,0.1945,40976.0
2026-06-01,노원구,2026,6,,2079.0,1127.0,456194.34506129037,450550.68310322583,5113.043216129033,530.6187516129032,485623.9651032258,425334.83203225804,432827.33779677417,472885.0645451613,179053.20045161288,37882.954612903224,90414.3578548387,50755.88798387097,-40057.72674838709,0,17,0,31,110,1,143,7,108,53,24,17,0,8,1143619.0,788325.0,355294.0,0.3107,123299.0,803696.0,605344.0,198352.0,0.2468,117326.0
2026-06-01,도봉구,2026,6,,1352.0,773.0,254032.17821290324,250541.9463580645,3123.367080645161,366.86478064516126,273850.94458709675,230327.1567645161,236941.31998709677,266239.9340903226,103003.69119999999,19301.542093548385,49942.525109677415,33759.62399677419,-29298.614103225806,0,3,0,32,123,2,91,3,41,31,9,19,0,8,747224.0,555912.0,191312.0,0.256,85213.0,676952.0,565437.0,111515.0,0.1647,74370.0
2026-06-01,동대문구,2026,6,,1754.0,884.0,379103.58083870966,354443.244683871,21954.81610967742,2705.520035483871,393441.00758387096,362568.59264516126,370306.442983871,385387.2507322581,177598.72933870967,32610.1398516129,74948.53441612903,70040.05507096775,-15080.807748387098,0,20,0,53,5,1,184,12,110,98,29,21,0,19,839482.0,643806.0,195676.0,0.2331,98627.0,1318540.0,1052636.0,265904.0,0.2017,147729.0
2026-06-01,동작구,2026,6,,1220.0,626.0,372677.0564612903,358469.6339419355,12979.42747419355,1227.9950322580644,398336.87091612903,342470.79034516134,350964.44120967743,388186.0673548387,159718.5262645161,35019.391267741936,61446.132648387094,63253.0023483871,-37221.62614516129,0,20,0,50,3,57,201,11,89,80,92,14,0,36,754150.0,544026.0,210124.0,0.2786,92802.0,529405.0,406737.0,122668.0,0.2317,124230.0
2026-06-01,마포구,2026,6,,2408.0,1117.0,464997.7442,430188.7910870968,17948.94490967742,16860.008206451614,509155.51346451615,427421.43031290325,488622.10268387094,448123.2024225806,266959.8931129032,77905.99008064516,67720.60591612903,121333.29711612903,40498.90026129033,0,10,0,29,2,188,154,6,99,77,469,18,0,9,693927.0,454098.0,239829.0,0.3456,78775.0,189080.0,142546.0,46534.0,0.2461,0.0
2026-06-01,서대문구,2026,6,,1530.0,789.0,393775.6216032258,360496.8073129032,21272.523654838707,12006.290648387097,422683.6188225806,374185.962716129,408471.615,383278.4834645161,208376.23607741937,50789.8075516129,53777.140029032256,103809.2884967742,25193.13153548387,0,28,0,34,27,2,120,6,47,100,20,6,0,15,677376.0,466551.0,210825.0,0.3112,80258.0,1004422.0,539162.0,465260.0,0.4632,159247.0
2026-06-01,서초구,2026,6,,2264.0,939.0,590129.8777032258,569372.4763774194,13863.408212903227,6893.99310967742,688735.6527451613,496096.9445129032,667967.4958225808,534531.5790354839,394988.08106774196,133932.09112580644,79823.22787096773,181232.76207096776,133435.9167870968,0,29,0,53,20,74,206,10,56,64,145,8,0,30,657452.0,423749.0,233703.0,0.3555,68058.0,918978.0,461362.0,457616.0,0.498,107349.0
2026-06-01,성동구,2026,6,,1275.0,568.0,365431.3622064516,345139.43692258064,14374.113993548386,5917.811287096773,402830.4991548387,336177.7196419355,389478.9578838709,348254.5081483871,219810.58635806452,53739.286700000004,57905.56713225807,108165.73252580645,41224.44973548387,0,32,0,26,1,27,156,4,60,64,26,21,0,18,593015.0,435070.0,157945.0,0.2663,66754.0,444606.0,323252.0,121354.0,0.2729,82722.0
2026-06-01,성북구,2026,6,,1670.0,895.0,429588.0624741935,413002.41156451614,14889.128093548388,1696.5228161290322,459468.2608032258,395877.53827741934,405228.4511612903,446987.7848387097,168571.06946129035,27904.84117419355,73371.0201516129,67295.20813548387,-41759.33367741936,0,19,0,29,24,0,165,2,68,77,13,18,0,8,917806.0,704197.0,213609.0,0.2327,94203.0,940508.0,752594.0,187914.0,0.1998,83294.0
2026-06-01,송파구,2026,6,,2465.0,1177.0,750943.1615258065,732877.693883871,12556.392603225808,5509.075038709678,784767.7524419355,730436.1940580645,759743.8787645162,744656.9349322581,378678.3340387097,122417.98766774192,142880.75826774194,113379.5881032258,15086.943832258077,0,34,0,51,2,114,307,7,124,96,80,19,0,33,1073855.0,712070.0,361785.0,0.3369,106713.0,1518379.0,666248.0,852131.0,0.5612,181300.0
2026-06-01,양천구,2026,6,,1843.0,1013.0,350699.8244129032,345474.8300290323,4530.712890322581,694.2814967741936,375863.53516774194,318113.95867741934,328441.5818096774,366598.5691419355,147204.4874677419,25842.902706451612,67305.96716129032,54055.6176,-38156.98733225806,0,27,0,9,0,0,246,13,28,21,9,21,0,19,886194.0,616283.0,269911.0,0.3046,116161.0,744100.0,533157.0,210943.0,0.2835,137453.0
2026-06-01,영등포구,2026,6,,2155.0,1015.0,511714.88838387094,468239.6125387097,36029.1968,7446.079022580645,571733.7137741935,456811.2776903226,557430.698332258,479060.7384032258,333505.47009354836,93633.6234516129,90781.83929032259,149090.0073516129,78369.95992903225,0,58,0,48,0,99,388,23,131,120,192,33,0,11,903918.0,684001.0,219917.0,0.2433,105486.0,1433175.0,1083094.0,350081.0,0.2443,171296.0
2026-06-01,용산구,2026,6,,1349.0,567.0,296332.4027129033,273285.3348903226,14152.459016129033,8894.608825806452,341128.49825161294,255298.21131935486,326738.6946290323,274613.62278064515,191558.4627032258,63449.30482580645,37018.54868387097,91090.60919354839,52125.0718483871,0,27,0,42,0,58,129,9,46,48,117,24,0,4,505109.0,310847.0,194262.0,0.3846,54247.0,222004.0,142268.0,79736.0,0.3592,65462.0
2026-06-01,은평구,2026,6,,1795.0,989.0,410600.29646774195,403950.3834516129,5503.596658064516,1146.3163677419354,456297.2589322581,360347.572883871,372782.23324516125,437613.1987709678,144806.47373225808,30592.87879032258,80929.44243548387,33284.15250645162,-64830.96552580645,0,20,0,46,111,9,183,10,121,83,32,39,0,84,1106800.0,698473.0,408327.0,0.3689,132152.0,871672.0,642130.0,229542.0,0.2633,144774.0
2026-06-01,종로구,2026,6,,1526.0,637.0,314603.3726032258,283105.4540129032,15692.779906451611,15805.13867096774,430244.1246774194,230221.30967096775,392571.263016129,258912.0223032258,258204.5846387097,81007.05213870967,26912.25771935484,150285.27478064515,133659.2407129032,0,30,0,49,81,0,103,5,29,70,17,19,0,7,340996.0,237684.0,103312.0,0.303,38064.0,964822.0,561443.0,403379.0,0.4181,197816.0
2026-06-01,중구,2026,6,,1452.0,709.0,301971.1419451613,248520.86991935485,16614.672412903226,36835.59961612903,425989.9795741936,203693.7400935484,391874.7063483871,237754.31024193548,268595.59166451613,82628.45293225806,22865.850558064518,163101.28817419353,154120.3961064516,0,23,0,45,3,0,115,4,32,60,19,11,0,5,337701.0,225335.0,112366.0,0.3327,35441.0,133003.0,100486.0,32517.0,0.2445,31361.0
2026-06-01,중랑구,2026,6,,1750.0,921.0,329815.6778483871,323592.9866741935,5750.910109677419,471.7810612903226,360969.4791709677,292935.05452903226,302760.130467742,349141.0688516129,127847.04489032259,24481.08234516129,70417.04058709678,32948.921958064515,-46380.93838387097,0,16,0,36,20,1,109,6,65,42,13,9,0,7,1008537.0,709276.0,299261.0,0.2967,129922.0,762508.0,569201.0,193307.0,0.2535,133360.0
