실험,모델,MAE,RMSE,R2,정확도(%)
B_출처X,Ridge,36.122763250300814,44.34089265677887,0.9614192316874972,96.18501199179823
B_출처X,LinearRegression,36.131337115885856,44.37169349618763,0.96136561378747,96.18075192821765
B_출처O,Ridge,39.75557922726017,48.63841888706199,0.953578314437602,95.88288653861649
B_출처O,LinearRegression,39.877744401069975,48.752211957632944,0.953360846616217,95.86949622311354
B_출처O,GradientBoosting,41.06609566350587,51.47924315399423,0.9479972494870227,95.60495143192496
B_출처O,RandomForest,41.54525,51.6017661931256,0.9477494168879818,95.5546322057778
A_출처X,RandomForest,43.16455,56.62484155165469,0.9370818408286168,95.53056405759986
B_출처X,RandomForest,41.79795000000001,52.053776215083566,0.9468300209072208,95.52511180200625
A_출처O,RandomForest,43.31934999999999,56.7157091972762,0.936879745347609,95.50736100173884
B_출처X,GradientBoosting,42.28765228021621,53.5228526879965,0.9437865146248816,95.49892098447637
B_출처X,DecisionTree,42.49106928045456,52.4694703052964,0.9459774141915362,95.30341777831165
B_출처O,DecisionTree,42.49106928045456,52.4694703052964,0.9459774141915362,95.30341777831165
A_출처O,DecisionTree,46.2728770090674,71.59609686985698,0.899413267134942,95.15019094428783
A_출처X,DecisionTree,46.2728770090674,71.59609686985698,0.899413267134942,95.15019094428783
A_출처O,GradientBoosting,51.911377844928964,66.24057387122149,0.9138986064090083,94.60076654044283
A_출처X,GradientBoosting,51.85479396091011,66.21209980548458,0.9139726133103772,94.59925811995981
B_출처X,DNN,55.49098388671875,69.5186379902204,0.9051659019937965,93.76968964252738
B_출처O,DNN,62.02151062011719,80.130927845878,0.8740023772285603,93.19179288701172
A_출처X,Ridge,78.07431146879848,92.28311448828553,0.832888439518459,92.00080399347664
A_출처O,Ridge,78.2122009232408,92.4030937833944,0.83245362625892,91.98407933746323
A_출처X,LinearRegression,79.74582149584312,94.06737321793473,0.8263638923947885,91.8410025641718
A_출처O,LinearRegression,79.74582149584337,94.06737321793486,0.8263638923947879,91.84100256417175
A_출처X,DNN,91.97731811523437,110.42195080862294,0.760738490046525,90.60451235662528
A_출처O,DNN,103.69799285888672,121.41565473240502,0.7107246814745745,89.47527655946905
