,전체_피어슨,전체_스피어만,자치구간,자치구내,자치구내_계절제거
night_pop,0.695,0.706,0.807,0.28,0.36
동일자치구행정동간이동인구수,0.659,0.677,0.789,0.087,0.104
일최소인구수,0.658,0.675,0.774,0.178,0.262
내국인생활인구수,0.659,0.691,0.764,0.247,0.33
total_pop,0.649,0.669,0.751,0.28,0.363
일최대인구수,0.595,0.624,0.681,0.329,0.403
day_pop,0.549,0.572,0.635,0.265,0.347
일최대이동인구수,0.404,0.334,0.453,0.294,0.365
서울외유입인구수,0.332,0.194,0.361,0.3,0.386
자치구간이동인구수,0.134,-0.013,0.14,0.313,0.387
장기체류외국인인구수,-0.011,-0.055,0.007,0.245,0.328
pop_diff,-0.029,-0.205,-0.052,0.083,0.103
단기체류외국인인구수,-0.02,0.011,-0.088,0.21,0.229
