특성조합,모델,검증_정확도(%),평가_정확도(%),평가_R2,평가_MAE
A_계절,LinearRegression,84.39061532821263,88.96302286389188,0.7041524534317976,101.27297186362986
A_계절,RandomForest,80.68420719678097,90.1017785168152,0.7549901804369898,88.9535709959611
A_계절,GradientBoosting,82.95741578547032,88.9173989724836,0.7298117082182547,97.7152724768014
B_계절+인구,LinearRegression,83.36948172706109,89.3998032205559,0.7206564735581883,96.47483766764105
B_계절+인구,RandomForest,85.83066978729047,93.47685538744318,0.8968141244706512,59.551647434590436
B_계절+인구,GradientBoosting,87.21078234846672,92.95960568576828,0.8631242562373602,65.30039361229873
C_계절+인구+이송률,LinearRegression,83.29175800696078,89.34765686415088,0.7183737132727156,96.96873891971072
C_계절+인구+이송률,RandomForest,87.40246734393129,93.57203904000141,0.8900329340430302,60.04546366875705
C_계절+인구+이송률,GradientBoosting,88.03414916743742,92.90011527486985,0.861602254307895,66.02548697761435
D_계절+이송이력,LinearRegression,94.33509500314514,94.57163539085133,0.9264399912095689,50.03318406105214
D_계절+이송이력,RandomForest,94.16794242168352,95.19795568640748,0.9357857742858043,45.80468733537394
D_계절+이송이력,GradientBoosting,94.96412582910811,94.83009972165537,0.9240173350710588,49.26351119822322
E_전체,LinearRegression,94.44830934508612,94.68173012419314,0.9287061331463433,49.0631367780499
E_전체,RandomForest,94.10189726816354,95.38923599612917,0.9388851021713092,44.042052028701434
E_전체,GradientBoosting,94.78760550754245,95.23058804466734,0.9363195546501956,45.485900090525924
기준선(전월값),-,92.74265767652706,95.40932660263528,0.9322463531182273,43.92
