지역구명,월평균_이송건수,월평균_인구,인구1만명당_이송률,원본_상관,추세_상관,계절_상관,잔차_상관
송파구,1333.677,757340.965,17.61,0.23,0.27,-0.51,0.05
동작구,786.785,417223.949,18.858,0.45,0.49,-0.52,0.08
강남구,1401.0,739237.592,18.952,0.13,0.01,0.35,0.38
광진구,798.484,398129.363,20.056,0.04,-0.02,-0.33,0.0
성동구,716.753,349849.547,20.487,0.45,0.65,-0.46,0.31
성북구,952.452,454652.779,20.949,0.27,0.49,-0.45,0.09
서초구,1114.323,530636.769,21.0,0.29,0.17,-0.01,0.27
강동구,1121.731,531437.592,21.107,-0.26,-0.23,-0.64,0.05
용산구,646.43,290698.801,22.237,0.65,0.75,-0.08,0.46
강서구,1263.333,564495.236,22.38,0.25,0.52,-0.65,0.15
영등포구,1113.473,479328.21,23.23,0.58,0.85,-0.44,0.23
관악구,1234.022,524306.937,23.536,0.25,0.24,-0.6,0.07
노원구,1261.237,524267.517,24.057,0.23,0.21,-0.77,0.15
은평구,1124.688,466496.379,24.109,-0.06,-0.14,-0.7,0.1
서대문구,941.968,384963.816,24.469,0.27,0.27,-0.21,0.17
마포구,1238.516,467127.075,26.513,0.64,0.75,-0.05,0.38
동대문구,1011.57,380367.783,26.595,0.34,0.48,-0.35,0.26
금천구,598.83,223731.099,26.766,-0.15,0.56,-0.4,-0.44
중랑구,1070.14,373985.901,28.614,0.38,0.41,-0.79,-0.05
종로구,745.925,256881.963,29.038,0.75,0.89,0.26,0.55
양천구,1167.849,400158.237,29.185,-0.08,-0.17,-0.64,-0.03
중구,729.634,249276.558,29.27,0.72,0.77,0.22,0.61
도봉구,864.161,287659.679,30.041,0.1,-0.0,-0.72,-0.04
구로구,1336.532,423147.748,31.585,0.24,0.88,-0.27,-0.03
강북구,1053.0,307007.347,34.299,-0.05,-0.24,-0.68,0.07
