모델,검증_6개월_정확도(%),평가_6개월_정확도(%),평가_6개월_MAE,평가_1개월_정확도(%),평가_1개월_R2
Ensemble(GB+Ridge),94.61217040793521,94.59299896306753,51.761526106539314,94.62139753980865,0.922741403438659
GradientBoosting,94.35353800487268,93.26743468089906,62.06236054075571,95.00245175243668,0.9343857566176502
LinearRegression,92.77819451844367,87.87209754382891,111.22992227867665,92.18738384269278,0.8351801036732058
Ridge,92.73355309322416,94.27142792141258,54.195972616624516,93.59458034961165,0.8919021785172041
RandomForest,92.51048095833589,93.9839620346551,54.683983563357266,95.60013892266316,0.9443890637542112
기준선(마지막 달 유지),91.81928998810389,93.25195725487403,66.35333333333334,95.40932660263528,0.9322463531182273
DecisionTree,91.44912181334799,92.75991967521392,66.46397403065454,95.30411688680374,0.9362968301406754
DNN,88.95611000328336,91.81803753366952,73.37360026041667,93.4931956555548,0.8878676417264605
기준선(전년 동월),87.48163967570798,90.67977767066175,90.85333333333334,90.67977767066175,0.7751937412037244
