설정,모델,검증_6개월_정확도(%),검증_6개월_MAE,검증_1개월_정확도(%),검증_1개월_MAE
기본,Ridge,93.089,57.5,94.933,42.007
기본,GradientBoosting,93.426,51.876,95.397,38.42
기본,RandomForest,92.497,58.184,94.639,44.673
기본,Ensemble(GB+Ridge),93.885,49.317,95.544,37.468
달력,Ridge,92.731,60.128,94.998,40.802
달력,GradientBoosting,94.354,46.518,94.454,47.62
달력,RandomForest,92.51,57.09,94.626,44.99
달력,Ensemble(GB+Ridge),94.611,43.671,95.231,40.409
증감량,Ridge,93.137,57.061,94.945,41.92
증감량,GradientBoosting,93.571,50.759,95.614,37.022
증감량,RandomForest,93.663,50.73,95.691,37.047
증감량,Ensemble(GB+Ridge),94.23,46.381,95.561,37.402
달력+증감량,Ridge,92.8,59.498,95.015,40.671
달력+증감량,GradientBoosting,91.747,71.163,95.044,42.688
달력+증감량,RandomForest,87.228,112.008,94.168,50.358
달력+증감량,Ensemble(GB+Ridge),94.47,45.246,95.463,38.376
