지역구명,검증_정확도(%),실제평균,예측평균,검증_편향(%),검증_흔들림(%),검증_유형,평가_정확도(%),평가_편향(%),평가_유형,학습행수,관할변경
종로구,88.35,589.0,649.73,10.31,8.09,수준 변화형,97.2,-0.24,변동형,80,False
동작구,89.19,614.5,680.5,10.74,5.55,수준 변화형,92.68,-7.4,변동형,80,False
양천구,92.05,1003.17,1080.1,7.67,4.61,수준 변화형,90.07,-9.94,수준 변화형,80,False
중구,92.31,653.83,603.83,-7.65,3.92,수준 변화형,95.26,-2.79,변동형,80,False
성북구,92.54,875.0,810.47,-7.37,3.6,수준 변화형,93.04,-5.96,변동형,80,False
금천구,92.84,545.33,567.01,3.97,7.59,변동형,91.32,-8.77,수준 변화형,23,True
용산구,93.44,515.67,550.72,6.8,4.3,수준 변화형,92.28,-7.76,수준 변화형,80,False
성동구,94.28,555.33,570.41,2.71,7.63,변동형,93.08,-5.42,변동형,77,True
서대문구,94.36,752.33,793.69,5.5,4.43,수준 변화형,95.3,2.44,변동형,80,False
도봉구,94.82,742.5,738.26,-0.57,6.4,변동형,94.82,-2.98,변동형,80,False
강서구,94.86,1155.67,1114.63,-3.55,4.49,변동형,98.63,0.73,변동형,80,False
동대문구,95.1,869.0,871.5,0.29,5.94,변동형,91.77,-8.24,수준 변화형,80,False
서초구,95.16,901.0,945.65,4.96,3.62,수준 변화형,93.11,-6.91,수준 변화형,80,False
송파구,95.26,1102.67,1147.76,4.09,3.79,수준 변화형,96.94,0.52,변동형,80,False
은평구,95.56,948.0,940.54,-0.79,5.39,변동형,96.84,-3.18,변동형,80,False
광진구,95.59,695.5,669.67,-3.71,4.41,변동형,94.23,3.11,변동형,77,True
중랑구,95.72,867.5,830.48,-4.27,2.93,수준 변화형,96.65,3.28,변동형,80,False
관악구,95.87,1014.83,1033.32,1.82,5.01,변동형,96.89,2.16,변동형,80,False
구로구,96.02,1125.0,1145.17,1.79,4.66,변동형,93.0,-7.04,수준 변화형,23,True
강북구,96.22,957.0,952.04,-0.52,4.83,변동형,95.73,1.78,변동형,80,False
노원구,96.7,1088.83,1090.38,0.14,3.82,변동형,95.88,-3.18,변동형,80,False
강동구,96.77,1056.33,1039.5,-1.59,4.44,변동형,95.56,-1.17,변동형,80,False
강남구,97.15,1137.5,1153.61,1.42,3.19,변동형,93.8,-5.36,변동형,80,False
마포구,97.36,1059.0,1062.56,0.34,3.4,변동형,93.99,5.7,수준 변화형,80,False
영등포구,97.73,975.67,995.45,2.03,1.81,수준 변화형,96.83,-2.69,변동형,80,False
