예측월,지역구명,예측_이송건수,사용모델
2026-01,강남구,1323,GradientBoosting
2026-01,강동구,1125,GradientBoosting
2026-01,강북구,1033,GradientBoosting
2026-01,강서구,1227,GradientBoosting
2026-01,관악구,1077,GradientBoosting
2026-01,광진구,770,GradientBoosting
2026-01,구로구,1201,GradientBoosting
2026-01,금천구,612,GradientBoosting
2026-01,노원구,1188,GradientBoosting
2026-01,도봉구,792,GradientBoosting
2026-01,동대문구,1002,GradientBoosting
2026-01,동작구,740,GradientBoosting
2026-01,마포구,1118,GradientBoosting
2026-01,서대문구,802,GradientBoosting
2026-01,서초구,1077,GradientBoosting
2026-01,성동구,604,GradientBoosting
2026-01,성북구,1001,GradientBoosting
2026-01,송파구,1264,GradientBoosting
2026-01,양천구,1138,GradientBoosting
2026-01,영등포구,1058,GradientBoosting
2026-01,용산구,588,GradientBoosting
2026-01,은평구,1027,GradientBoosting
2026-01,종로구,643,GradientBoosting
2026-01,중구,712,GradientBoosting
2026-01,중랑구,975,GradientBoosting
2026-02,강남구,1174,GradientBoosting
2026-02,강동구,1037,GradientBoosting
2026-02,강북구,933,GradientBoosting
2026-02,강서구,1062,GradientBoosting
2026-02,관악구,948,GradientBoosting
2026-02,광진구,707,GradientBoosting
2026-02,구로구,998,GradientBoosting
2026-02,금천구,554,GradientBoosting
2026-02,노원구,1035,GradientBoosting
2026-02,도봉구,701,GradientBoosting
2026-02,동대문구,899,GradientBoosting
2026-02,동작구,659,GradientBoosting
2026-02,마포구,996,GradientBoosting
2026-02,서대문구,689,GradientBoosting
2026-02,서초구,965,GradientBoosting
2026-02,성동구,557,GradientBoosting
2026-02,성북구,901,GradientBoosting
2026-02,송파구,1152,GradientBoosting
2026-02,양천구,1037,GradientBoosting
2026-02,영등포구,939,GradientBoosting
2026-02,용산구,542,GradientBoosting
2026-02,은평구,913,GradientBoosting
2026-02,종로구,586,GradientBoosting
2026-02,중구,647,GradientBoosting
2026-02,중랑구,879,GradientBoosting
2026-03,강남구,1253,GradientBoosting
2026-03,강동구,1100,GradientBoosting
2026-03,강북구,1003,GradientBoosting
2026-03,강서구,1109,GradientBoosting
2026-03,관악구,1005,GradientBoosting
2026-03,광진구,755,GradientBoosting
2026-03,구로구,1085,GradientBoosting
2026-03,금천구,576,GradientBoosting
2026-03,노원구,1084,GradientBoosting
2026-03,도봉구,734,GradientBoosting
2026-03,동대문구,923,GradientBoosting
2026-03,동작구,690,GradientBoosting
2026-03,마포구,1076,GradientBoosting
2026-03,서대문구,706,GradientBoosting
2026-03,서초구,1016,GradientBoosting
2026-03,성동구,577,GradientBoosting
2026-03,성북구,923,GradientBoosting
2026-03,송파구,1217,GradientBoosting
2026-03,양천구,1065,GradientBoosting
2026-03,영등포구,1021,GradientBoosting
2026-03,용산구,574,GradientBoosting
2026-03,은평구,964,GradientBoosting
2026-03,종로구,611,GradientBoosting
2026-03,중구,684,GradientBoosting
2026-03,중랑구,937,GradientBoosting
2026-04,강남구,1312,GradientBoosting
2026-04,강동구,1100,GradientBoosting
2026-04,강북구,1018,GradientBoosting
2026-04,강서구,1112,GradientBoosting
2026-04,관악구,1027,GradientBoosting
2026-04,광진구,774,GradientBoosting
2026-04,구로구,1113,GradientBoosting
2026-04,금천구,596,GradientBoosting
2026-04,노원구,1103,GradientBoosting
2026-04,도봉구,750,GradientBoosting
2026-04,동대문구,939,GradientBoosting
2026-04,동작구,692,GradientBoosting
2026-04,마포구,1067,GradientBoosting
2026-04,서대문구,727,GradientBoosting
2026-04,서초구,1049,GradientBoosting
2026-04,성동구,597,GradientBoosting
2026-04,성북구,941,GradientBoosting
2026-04,송파구,1254,GradientBoosting
2026-04,양천구,1052,GradientBoosting
2026-04,영등포구,1043,GradientBoosting
2026-04,용산구,566,GradientBoosting
2026-04,은평구,946,GradientBoosting
2026-04,종로구,638,GradientBoosting
2026-04,중구,686,GradientBoosting
2026-04,중랑구,956,GradientBoosting
2026-05,강남구,1373,GradientBoosting
2026-05,강동구,1178,GradientBoosting
2026-05,강북구,1097,GradientBoosting
2026-05,강서구,1184,GradientBoosting
2026-05,관악구,1122,GradientBoosting
2026-05,광진구,859,GradientBoosting
2026-05,구로구,1180,GradientBoosting
2026-05,금천구,656,GradientBoosting
2026-05,노원구,1174,GradientBoosting
2026-05,도봉구,772,GradientBoosting
2026-05,동대문구,994,GradientBoosting
2026-05,동작구,734,GradientBoosting
2026-05,마포구,1139,GradientBoosting
2026-05,서대문구,767,GradientBoosting
2026-05,서초구,1117,GradientBoosting
2026-05,성동구,663,GradientBoosting
2026-05,성북구,986,GradientBoosting
2026-05,송파구,1374,GradientBoosting
2026-05,양천구,1112,GradientBoosting
2026-05,영등포구,1126,GradientBoosting
2026-05,용산구,593,GradientBoosting
2026-05,은평구,993,GradientBoosting
2026-05,종로구,688,GradientBoosting
2026-05,중구,713,GradientBoosting
2026-05,중랑구,994,GradientBoosting
2026-06,강남구,1382,GradientBoosting
2026-06,강동구,1175,GradientBoosting
2026-06,강북구,1082,GradientBoosting
2026-06,강서구,1203,GradientBoosting
2026-06,관악구,1129,GradientBoosting
2026-06,광진구,873,GradientBoosting
2026-06,구로구,1177,GradientBoosting
2026-06,금천구,654,GradientBoosting
2026-06,노원구,1162,GradientBoosting
2026-06,도봉구,783,GradientBoosting
2026-06,동대문구,991,GradientBoosting
2026-06,동작구,748,GradientBoosting
2026-06,마포구,1151,GradientBoosting
2026-06,서대문구,751,GradientBoosting
2026-06,서초구,1115,GradientBoosting
2026-06,성동구,662,GradientBoosting
2026-06,성북구,980,GradientBoosting
2026-06,송파구,1382,GradientBoosting
2026-06,양천구,1076,GradientBoosting
2026-06,영등포구,1118,GradientBoosting
2026-06,용산구,593,GradientBoosting
2026-06,은평구,997,GradientBoosting
2026-06,종로구,697,GradientBoosting
2026-06,중구,735,GradientBoosting
2026-06,중랑구,992,GradientBoosting
