모델,구간,방식,정확도(%),R2,MAE,RMSE,기준선대비_MAE_개선율(%)
LinearRegression,검증,1개월,95.033,0.943,40.628,50.314,34.223
LinearRegression,검증,6개월,92.778,0.872,59.77,75.555,8.673
LinearRegression,평가,1개월,92.187,0.835,72.111,91.667,-64.188
LinearRegression,평가,6개월,87.872,0.372,111.23,178.924,-67.633
Ridge,검증,1개월,94.998,0.943,40.802,50.459,33.941
Ridge,검증,6개월,92.731,0.871,60.128,75.907,8.127
Ridge,평가,1개월,93.595,0.892,58.913,74.207,-34.137
Ridge,평가,6개월,94.273,0.914,54.169,66.402,18.362
DecisionTree,검증,1개월,93.801,0.908,51.885,64.099,15.998
DecisionTree,검증,6개월,90.932,0.813,73.062,91.577,-11.636
DecisionTree,평가,1개월,95.04,0.931,45.693,59.35,-4.037
DecisionTree,평가,6개월,92.395,0.849,68.949,87.711,-3.911
RandomForest,검증,1개월,94.626,0.931,44.99,55.561,27.161
RandomForest,검증,6개월,92.51,0.888,57.09,70.811,12.769
RandomForest,평가,1개월,95.6,0.944,41.448,53.246,5.628
RandomForest,평가,6개월,93.984,0.905,54.684,69.736,17.587
GradientBoosting,검증,1개월,94.454,0.913,47.62,62.527,22.903
GradientBoosting,검증,6개월,94.354,0.922,46.518,59.026,28.922
GradientBoosting,평가,1개월,95.002,0.934,47.021,57.837,-7.06
GradientBoosting,평가,6개월,93.267,0.882,62.062,77.503,6.467
DNN,검증,1개월,93.532,0.906,53.251,64.934,13.787
DNN,검증,6개월,88.446,0.691,95.185,117.658,-45.439
DNN,평가,1개월,93.781,0.904,58.164,69.956,-32.431
DNN,평가,6개월,91.971,0.84,75.502,90.43,-13.788
Ensemble(GB+Ridge),검증,1개월,95.231,0.942,40.409,50.875,34.579
Ensemble(GB+Ridge),검증,6개월,94.611,0.939,43.671,52.24,33.273
Ensemble(GB+Ridge),평가,1개월,94.623,0.923,50.311,62.743,-14.552
Ensemble(GB+Ridge),평가,6개월,94.596,0.916,51.738,65.511,22.027
기준선(마지막 달 유지),검증,1개월,92.743,0.857,61.767,80.152,0.0
기준선(마지막 달 유지),검증,6개월,91.819,0.845,65.447,83.341,0.0
기준선(마지막 달 유지),평가,1개월,95.409,0.932,43.92,58.773,0.0
기준선(마지막 달 유지),평가,6개월,93.252,0.862,66.353,83.83,0.0
기준선(전년 동월),검증,1개월,87.482,0.614,104.7,131.515,-69.509
기준선(전년 동월),검증,6개월,87.482,0.614,104.7,131.515,-59.978
기준선(전년 동월),평가,1개월,90.68,0.775,90.853,107.057,-106.861
기준선(전년 동월),평가,6개월,90.68,0.775,90.853,107.057,-36.924
