ds,District,y,transport_cnt,transport_person
2025-12-01,강남구,2768,1441,1446
2025-12-01,강동구,2150,1139,1162
2025-12-01,강북구,1950,1019,1021
2025-12-01,강서구,2270,1261,1262
2025-12-01,관악구,2255,1098,1100
2025-12-01,광진구,1485,798,802
2025-12-01,구로구,2282,1270,1275
2025-12-01,금천구,1199,643,643
2025-12-01,노원구,2176,1233,1236
2025-12-01,도봉구,1436,820,822
2025-12-01,동대문구,1892,1027,1028
2025-12-01,동작구,1336,766,769
2025-12-01,마포구,2415,1169,1174
2025-12-01,서대문구,1619,861,863
2025-12-01,서초구,2411,1118,1121
2025-12-01,성동구,1306,636,638
2025-12-01,성북구,1801,1022,1022
2025-12-01,송파구,2571,1266,1270
2025-12-01,양천구,2005,1212,1219
2025-12-01,영등포구,2266,1099,1104
2025-12-01,용산구,1405,630,631
2025-12-01,은평구,1963,1070,1072
2025-12-01,종로구,1505,671,671
2025-12-01,중랑구,1847,970,971
2025-12-01,중구,1521,763,767
