ym,District
201701,금천구
201701,성동구
201702,금천구
201702,성동구
201703,금천구
201703,성동구
201704,금천구
201704,성동구
201705,금천구
201705,성동구
201706,금천구
201706,성동구
201707,금천구
201708,금천구
201709,금천구
201710,금천구
201711,금천구
201712,금천구
201801,금천구
201802,금천구
201803,금천구
201804,금천구
201805,금천구
201806,금천구
201807,금천구
201808,금천구
201809,금천구
201810,금천구
201811,금천구
201812,금천구
201901,금천구
201902,금천구
201903,금천구
201904,금천구
201905,금천구
201906,금천구
201907,금천구
201908,금천구
201909,금천구
201910,금천구
201911,금천구
201912,금천구
202001,금천구
202002,금천구
202003,금천구
202004,금천구
202005,금천구
202006,금천구
202007,금천구
202008,금천구
202009,금천구
202010,금천구
202011,금천구
202012,금천구
202101,금천구
202102,금천구
202103,금천구
202104,금천구
202105,금천구
202106,금천구
202107,금천구
202108,금천구
202109,금천구
202110,금천구
202111,금천구
202112,금천구
