ds,district,총입원연인원,서울내입원연인원,서울외유출연인원,유출률,응급실입원연인원
2019-01-01,강남구,1002129,582232,419897,0.419,
2019-01-01,강동구,915412,637381,278031,0.3037,
2019-01-01,강북구,910537,692635,217902,0.2393,
2019-01-01,강서구,1419243,895605,523638,0.369,
2019-01-01,관악구,1141886,804299,337587,0.2956,
2019-01-01,광진구,690755,504227,186528,0.27,
2019-01-01,구로구,1020385,665822,354563,0.3475,
2019-01-01,금천구,670224,475255,194969,0.2909,
2019-01-01,노원구,1284432,856256,428176,0.3334,
2019-01-01,도봉구,816939,586689,230250,0.2818,
2019-01-01,동대문구,935118,690054,245064,0.2621,
2019-01-01,동작구,870363,615490,254873,0.2928,
2019-01-01,마포구,748423,488717,259706,0.347,
2019-01-01,서대문구,749418,495302,254116,0.3391,
2019-01-01,서초구,732300,468626,263674,0.3601,
2019-01-01,성동구,682550,483641,198909,0.2914,
2019-01-01,성북구,1000671,734883,265788,0.2656,
2019-01-01,송파구,1197941,811432,386509,0.3226,
2019-01-01,양천구,973736,639007,334729,0.3438,
2019-01-01,영등포구,1001675,746195,255480,0.2551,
2019-01-01,용산구,575383,364083,211300,0.3672,
2019-01-01,은평구,1219226,781959,437267,0.3586,
2019-01-01,종로구,393826,263424,130402,0.3311,
2019-01-01,중구,369492,240208,129284,0.3499,
2019-01-01,중랑구,1073246,734544,338702,0.3156,
2020-01-01,강남구,991115,588825,402290,0.4059,
2020-01-01,강동구,920822,623794,297028,0.3226,
2020-01-01,강북구,874078,661597,212481,0.2431,
2020-01-01,강서구,1381596,898712,482884,0.3495,
2020-01-01,관악구,1082872,768962,313910,0.2899,
2020-01-01,광진구,662616,487387,175229,0.2645,
2020-01-01,구로구,1008824,664129,344695,0.3417,
2020-01-01,금천구,634119,452689,181430,0.2861,
2020-01-01,노원구,1227244,829846,397398,0.3238,
2020-01-01,도봉구,780430,565939,214491,0.2748,
2020-01-01,동대문구,925391,689936,235455,0.2544,
2020-01-01,동작구,839908,592292,247616,0.2948,
2020-01-01,마포구,750864,494308,256556,0.3417,
2020-01-01,서대문구,728555,497049,231506,0.3178,
2020-01-01,서초구,717468,456071,261397,0.3643,
2020-01-01,성동구,653673,468060,185613,0.284,
2020-01-01,성북구,970834,710054,260780,0.2686,
2020-01-01,송파구,1197240,831528,365712,0.3055,
2020-01-01,양천구,946011,623949,322062,0.3404,
2020-01-01,영등포구,939522,692646,246876,0.2628,
2020-01-01,용산구,546054,346308,199746,0.3658,
2020-01-01,은평구,1161538,752842,408696,0.3519,
2020-01-01,종로구,380719,255353,125366,0.3293,
2020-01-01,중구,359912,224773,135139,0.3755,
2020-01-01,중랑구,1046760,701525,345235,0.3298,
2021-01-01,강남구,1027077,625196,401881,0.3913,89369.0
2021-01-01,강동구,1018452,705694,312758,0.3071,97254.0
2021-01-01,강북구,926426,696709,229717,0.248,82209.0
2021-01-01,강서구,1392943,905530,487413,0.3499,147034.0
2021-01-01,관악구,1145854,810276,335578,0.2929,124722.0
2021-01-01,광진구,707992,526595,181397,0.2562,72146.0
2021-01-01,구로구,1091918,715754,376164,0.3445,114891.0
2021-01-01,금천구,668275,472584,195691,0.2928,74036.0
2021-01-01,노원구,1296460,881661,414799,0.3199,124879.0
2021-01-01,도봉구,826775,603716,223059,0.2698,84187.0
2021-01-01,동대문구,969877,737020,232857,0.2401,93822.0
2021-01-01,동작구,869130,625104,244026,0.2808,86570.0
2021-01-01,마포구,783488,530099,253389,0.3234,79612.0
2021-01-01,서대문구,763632,527780,235852,0.3089,76809.0
2021-01-01,서초구,753504,486592,266912,0.3542,73447.0
2021-01-01,성동구,695798,506272,189526,0.2724,69960.0
2021-01-01,성북구,997998,747132,250866,0.2514,94118.0
2021-01-01,송파구,1279728,897734,381994,0.2985,111644.0
2021-01-01,양천구,978694,654517,324177,0.3312,107012.0
2021-01-01,영등포구,1008644,740027,268617,0.2663,105341.0
2021-01-01,용산구,578909,374856,204053,0.3525,54812.0
2021-01-01,은평구,1231343,809436,421907,0.3426,119631.0
2021-01-01,종로구,402570,276471,126099,0.3132,38771.0
2021-01-01,중구,374191,243540,130651,0.3492,36553.0
2021-01-01,중랑구,1114194,765681,348513,0.3128,116201.0
2022-01-01,강남구,973430,583356,390074,0.4007,91093.0
2022-01-01,강동구,959198,657397,301801,0.3146,98443.0
2022-01-01,강북구,868731,652874,215857,0.2485,84536.0
2022-01-01,강서구,1340230,865787,474443,0.354,156309.0
2022-01-01,관악구,1078891,765354,313537,0.2906,132133.0
2022-01-01,광진구,651316,471320,179996,0.2764,71477.0
2022-01-01,구로구,1026630,674674,351956,0.3428,118042.0
2022-01-01,금천구,661014,451978,209036,0.3162,76722.0
2022-01-01,노원구,1226780,835018,391762,0.3193,132849.0
2022-01-01,도봉구,765682,563866,201816,0.2636,86343.0
2022-01-01,동대문구,907865,676666,231199,0.2547,96372.0
2022-01-01,동작구,812080,573772,238308,0.2935,95523.0
2022-01-01,마포구,745359,491573,253786,0.3405,81215.0
2022-01-01,서대문구,726301,505507,220794,0.304,80766.0
2022-01-01,서초구,701286,444517,256769,0.3661,75412.0
2022-01-01,성동구,627498,455260,172238,0.2745,71346.0
2022-01-01,성북구,967439,722479,244960,0.2532,99642.0
2022-01-01,송파구,1202239,806453,395786,0.3292,114243.0
2022-01-01,양천구,917379,611941,305438,0.3329,110654.0
2022-01-01,영등포구,924624,668959,255665,0.2765,108456.0
2022-01-01,용산구,532367,338263,194104,0.3646,58444.0
2022-01-01,은평구,1176849,768755,408094,0.3468,128687.0
2022-01-01,종로구,375503,255953,119550,0.3184,37887.0
2022-01-01,중구,348467,227897,120570,0.346,38641.0
2022-01-01,중랑구,1063760,740070,323690,0.3043,124565.0
2023-01-01,강남구,910056,551216,358840,0.3943,102319.0
2023-01-01,강동구,893704,622172,271532,0.3038,110418.0
2023-01-01,강북구,848852,648030,200822,0.2366,94292.0
2023-01-01,강서구,1288919,861949,426970,0.3313,163020.0
2023-01-01,관악구,1034770,748563,286207,0.2766,144984.0
2023-01-01,광진구,630585,474421,156164,0.2476,80978.0
2023-01-01,구로구,1001240,687486,313754,0.3134,134805.0
2023-01-01,금천구,653012,452404,200608,0.3072,87945.0
2023-01-01,노원구,1182247,829889,352358,0.298,149842.0
2023-01-01,도봉구,744811,560381,184430,0.2476,95293.0
2023-01-01,동대문구,873123,669912,203211,0.2327,111175.0
2023-01-01,동작구,779487,564113,215374,0.2763,103784.0
2023-01-01,마포구,695992,462448,233544,0.3356,86725.0
2023-01-01,서대문구,692450,479341,213109,0.3078,92466.0
2023-01-01,서초구,666769,437034,229735,0.3445,81093.0
2023-01-01,성동구,592551,430510,162041,0.2735,78008.0
2023-01-01,성북구,930240,716937,213303,0.2293,113433.0
2023-01-01,송파구,1115185,747727,367458,0.3295,124926.0
2023-01-01,양천구,895627,622163,273464,0.3053,121234.0
2023-01-01,영등포구,922479,687074,235405,0.2552,122258.0
2023-01-01,용산구,509004,322354,186650,0.3667,62475.0
2023-01-01,은평구,1115494,726161,389333,0.349,142461.0
2023-01-01,종로구,341554,239988,101566,0.2974,42540.0
2023-01-01,중구,330845,222447,108398,0.3276,41221.0
2023-01-01,중랑구,1033385,733211,300174,0.2905,144025.0
2024-01-01,강남구,905119,542607,362512,0.4005,89704.0
2024-01-01,강동구,862257,584536,277721,0.3221,92119.0
2024-01-01,강북구,823158,619442,203716,0.2475,78378.0
2024-01-01,강서구,1279919,854214,425705,0.3326,146812.0
2024-01-01,관악구,1008244,725890,282354,0.28,127426.0
2024-01-01,광진구,627209,464133,163076,0.26,75731.0
2024-01-01,구로구,999424,674066,325358,0.3255,125108.0
2024-01-01,금천구,635262,438461,196801,0.3098,79631.0
2024-01-01,노원구,1143619,788325,355294,0.3107,123299.0
2024-01-01,도봉구,747224,555912,191312,0.256,85213.0
2024-01-01,동대문구,839482,643806,195676,0.2331,98627.0
2024-01-01,동작구,754150,544026,210124,0.2786,92802.0
2024-01-01,마포구,693927,454098,239829,0.3456,78775.0
2024-01-01,서대문구,677376,466551,210825,0.3112,80258.0
2024-01-01,서초구,657452,423749,233703,0.3555,68058.0
2024-01-01,성동구,593015,435070,157945,0.2663,66754.0
2024-01-01,성북구,917806,704197,213609,0.2327,94203.0
2024-01-01,송파구,1073855,712070,361785,0.3369,106713.0
2024-01-01,양천구,886194,616283,269911,0.3046,116161.0
2024-01-01,영등포구,903918,684001,219917,0.2433,105486.0
2024-01-01,용산구,505109,310847,194262,0.3846,54247.0
2024-01-01,은평구,1106800,698473,408327,0.3689,132152.0
2024-01-01,종로구,340996,237684,103312,0.303,38064.0
2024-01-01,중구,337701,225335,112366,0.3327,35441.0
2024-01-01,중랑구,1008537,709276,299261,0.2967,129922.0
