ds,district,총처리연인원,서울내환자연인원,서울외유입연인원,유입률,응급실처리연인원
2019-01-01,강남구,2201848,853651,1348197,0.6123,
2019-01-01,강동구,1516483,879553,636930,0.42,
2019-01-01,강북구,514534,405141,109393,0.2126,
2019-01-01,강서구,853664,615640,238024,0.2788,
2019-01-01,관악구,524411,418800,105611,0.2014,
2019-01-01,광진구,684649,488724,195925,0.2862,
2019-01-01,구로구,1343972,928918,415054,0.3088,
2019-01-01,금천구,446973,337308,109665,0.2454,
2019-01-01,노원구,1021288,732608,288680,0.2827,
2019-01-01,도봉구,751182,622972,128210,0.1707,
2019-01-01,동대문구,1580636,1208757,371879,0.2353,
2019-01-01,동작구,782269,596284,185985,0.2378,
2019-01-01,마포구,151942,103781,48161,0.317,
2019-01-01,서대문구,1277614,673296,604318,0.473,
2019-01-01,서초구,1037770,502235,535535,0.516,
2019-01-01,성동구,501678,352962,148716,0.2964,
2019-01-01,성북구,1011902,797930,213972,0.2115,
2019-01-01,송파구,2047780,857374,1190406,0.5813,
2019-01-01,양천구,660816,494652,166164,0.2515,
2019-01-01,영등포구,1673132,1241574,431558,0.2579,
2019-01-01,용산구,303681,182032,121649,0.4006,
2019-01-01,은평구,723353,563630,159723,0.2208,
2019-01-01,종로구,1212638,682907,529731,0.4368,
2019-01-01,중구,267541,192343,75198,0.2811,
2019-01-01,중랑구,720415,524894,195521,0.2714,
2020-01-01,강남구,2112265,827508,1284757,0.6082,
2020-01-01,강동구,1371398,801660,569738,0.4154,
2020-01-01,강북구,535357,427991,107366,0.2006,
2020-01-01,강서구,904257,668630,235627,0.2606,
2020-01-01,관악구,490474,397272,93202,0.19,
2020-01-01,광진구,644078,463868,180210,0.2798,
2020-01-01,구로구,1326737,928558,398179,0.3001,
2020-01-01,금천구,448905,346745,102160,0.2276,
2020-01-01,노원구,934601,672508,262093,0.2804,
2020-01-01,도봉구,681868,563647,118221,0.1734,
2020-01-01,동대문구,1422647,1130028,292619,0.2057,
2020-01-01,동작구,706679,547509,159170,0.2252,
2020-01-01,마포구,163442,121675,41767,0.2555,
2020-01-01,서대문구,1257611,658294,599317,0.4766,
2020-01-01,서초구,981779,470963,510816,0.5203,
2020-01-01,성동구,476723,334385,142338,0.2986,
2020-01-01,성북구,985919,791683,194236,0.197,
2020-01-01,송파구,2484030,999067,1484963,0.5978,
2020-01-01,양천구,614171,455373,158798,0.2586,
2020-01-01,영등포구,1554607,1161879,392728,0.2526,
2020-01-01,용산구,254691,161002,93689,0.3679,
2020-01-01,은평구,922520,683635,238885,0.2589,
2020-01-01,종로구,1152046,663885,488161,0.4237,
2020-01-01,중구,200309,140247,60062,0.2998,
2020-01-01,중랑구,602878,460562,142316,0.2361,
2021-01-01,강남구,2195633,863320,1332313,0.6068,233772.0
2021-01-01,강동구,1397831,843726,554105,0.3964,172022.0
2021-01-01,강북구,543307,435977,107330,0.1975,39.0
2021-01-01,강서구,1008630,739872,268758,0.2665,115301.0
2021-01-01,관악구,486624,393749,92875,0.1909,54729.0
2021-01-01,광진구,676466,496584,179882,0.2659,109490.0
2021-01-01,구로구,1179486,829330,350156,0.2969,136054.0
2021-01-01,금천구,442206,344165,98041,0.2217,31380.0
2021-01-01,노원구,939136,691702,247434,0.2635,148191.0
2021-01-01,도봉구,662698,548153,114545,0.1728,52543.0
2021-01-01,동대문구,1555312,1242204,313108,0.2013,140259.0
2021-01-01,동작구,761982,601704,160278,0.2103,113381.0
2021-01-01,마포구,165348,128416,36932,0.2234,0.0
2021-01-01,서대문구,1311953,690112,621841,0.474,224322.0
2021-01-01,서초구,1026438,493166,533272,0.5195,138739.0
2021-01-01,성동구,527683,377038,150645,0.2855,98533.0
2021-01-01,성북구,1001140,805797,195343,0.1951,97878.0
2021-01-01,송파구,2873667,1101301,1772366,0.6168,249319.0
2021-01-01,양천구,700062,528700,171362,0.2448,132047.0
2021-01-01,영등포구,1558273,1164696,393577,0.2526,179164.0
2021-01-01,용산구,233491,149906,83585,0.358,61788.0
2021-01-01,은평구,1047746,804455,243291,0.2322,102561.0
2021-01-01,종로구,1322586,798246,524340,0.3965,223820.0
2021-01-01,중구,230832,170519,60313,0.2613,46654.0
2021-01-01,중랑구,784087,623138,160949,0.2053,83359.0
2022-01-01,강남구,2229049,872496,1356553,0.6086,234540.0
2022-01-01,강동구,1434972,851369,583603,0.4067,189853.0
2022-01-01,강북구,482199,392134,90065,0.1868,0.0
2022-01-01,강서구,1075906,763236,312670,0.2906,133237.0
2022-01-01,관악구,473870,382745,91125,0.1923,50739.0
2022-01-01,광진구,619066,456047,163019,0.2633,85570.0
2022-01-01,구로구,1303105,914918,388187,0.2979,143607.0
2022-01-01,금천구,415761,320408,95353,0.2293,32052.0
2022-01-01,노원구,912681,677189,235492,0.258,153906.0
2022-01-01,도봉구,620763,506565,114198,0.184,59353.0
2022-01-01,동대문구,1334374,1028459,305915,0.2293,141074.0
2022-01-01,동작구,632676,489195,143481,0.2268,144601.0
2022-01-01,마포구,165144,122608,42536,0.2576,0.0
2022-01-01,서대문구,1326543,676859,649684,0.4898,224314.0
2022-01-01,서초구,1018334,486349,531985,0.5224,135251.0
2022-01-01,성동구,497002,354131,142871,0.2875,98849.0
2022-01-01,성북구,940801,750896,189905,0.2019,105442.0
2022-01-01,송파구,2619814,966317,1653497,0.6312,268326.0
2022-01-01,양천구,646409,462711,183698,0.2842,140630.0
2022-01-01,영등포구,1488567,1112680,375887,0.2525,182457.0
2022-01-01,용산구,253437,163137,90300,0.3563,75623.0
2022-01-01,은평구,893541,654656,238885,0.2673,116035.0
2022-01-01,종로구,1310138,745904,564234,0.4307,237973.0
2022-01-01,중구,193644,140465,53179,0.2746,40900.0
2022-01-01,중랑구,688532,518215,170317,0.2474,115746.0
2023-01-01,강남구,2097070,815328,1281742,0.6112,248495.0
2023-01-01,강동구,1456203,844799,611404,0.4199,233027.0
2023-01-01,강북구,473373,386310,87063,0.1839,9.0
2023-01-01,강서구,1073953,759467,314486,0.2928,141166.0
2023-01-01,관악구,429547,344575,84972,0.1978,54132.0
2023-01-01,광진구,621183,453937,167246,0.2692,100882.0
2023-01-01,구로구,1311855,928066,383789,0.2926,161168.0
2023-01-01,금천구,417386,330057,87329,0.2092,35348.0
2023-01-01,노원구,878244,653804,224440,0.2556,162875.0
2023-01-01,도봉구,652218,543276,108942,0.167,75563.0
2023-01-01,동대문구,1334204,1024203,310001,0.2323,153913.0
2023-01-01,동작구,631490,488837,142653,0.2259,180211.0
2023-01-01,마포구,173581,128854,44727,0.2577,0.0
2023-01-01,서대문구,1273651,649868,623783,0.4898,256996.0
2023-01-01,서초구,973301,469126,504175,0.518,149036.0
2023-01-01,성동구,489507,347009,142498,0.2911,106592.0
2023-01-01,성북구,1002179,796291,205888,0.2054,126882.0
2023-01-01,송파구,2169866,799093,1370773,0.6317,272249.0
2023-01-01,양천구,713403,508489,204914,0.2872,147188.0
2023-01-01,영등포구,1442199,1086596,355603,0.2466,185673.0
2023-01-01,용산구,245491,157765,87726,0.3573,77383.0
2023-01-01,은평구,890846,644332,246514,0.2767,138875.0
2023-01-01,종로구,1190302,660920,529382,0.4447,259145.0
2023-01-01,중구,177231,134587,42644,0.2406,47919.0
2023-01-01,중랑구,739855,542342,197513,0.267,151696.0
2024-01-01,강남구,1848902,797318,1051584,0.5688,182554.0
2024-01-01,강동구,1341076,809802,531274,0.3962,173544.0
2024-01-01,강북구,481554,407192,74362,0.1544,103.0
2024-01-01,강서구,1146108,804313,341795,0.2982,149544.0
2024-01-01,관악구,453674,364430,89244,0.1967,62426.0
2024-01-01,광진구,656827,480816,176011,0.268,101270.0
2024-01-01,구로구,1297693,941052,356641,0.2748,143278.0
2024-01-01,금천구,448187,361032,87155,0.1945,40976.0
2024-01-01,노원구,803696,605344,198352,0.2468,117326.0
2024-01-01,도봉구,676952,565437,111515,0.1647,74370.0
2024-01-01,동대문구,1318540,1052636,265904,0.2017,147729.0
2024-01-01,동작구,529405,406737,122668,0.2317,124230.0
2024-01-01,마포구,189080,142546,46534,0.2461,0.0
2024-01-01,서대문구,1004422,539162,465260,0.4632,159247.0
2024-01-01,서초구,918978,461362,457616,0.498,107349.0
2024-01-01,성동구,444606,323252,121354,0.2729,82722.0
2024-01-01,성북구,940508,752594,187914,0.1998,83294.0
2024-01-01,송파구,1518379,666248,852131,0.5612,181300.0
2024-01-01,양천구,744100,533157,210943,0.2835,137453.0
2024-01-01,영등포구,1433175,1083094,350081,0.2443,171296.0
2024-01-01,용산구,222004,142268,79736,0.3592,65462.0
2024-01-01,은평구,871672,642130,229542,0.2633,144774.0
2024-01-01,종로구,964822,561443,403379,0.4181,197816.0
2024-01-01,중구,133003,100486,32517,0.2445,31361.0
2024-01-01,중랑구,762508,569201,193307,0.2535,133360.0
