REG_DT,STATS_VL,YR,DTA_UNIT_NM,ORGNL_PATH_CN,DONG_CD,MDFCN_DT
2023/01/02 23:00:51,83379,2014,개,통계청 : 주민안전>보건의료>주민1만명당병상수,1100000000,2023/01/02 23:04:02
2023/01/02 23:00:52,3188,2014,개,통계청 : 주민안전>보건의료>주민1만명당병상수,1111000000,2023/01/02 23:04:02
2023/01/02 23:00:52,1620,2014,개,통계청 : 주민안전>보건의료>주민1만명당병상수,1114000000,2023/01/02 23:04:02
2023/01/02 23:00:53,1065,2014,개,통계청 : 주민안전>보건의료>주민1만명당병상수,1117000000,2023/01/02 23:04:02
2023/01/02 23:00:54,1926,2014,개,통계청 : 주민안전>보건의료>주민1만명당병상수,1120000000,2023/01/02 23:04:02
2023/01/02 23:00:54,2643,2014,개,통계청 : 주민안전>보건의료>주민1만명당병상수,1121500000,2023/01/02 23:04:02
2023/01/02 23:00:55,5885,2014,개,통계청 : 주민안전>보건의료>주민1만명당병상수,1123000000,2023/01/02 23:04:02
2023/01/02 23:00:56,3260,2014,개,통계청 : 주민안전>보건의료>주민1만명당병상수,1126000000,2023/01/02 23:04:02
2023/01/02 23:00:56,3424,2014,개,통계청 : 주민안전>보건의료>주민1만명당병상수,1129000000,2023/01/02 23:04:02
2023/01/02 23:00:57,2247,2014,개,통계청 : 주민안전>보건의료>주민1만명당병상수,1130500000,2023/01/02 23:04:02
2023/01/02 23:00:58,2947,2014,개,통계청 : 주민안전>보건의료>주민1만명당병상수,1132000000,2023/01/02 23:04:02
2023/01/02 23:00:58,3447,2014,개,통계청 : 주민안전>보건의료>주민1만명당병상수,1135000000,2023/01/02 23:04:02
2023/01/02 23:00:59,3404,2014,개,통계청 : 주민안전>보건의료>주민1만명당병상수,1138000000,2023/01/02 23:04:02
2023/01/02 23:01:00,3244,2014,개,통계청 : 주민안전>보건의료>주민1만명당병상수,1141000000,2023/01/02 23:04:02
2023/01/02 23:01:00,708,2014,개,통계청 : 주민안전>보건의료>주민1만명당병상수,1144000000,2023/01/02 23:04:02
2023/01/02 23:01:01,2907,2014,개,통계청 : 주민안전>보건의료>주민1만명당병상수,1147000000,2023/01/02 23:04:02
2023/01/02 23:01:02,3695,2014,개,통계청 : 주민안전>보건의료>주민1만명당병상수,1150000000,2023/01/02 23:04:02
2023/01/02 23:01:03,3307,2014,개,통계청 : 주민안전>보건의료>주민1만명당병상수,1153000000,2023/01/02 23:04:02
2023/01/02 23:01:04,1829,2014,개,통계청 : 주민안전>보건의료>주민1만명당병상수,1154500000,2023/01/02 23:04:02
2023/01/02 23:01:05,5335,2014,개,통계청 : 주민안전>보건의료>주민1만명당병상수,1156000000,2023/01/02 23:04:02
2023/01/02 23:01:05,2871,2014,개,통계청 : 주민안전>보건의료>주민1만명당병상수,1159000000,2023/01/02 23:04:02
2023/01/02 23:01:06,2166,2014,개,통계청 : 주민안전>보건의료>주민1만명당병상수,1162000000,2023/01/02 23:04:02
2023/01/02 23:01:07,3132,2014,개,통계청 : 주민안전>보건의료>주민1만명당병상수,1165000000,2023/01/02 23:04:02
2023/01/02 23:01:07,7157,2014,개,통계청 : 주민안전>보건의료>주민1만명당병상수,1168000000,2023/01/02 23:04:02
2023/01/02 23:01:08,6273,2014,개,통계청 : 주민안전>보건의료>주민1만명당병상수,1171000000,2023/01/02 23:04:02
2023/01/02 23:01:09,5699,2014,개,통계청 : 주민안전>보건의료>주민1만명당병상수,1174000000,2023/01/02 23:04:02
2023/01/02 23:01:09,62207,2014,개,통계청 : 주민안전>보건의료>주민1만명당병상수,2600000000,2023/01/02 23:04:02
2023/01/02 23:01:10,1511,2014,개,통계청 : 주민안전>보건의료>주민1만명당병상수,2611000000,2023/01/02 23:04:02
2023/01/02 23:01:11,4359,2014,개,통계청 : 주민안전>보건의료>주민1만명당병상수,2614000000,2023/01/02 23:04:02
2023/01/02 23:01:11,2722,2014,개,통계청 : 주민안전>보건의료>주민1만명당병상수,2617000000,2023/01/02 23:04:02
2023/01/02 23:01:12,1317,2014,개,통계청 : 주민안전>보건의료>주민1만명당병상수,2620000000,2023/01/02 23:04:02
2023/01/02 23:01:13,6196,2014,개,통계청 : 주민안전>보건의료>주민1만명당병상수,2623000000,2023/01/02 23:04:02
2023/01/02 23:01:13,5737,2014,개,통계청 : 주민안전>보건의료>주민1만명당병상수,2626000000,2023/01/02 23:04:02
2023/01/02 23:01:14,2937,2014,개,통계청 : 주민안전>보건의료>주민1만명당병상수,2629000000,2023/01/02 23:04:02
2023/01/02 23:01:15,3970,2014,개,통계청 : 주민안전>보건의료>주민1만명당병상수,2632000000,2023/01/02 23:04:02
2023/01/02 23:01:17,5696,2014,개,통계청 : 주민안전>보건의료>주민1만명당병상수,2635000000,2023/01/02 23:04:02
2023/01/02 23:01:17,6577,2014,개,통계청 : 주민안전>보건의료>주민1만명당병상수,2638000000,2023/01/02 23:04:02
2023/01/02 23:01:18,5493,2014,개,통계청 : 주민안전>보건의료>주민1만명당병상수,2641000000,2023/01/02 23:04:02
2023/01/02 23:01:19,309,2014,개,통계청 : 주민안전>보건의료>주민1만명당병상수,2644000000,2023/01/02 23:04:02
2023/01/02 23:01:19,3827,2014,개,통계청 : 주민안전>보건의료>주민1만명당병상수,2647000000,2023/01/02 23:04:02
2023/01/02 23:01:20,3542,2014,개,통계청 : 주민안전>보건의료>주민1만명당병상수,2650000000,2023/01/02 23:04:02
2023/01/02 23:01:21,6401,2014,개,통계청 : 주민안전>보건의료>주민1만명당병상수,2653000000,2023/01/02 23:04:02
2023/01/02 23:01:21,1613,2014,개,통계청 : 주민안전>보건의료>주민1만명당병상수,2671000000,2023/01/02 23:04:02
2023/01/02 23:01:22,33239,2014,개,통계청 : 주민안전>보건의료>주민1만명당병상수,2700000000,2023/01/02 23:04:02
2023/01/02 23:01:23,3649,2014,개,통계청 : 주민안전>보건의료>주민1만명당병상수,2711000000,2023/01/02 23:04:02
2023/01/02 23:01:23,3325,2014,개,통계청 : 주민안전>보건의료>주민1만명당병상수,2714000000,2023/01/02 23:04:02
2023/01/02 23:01:24,3637,2014,개,통계청 : 주민안전>보건의료>주민1만명당병상수,2717000000,2023/01/02 23:04:02
2023/01/02 23:01:25,4432,2014,개,통계청 : 주민안전>보건의료>주민1만명당병상수,2720000000,2023/01/02 23:04:02
2023/01/02 23:01:25,5899,2014,개,통계청 : 주민안전>보건의료>주민1만명당병상수,2723000000,2023/01/02 23:04:02
2023/01/02 23:01:26,3347,2014,개,통계청 : 주민안전>보건의료>주민1만명당병상수,2726000000,2023/01/02 23:04:02
2023/01/02 23:01:27,6781,2014,개,통계청 : 주민안전>보건의료>주민1만명당병상수,2729000000,2023/01/02 23:04:02
2023/01/02 23:01:27,2169,2014,개,통계청 : 주민안전>보건의료>주민1만명당병상수,2771000000,2023/01/02 23:04:02
2023/01/02 23:01:28,29914,2014,개,통계청 : 주민안전>보건의료>주민1만명당병상수,2800000000,2023/01/02 23:04:02
2023/01/02 23:01:29,1988,2014,개,통계청 : 주민안전>보건의료>주민1만명당병상수,2811000000,2023/01/02 23:04:02
2023/01/02 23:01:29,882,2014,개,통계청 : 주민안전>보건의료>주민1만명당병상수,2814000000,2023/01/02 23:04:02
2023/01/02 23:01:30,4538,2014,개,통계청 : 주민안전>보건의료>주민1만명당병상수,2817000000,2023/01/02 23:04:02
2023/01/02 23:01:31,1660,2014,개,통계청 : 주민안전>보건의료>주민1만명당병상수,2818500000,2023/01/02 23:04:02
2023/01/02 23:01:31,6061,2014,개,통계청 : 주민안전>보건의료>주민1만명당병상수,2820000000,2023/01/02 23:04:02
2023/01/02 23:01:32,5168,2014,개,통계청 : 주민안전>보건의료>주민1만명당병상수,2823700000,2023/01/02 23:04:02
2023/01/02 23:01:33,4131,2014,개,통계청 : 주민안전>보건의료>주민1만명당병상수,2824500000,2023/01/02 23:04:02
2023/01/02 23:01:33,4514,2014,개,통계청 : 주민안전>보건의료>주민1만명당병상수,2826000000,2023/01/02 23:04:02
2023/01/02 23:01:34,934,2014,개,통계청 : 주민안전>보건의료>주민1만명당병상수,2871000000,2023/01/02 23:04:02
2023/01/02 23:01:35,38,2014,개,통계청 : 주민안전>보건의료>주민1만명당병상수,2872000000,2023/01/02 23:04:02
2023/01/02 23:01:35,30456,2014,개,통계청 : 주민안전>보건의료>주민1만명당병상수,2900000000,2023/01/02 23:04:02
2023/01/02 23:01:36,4938,2014,개,통계청 : 주민안전>보건의료>주민1만명당병상수,2911000000,2023/01/02 23:04:02
2023/01/02 23:01:37,3789,2014,개,통계청 : 주민안전>보건의료>주민1만명당병상수,2914000000,2023/01/02 23:04:02
2023/01/02 23:01:37,5196,2014,개,통계청 : 주민안전>보건의료>주민1만명당병상수,2915500000,2023/01/02 23:04:02
2023/01/02 23:01:38,8063,2014,개,통계청 : 주민안전>보건의료>주민1만명당병상수,2917000000,2023/01/02 23:04:02
2023/01/02 23:01:39,8470,2014,개,통계청 : 주민안전>보건의료>주민1만명당병상수,2920000000,2023/01/02 23:04:02
2023/01/02 23:01:39,22296,2014,개,통계청 : 주민안전>보건의료>주민1만명당병상수,3000000000,2023/01/02 23:04:02
2023/01/02 23:01:40,2770,2014,개,통계청 : 주민안전>보건의료>주민1만명당병상수,3011000000,2023/01/02 23:04:02
2023/01/02 23:01:41,5906,2014,개,통계청 : 주민안전>보건의료>주민1만명당병상수,3014000000,2023/01/02 23:04:02
2023/01/02 23:01:41,7214,2014,개,통계청 : 주민안전>보건의료>주민1만명당병상수,3017000000,2023/01/02 23:04:02
2023/01/02 23:01:42,3643,2014,개,통계청 : 주민안전>보건의료>주민1만명당병상수,3020000000,2023/01/02 23:04:02
2023/01/02 23:01:43,2760,2014,개,통계청 : 주민안전>보건의료>주민1만명당병상수,3023000000,2023/01/02 23:04:02
2023/01/02 23:01:43,13571,2014,개,통계청 : 주민안전>보건의료>주민1만명당병상수,3100000000,2023/01/02 23:04:02
2023/01/02 23:01:44,2435,2014,개,통계청 : 주민안전>보건의료>주민1만명당병상수,3111000000,2023/01/02 23:04:02
2023/01/02 23:01:45,5362,2014,개,통계청 : 주민안전>보건의료>주민1만명당병상수,3114000000,2023/01/02 23:04:02
2023/01/02 23:01:45,1886,2014,개,통계청 : 주민안전>보건의료>주민1만명당병상수,3117000000,2023/01/02 23:04:02
2023/01/02 23:01:46,945,2014,개,통계청 : 주민안전>보건의료>주민1만명당병상수,3120000000,2023/01/02 23:04:02
2023/01/02 23:01:47,2943,2014,개,통계청 : 주민안전>보건의료>주민1만명당병상수,3171000000,2023/01/02 23:04:02
2023/01/02 23:01:47,1073,2014,개,통계청 : 주민안전>보건의료>주민1만명당병상수,3611000000,2023/01/02 23:04:02
2023/01/02 23:01:48,116490,2014,개,통계청 : 주민안전>보건의료>주민1만명당병상수,4100000000,2023/01/02 23:04:02
2023/01/02 23:01:49,9851,2014,개,통계청 : 주민안전>보건의료>주민1만명당병상수,4111000000,2023/01/02 23:04:02
2023/01/02 23:01:49,8466,2014,개,통계청 : 주민안전>보건의료>주민1만명당병상수,4113000000,2023/01/02 23:04:02
2023/01/02 23:01:50,4983,2014,개,통계청 : 주민안전>보건의료>주민1만명당병상수,4115000000,2023/01/02 23:04:02
2023/01/02 23:01:51,4429,2014,개,통계청 : 주민안전>보건의료>주민1만명당병상수,4117000000,2023/01/02 23:04:02
2023/01/02 23:01:52,11152,2014,개,통계청 : 주민안전>보건의료>주민1만명당병상수,4119000000,2023/01/02 23:04:02
2023/01/02 23:01:52,2030,2014,개,통계청 : 주민안전>보건의료>주민1만명당병상수,4121000000,2023/01/02 23:04:02
2023/01/02 23:01:53,3578,2014,개,통계청 : 주민안전>보건의료>주민1만명당병상수,4122000000,2023/01/02 23:04:02
2023/01/02 23:01:54,2207,2014,개,통계청 : 주민안전>보건의료>주민1만명당병상수,4125000000,2023/01/02 23:04:02
2023/01/02 23:01:54,8887,2014,개,통계청 : 주민안전>보건의료>주민1만명당병상수,4127000000,2023/01/02 23:04:02
2023/01/02 23:01:55,11552,2014,개,통계청 : 주민안전>보건의료>주민1만명당병상수,4128000000,2023/01/02 23:04:02
2023/01/02 23:01:56,13,2014,개,통계청 : 주민안전>보건의료>주민1만명당병상수,4129000000,2023/01/02 23:04:02
2023/01/02 23:01:56,2266,2014,개,통계청 : 주민안전>보건의료>주민1만명당병상수,4131000000,2023/01/02 23:04:02
2023/01/02 23:01:57,5360,2014,개,통계청 : 주민안전>보건의료>주민1만명당병상수,4136000000,2023/01/02 23:04:02
2023/01/02 23:01:57,1929,2014,개,통계청 : 주민안전>보건의료>주민1만명당병상수,4137000000,2023/01/02 23:04:02
2023/01/02 23:01:58,3951,2014,개,통계청 : 주민안전>보건의료>주민1만명당병상수,4139000000,2023/01/02 23:04:02
2023/01/02 23:01:59,2391,2014,개,통계청 : 주민안전>보건의료>주민1만명당병상수,4141000000,2023/01/02 23:04:02
2023/01/02 23:01:59,2008,2014,개,통계청 : 주민안전>보건의료>주민1만명당병상수,4143000000,2023/01/02 23:04:02
2023/01/02 23:02:00,655,2014,개,통계청 : 주민안전>보건의료>주민1만명당병상수,4145000000,2023/01/02 23:04:02
2023/01/02 23:02:01,7926,2014,개,통계청 : 주민안전>보건의료>주민1만명당병상수,4146000000,2023/01/02 23:04:02
2023/01/02 23:02:01,3118,2014,개,통계청 : 주민안전>보건의료>주민1만명당병상수,4148000000,2023/01/02 23:04:02
2023/01/02 23:02:02,1845,2014,개,통계청 : 주민안전>보건의료>주민1만명당병상수,4150000000,2023/01/02 23:04:02
2023/01/02 23:02:03,2343,2014,개,통계청 : 주민안전>보건의료>주민1만명당병상수,4155000000,2023/01/02 23:04:02
2023/01/02 23:02:04,2647,2014,개,통계청 : 주민안전>보건의료>주민1만명당병상수,4157000000,2023/01/02 23:04:02
2023/01/02 23:02:04,4497,2014,개,통계청 : 주민안전>보건의료>주민1만명당병상수,4159000000,2023/01/02 23:04:02
2023/01/02 23:02:05,1304,2014,개,통계청 : 주민안전>보건의료>주민1만명당병상수,4161000000,2023/01/02 23:04:02
2023/01/02 23:02:06,1567,2014,개,통계청 : 주민안전>보건의료>주민1만명당병상수,4163000000,2023/01/02 23:04:02
2023/01/02 23:02:06,1421,2014,개,통계청 : 주민안전>보건의료>주민1만명당병상수,4165000000,2023/01/02 23:04:02
2023/01/02 23:02:07,1793,2014,개,통계청 : 주민안전>보건의료>주민1만명당병상수,4173000000,2023/01/02 23:04:02
2023/01/02 23:02:08,299,2014,개,통계청 : 주민안전>보건의료>주민1만명당병상수,4180000000,2023/01/02 23:04:02
2023/01/02 23:02:08,1125,2014,개,통계청 : 주민안전>보건의료>주민1만명당병상수,4182000000,2023/01/02 23:04:02
2023/01/02 23:02:09,897,2014,개,통계청 : 주민안전>보건의료>주민1만명당병상수,4183000000,2023/01/02 23:04:02
2023/01/02 23:02:09,17158,2014,개,통계청 : 주민안전>보건의료>주민1만명당병상수,4200000000,2023/01/02 23:04:02
2023/01/02 23:02:10,4138,2014,개,통계청 : 주민안전>보건의료>주민1만명당병상수,4211000000,2023/01/02 23:04:02
2023/01/02 23:02:11,4651,2014,개,통계청 : 주민안전>보건의료>주민1만명당병상수,4213000000,2023/01/02 23:04:02
2023/01/02 23:02:11,2344,2014,개,통계청 : 주민안전>보건의료>주민1만명당병상수,4215000000,2023/01/02 23:04:02
2023/01/02 23:02:12,1069,2014,개,통계청 : 주민안전>보건의료>주민1만명당병상수,4217000000,2023/01/02 23:04:02
2023/01/02 23:02:13,737,2014,개,통계청 : 주민안전>보건의료>주민1만명당병상수,4219000000,2023/01/02 23:04:02
2023/01/02 23:02:13,966,2014,개,통계청 : 주민안전>보건의료>주민1만명당병상수,4221000000,2023/01/02 23:04:02
2023/01/02 23:02:14,452,2014,개,통계청 : 주민안전>보건의료>주민1만명당병상수,4223000000,2023/01/02 23:04:02
2023/01/02 23:02:15,855,2014,개,통계청 : 주민안전>보건의료>주민1만명당병상수,4272000000,2023/01/02 23:04:02
2023/01/02 23:02:15,217,2014,개,통계청 : 주민안전>보건의료>주민1만명당병상수,4273000000,2023/01/02 23:04:02
2023/01/02 23:02:16,450,2014,개,통계청 : 주민안전>보건의료>주민1만명당병상수,4275000000,2023/01/02 23:04:02
2023/01/02 23:02:17,31,2014,개,통계청 : 주민안전>보건의료>주민1만명당병상수,4276000000,2023/01/02 23:04:02
2023/01/02 23:02:17,395,2014,개,통계청 : 주민안전>보건의료>주민1만명당병상수,4277000000,2023/01/02 23:04:02
2023/01/02 23:02:18,474,2014,개,통계청 : 주민안전>보건의료>주민1만명당병상수,4278000000,2023/01/02 23:04:02
2023/01/02 23:02:19,8,2014,개,통계청 : 주민안전>보건의료>주민1만명당병상수,4279000000,2023/01/02 23:04:02
2023/01/02 23:02:19,167,2014,개,통계청 : 주민안전>보건의료>주민1만명당병상수,4280000000,2023/01/02 23:04:02
2023/01/02 23:02:20,202,2014,개,통계청 : 주민안전>보건의료>주민1만명당병상수,4281000000,2023/01/02 23:04:02
2023/01/02 23:02:21,0,2014,개,통계청 : 주민안전>보건의료>주민1만명당병상수,4282000000,2023/01/02 23:04:02
2023/01/02 23:02:22,2,2014,개,통계청 : 주민안전>보건의료>주민1만명당병상수,4283000000,2023/01/02 23:04:02
2023/01/02 23:02:22,19610,2014,개,통계청 : 주민안전>보건의료>주민1만명당병상수,4300000000,2023/01/02 23:04:02
2023/01/02 23:02:23,7018,2014,개,통계청 : 주민안전>보건의료>주민1만명당병상수,4311000000,2023/01/02 23:04:02
2023/01/02 23:02:24,2570,2014,개,통계청 : 주민안전>보건의료>주민1만명당병상수,4313000000,2023/01/02 23:04:02
2023/01/02 23:02:24,2586,2014,개,통계청 : 주민안전>보건의료>주민1만명당병상수,4315000000,2023/01/02 23:04:02
2023/01/02 23:02:25,0,2014,개,통계청 : 주민안전>보건의료>주민1만명당병상수,4371000000,2023/01/02 23:04:02
2023/01/02 23:02:26,656,2014,개,통계청 : 주민안전>보건의료>주민1만명당병상수,4372000000,2023/01/02 23:04:02
2023/01/02 23:02:26,1079,2014,개,통계청 : 주민안전>보건의료>주민1만명당병상수,4373000000,2023/01/02 23:04:02
2023/01/02 23:02:27,669,2014,개,통계청 : 주민안전>보건의료>주민1만명당병상수,4374000000,2023/01/02 23:04:02
2023/01/02 23:02:27,195,2014,개,통계청 : 주민안전>보건의료>주민1만명당병상수,4374500000,2023/01/02 23:04:02
2023/01/02 23:02:28,722,2014,개,통계청 : 주민안전>보건의료>주민1만명당병상수,4375000000,2023/01/02 23:04:02
2023/01/02 23:02:29,299,2014,개,통계청 : 주민안전>보건의료>주민1만명당병상수,4376000000,2023/01/02 23:04:02
2023/01/02 23:02:30,2564,2014,개,통계청 : 주민안전>보건의료>주민1만명당병상수,4377000000,2023/01/02 23:04:02
2023/01/02 23:02:30,211,2014,개,통계청 : 주민안전>보건의료>주민1만명당병상수,4380000000,2023/01/02 23:04:02
2023/01/02 23:02:31,24447,2014,개,통계청 : 주민안전>보건의료>주민1만명당병상수,4400000000,2023/01/02 23:04:02
2023/01/02 23:02:32,6559,2014,개,통계청 : 주민안전>보건의료>주민1만명당병상수,4413000000,2023/01/02 23:04:02
2023/01/02 23:02:32,3219,2014,개,통계청 : 주민안전>보건의료>주민1만명당병상수,4415000000,2023/01/02 23:04:02
2023/01/02 23:02:33,1134,2014,개,통계청 : 주민안전>보건의료>주민1만명당병상수,4418000000,2023/01/02 23:04:02
2023/01/02 23:02:34,2542,2014,개,통계청 : 주민안전>보건의료>주민1만명당병상수,4420000000,2023/01/02 23:04:02
2023/01/02 23:02:34,1080,2014,개,통계청 : 주민안전>보건의료>주민1만명당병상수,4421000000,2023/01/02 23:04:02
2023/01/02 23:02:35,2639,2014,개,통계청 : 주민안전>보건의료>주민1만명당병상수,4423000000,2023/01/02 23:04:02
2023/01/02 23:02:36,159,2014,개,통계청 : 주민안전>보건의료>주민1만명당병상수,4425000000,2023/01/02 23:04:02
2023/01/02 23:02:37,711,2014,개,통계청 : 주민안전>보건의료>주민1만명당병상수,4471000000,2023/01/02 23:04:02
2023/01/02 23:02:38,0,2014,개,통계청 : 주민안전>보건의료>주민1만명당병상수,4473000000,2023/01/02 23:04:02
2023/01/02 23:02:39,1133,2014,개,통계청 : 주민안전>보건의료>주민1만명당병상수,4476000000,2023/01/02 23:04:02
2023/01/02 23:02:39,1100,2014,개,통계청 : 주민안전>보건의료>주민1만명당병상수,4477000000,2023/01/02 23:04:02
2023/01/02 23:02:40,193,2014,개,통계청 : 주민안전>보건의료>주민1만명당병상수,4479000000,2023/01/02 23:04:02
2023/01/02 23:02:41,1520,2014,개,통계청 : 주민안전>보건의료>주민1만명당병상수,4480000000,2023/01/02 23:04:02
2023/01/02 23:02:41,790,2014,개,통계청 : 주민안전>보건의료>주민1만명당병상수,4481000000,2023/01/02 23:04:02
2023/01/02 23:02:42,618,2014,개,통계청 : 주민안전>보건의료>주민1만명당병상수,4482500000,2023/01/02 23:04:02
2023/01/02 23:02:36,1050,2014,개,통계청 : 주민안전>보건의료>주민1만명당병상수,4483000000,2023/01/02 23:04:02
2023/01/02 23:02:43,35852,2014,개,통계청 : 주민안전>보건의료>주민1만명당병상수,4500000000,2023/01/02 23:04:02
2023/01/02 23:02:43,15548,2014,개,통계청 : 주민안전>보건의료>주민1만명당병상수,4511000000,2023/01/02 23:04:02
2023/01/02 23:02:44,3222,2014,개,통계청 : 주민안전>보건의료>주민1만명당병상수,4513000000,2023/01/02 23:04:02
2023/01/02 23:02:45,4413,2014,개,통계청 : 주민안전>보건의료>주민1만명당병상수,4514000000,2023/01/02 23:04:02
2023/01/02 23:02:45,2164,2014,개,통계청 : 주민안전>보건의료>주민1만명당병상수,4518000000,2023/01/02 23:04:02
2023/01/02 23:02:46,1786,2014,개,통계청 : 주민안전>보건의료>주민1만명당병상수,4519000000,2023/01/02 23:04:02
2023/01/02 23:02:47,3359,2014,개,통계청 : 주민안전>보건의료>주민1만명당병상수,4521000000,2023/01/02 23:04:02
2023/01/02 23:02:47,2318,2014,개,통계청 : 주민안전>보건의료>주민1만명당병상수,4571000000,2023/01/02 23:04:02
2023/01/02 23:02:48,208,2014,개,통계청 : 주민안전>보건의료>주민1만명당병상수,4572000000,2023/01/02 23:04:02
2023/01/02 23:02:49,110,2014,개,통계청 : 주민안전>보건의료>주민1만명당병상수,4573000000,2023/01/02 23:04:02
2023/01/02 23:02:49,40,2014,개,통계청 : 주민안전>보건의료>주민1만명당병상수,4574000000,2023/01/02 23:04:02
2023/01/02 23:02:50,253,2014,개,통계청 : 주민안전>보건의료>주민1만명당병상수,4575000000,2023/01/02 23:04:02
2023/01/02 23:02:51,616,2014,개,통계청 : 주민안전>보건의료>주민1만명당병상수,4577000000,2023/01/02 23:04:02
2023/01/02 23:02:51,785,2014,개,통계청 : 주민안전>보건의료>주민1만명당병상수,4579000000,2023/01/02 23:04:02
2023/01/02 23:02:52,1030,2014,개,통계청 : 주민안전>보건의료>주민1만명당병상수,4580000000,2023/01/02 23:04:02
2023/01/02 23:02:53,35831,2014,개,통계청 : 주민안전>보건의료>주민1만명당병상수,4600000000,2023/01/02 23:04:02
2023/01/02 23:02:53,6837,2014,개,통계청 : 주민안전>보건의료>주민1만명당병상수,4611000000,2023/01/02 23:04:02
2023/01/02 23:02:54,3612,2014,개,통계청 : 주민안전>보건의료>주민1만명당병상수,4613000000,2023/01/02 23:04:02
2023/01/02 23:02:55,4760,2014,개,통계청 : 주민안전>보건의료>주민1만명당병상수,4615000000,2023/01/02 23:04:02
2023/01/02 23:02:56,3676,2014,개,통계청 : 주민안전>보건의료>주민1만명당병상수,4617000000,2023/01/02 23:04:02
2023/01/02 23:02:56,692,2014,개,통계청 : 주민안전>보건의료>주민1만명당병상수,4623000000,2023/01/02 23:04:02
2023/01/02 23:02:57,1598,2014,개,통계청 : 주민안전>보건의료>주민1만명당병상수,4671000000,2023/01/02 23:04:02
2023/01/02 23:02:58,402,2014,개,통계청 : 주민안전>보건의료>주민1만명당병상수,4672000000,2023/01/02 23:04:02
2023/01/02 23:02:58,616,2014,개,통계청 : 주민안전>보건의료>주민1만명당병상수,4673000000,2023/01/02 23:04:02
2023/01/02 23:02:59,1375,2014,개,통계청 : 주민안전>보건의료>주민1만명당병상수,4677000000,2023/01/02 23:04:02
2023/01/02 23:03:00,1035,2014,개,통계청 : 주민안전>보건의료>주민1만명당병상수,4678000000,2023/01/02 23:04:02
2023/01/02 23:03:00,3498,2014,개,통계청 : 주민안전>보건의료>주민1만명당병상수,4679000000,2023/01/02 23:04:02
2023/01/02 23:03:01,336,2014,개,통계청 : 주민안전>보건의료>주민1만명당병상수,4680000000,2023/01/02 23:04:02
2023/01/02 23:03:02,375,2014,개,통계청 : 주민안전>보건의료>주민1만명당병상수,4681000000,2023/01/02 23:04:02
2023/01/02 23:03:02,1609,2014,개,통계청 : 주민안전>보건의료>주민1만명당병상수,4682000000,2023/01/02 23:04:02
2023/01/02 23:03:03,1153,2014,개,통계청 : 주민안전>보건의료>주민1만명당병상수,4683000000,2023/01/02 23:04:02
2023/01/02 23:03:04,676,2014,개,통계청 : 주민안전>보건의료>주민1만명당병상수,4684000000,2023/01/02 23:04:02
2023/01/02 23:03:04,801,2014,개,통계청 : 주민안전>보건의료>주민1만명당병상수,4686000000,2023/01/02 23:04:02
2023/01/02 23:03:05,1135,2014,개,통계청 : 주민안전>보건의료>주민1만명당병상수,4687000000,2023/01/02 23:04:02
2023/01/02 23:03:06,1126,2014,개,통계청 : 주민안전>보건의료>주민1만명당병상수,4688000000,2023/01/02 23:04:02
2023/01/02 23:03:06,135,2014,개,통계청 : 주민안전>보건의료>주민1만명당병상수,4689000000,2023/01/02 23:04:02
2023/01/02 23:03:07,194,2014,개,통계청 : 주민안전>보건의료>주민1만명당병상수,4690000000,2023/01/02 23:04:02
2023/01/02 23:03:08,190,2014,개,통계청 : 주민안전>보건의료>주민1만명당병상수,4691000000,2023/01/02 23:04:02
2023/01/02 23:03:08,39723,2014,개,통계청 : 주민안전>보건의료>주민1만명당병상수,4700000000,2023/01/02 23:04:02
2023/01/02 23:03:09,7882,2014,개,통계청 : 주민안전>보건의료>주민1만명당병상수,4711000000,2023/01/02 23:04:02
2023/01/02 23:03:10,4609,2014,개,통계청 : 주민안전>보건의료>주민1만명당병상수,4713000000,2023/01/02 23:04:02
2023/01/02 23:03:11,2261,2014,개,통계청 : 주민안전>보건의료>주민1만명당병상수,4715000000,2023/01/02 23:04:02
2023/01/02 23:03:11,4973,2014,개,통계청 : 주민안전>보건의료>주민1만명당병상수,4717000000,2023/01/02 23:04:02
2023/01/02 23:03:12,3093,2014,개,통계청 : 주민안전>보건의료>주민1만명당병상수,4719000000,2023/01/02 23:04:02
2023/01/02 23:03:13,2080,2014,개,통계청 : 주민안전>보건의료>주민1만명당병상수,4721000000,2023/01/02 23:04:02
2023/01/02 23:03:13,2143,2014,개,통계청 : 주민안전>보건의료>주민1만명당병상수,4723000000,2023/01/02 23:04:02
2023/01/02 23:03:14,1014,2014,개,통계청 : 주민안전>보건의료>주민1만명당병상수,4725000000,2023/01/02 23:04:02
2023/01/02 23:03:15,1180,2014,개,통계청 : 주민안전>보건의료>주민1만명당병상수,4728000000,2023/01/02 23:04:02
2023/01/02 23:03:15,3372,2014,개,통계청 : 주민안전>보건의료>주민1만명당병상수,4729000000,2023/01/02 23:04:02
2023/01/02 23:03:16,87,2014,개,통계청 : 주민안전>보건의료>주민1만명당병상수,4772000000,2023/01/02 23:04:02
2023/01/02 23:03:17,1419,2014,개,통계청 : 주민안전>보건의료>주민1만명당병상수,4773000000,2023/01/02 23:04:02
2023/01/02 23:03:17,327,2014,개,통계청 : 주민안전>보건의료>주민1만명당병상수,4775000000,2023/01/02 23:04:02
2023/01/02 23:03:18,50,2014,개,통계청 : 주민안전>보건의료>주민1만명당병상수,4776000000,2023/01/02 23:04:02
2023/01/02 23:03:19,530,2014,개,통계청 : 주민안전>보건의료>주민1만명당병상수,4777000000,2023/01/02 23:04:02
2023/01/02 23:03:19,1093,2014,개,통계청 : 주민안전>보건의료>주민1만명당병상수,4782000000,2023/01/02 23:04:02
2023/01/02 23:03:20,313,2014,개,통계청 : 주민안전>보건의료>주민1만명당병상수,4783000000,2023/01/02 23:04:02
2023/01/02 23:03:21,568,2014,개,통계청 : 주민안전>보건의료>주민1만명당병상수,4784000000,2023/01/02 23:04:02
2023/01/02 23:03:21,1638,2014,개,통계청 : 주민안전>보건의료>주민1만명당병상수,4785000000,2023/01/02 23:04:02
2023/01/02 23:03:22,450,2014,개,통계청 : 주민안전>보건의료>주민1만명당병상수,4790000000,2023/01/02 23:04:02
2023/01/02 23:03:23,244,2014,개,통계청 : 주민안전>보건의료>주민1만명당병상수,4792000000,2023/01/02 23:04:02
2023/01/02 23:03:24,352,2014,개,통계청 : 주민안전>보건의료>주민1만명당병상수,4793000000,2023/01/02 23:04:02
2023/01/02 23:03:24,45,2014,개,통계청 : 주민안전>보건의료>주민1만명당병상수,4794000000,2023/01/02 23:04:02
2023/01/02 23:03:25,53416,2014,개,통계청 : 주민안전>보건의료>주민1만명당병상수,4800000000,2023/01/02 23:04:02
2023/01/02 23:03:26,18024,2014,개,통계청 : 주민안전>보건의료>주민1만명당병상수,4812000000,2023/01/02 23:04:02
2023/01/02 23:03:26,4934,2014,개,통계청 : 주민안전>보건의료>주민1만명당병상수,4817000000,2023/01/02 23:04:02
2023/01/02 23:03:27,1847,2014,개,통계청 : 주민안전>보건의료>주민1만명당병상수,4822000000,2023/01/02 23:04:02
2023/01/02 23:03:28,2684,2014,개,통계청 : 주민안전>보건의료>주민1만명당병상수,4824000000,2023/01/02 23:04:02
2023/01/02 23:03:28,8398,2014,개,통계청 : 주민안전>보건의료>주민1만명당병상수,4825000000,2023/01/02 23:04:02
2023/01/02 23:03:29,2172,2014,개,통계청 : 주민안전>보건의료>주민1만명당병상수,4827000000,2023/01/02 23:04:02
2023/01/02 23:03:30,2099,2014,개,통계청 : 주민안전>보건의료>주민1만명당병상수,4831000000,2023/01/02 23:04:02
2023/01/02 23:03:30,6482,2014,개,통계청 : 주민안전>보건의료>주민1만명당병상수,4833000000,2023/01/02 23:04:02
2023/01/02 23:03:31,875,2014,개,통계청 : 주민안전>보건의료>주민1만명당병상수,4872000000,2023/01/02 23:04:02
2023/01/02 23:03:32,900,2014,개,통계청 : 주민안전>보건의료>주민1만명당병상수,4873000000,2023/01/02 23:04:02
2023/01/02 23:03:32,2067,2014,개,통계청 : 주민안전>보건의료>주민1만명당병상수,4874000000,2023/01/02 23:04:02
2023/01/02 23:03:33,846,2014,개,통계청 : 주민안전>보건의료>주민1만명당병상수,4882000000,2023/01/02 23:04:02
2023/01/02 23:03:34,282,2014,개,통계청 : 주민안전>보건의료>주민1만명당병상수,4884000000,2023/01/02 23:04:02
2023/01/02 23:03:34,545,2014,개,통계청 : 주민안전>보건의료>주민1만명당병상수,4885000000,2023/01/02 23:04:02
2023/01/02 23:03:35,2,2014,개,통계청 : 주민안전>보건의료>주민1만명당병상수,4886000000,2023/01/02 23:04:02
2023/01/02 23:03:36,127,2014,개,통계청 : 주민안전>보건의료>주민1만명당병상수,4887000000,2023/01/02 23:04:02
2023/01/02 23:03:36,450,2014,개,통계청 : 주민안전>보건의료>주민1만명당병상수,4888000000,2023/01/02 23:04:02
2023/01/02 23:03:37,682,2014,개,통계청 : 주민안전>보건의료>주민1만명당병상수,4889000000,2023/01/02 23:04:02
2023/01/02 23:03:38,4357,2014,개,통계청 : 주민안전>보건의료>주민1만명당병상수,5000000000,2023/01/02 23:04:02
2023/01/02 23:03:38,0,2014,개,통계청 : 주민안전>보건의료>주민1만명당병상수,5011000000,2023/01/02 23:04:02
2023/01/02 23:03:39,0,2014,개,통계청 : 주민안전>보건의료>주민1만명당병상수,5013000000,2023/01/02 23:04:02
2023/01/02 22:24:22,84919,2015,개,통계청 : 주민안전>보건의료>주민1만명당병상수,1100000000,2023/01/02 22:27:28
2023/01/02 22:24:22,3327,2015,개,통계청 : 주민안전>보건의료>주민1만명당병상수,1111000000,2023/01/02 22:27:28
2023/01/02 22:24:22,1557,2015,개,통계청 : 주민안전>보건의료>주민1만명당병상수,1114000000,2023/01/02 22:27:28
2023/01/02 22:24:23,1032,2015,개,통계청 : 주민안전>보건의료>주민1만명당병상수,1117000000,2023/01/02 22:27:28
2023/01/02 22:24:24,1782,2015,개,통계청 : 주민안전>보건의료>주민1만명당병상수,1120000000,2023/01/02 22:27:28
2023/01/02 22:24:24,2470,2015,개,통계청 : 주민안전>보건의료>주민1만명당병상수,1121500000,2023/01/02 22:27:28
2023/01/02 22:24:25,6134,2015,개,통계청 : 주민안전>보건의료>주민1만명당병상수,1123000000,2023/01/02 22:27:28
2023/01/02 22:24:25,3274,2015,개,통계청 : 주민안전>보건의료>주민1만명당병상수,1126000000,2023/01/02 22:27:28
2023/01/02 22:24:26,3273,2015,개,통계청 : 주민안전>보건의료>주민1만명당병상수,1129000000,2023/01/02 22:27:28
2023/01/02 22:24:27,2121,2015,개,통계청 : 주민안전>보건의료>주민1만명당병상수,1130500000,2023/01/02 22:27:28
2023/01/02 22:24:27,2832,2015,개,통계청 : 주민안전>보건의료>주민1만명당병상수,1132000000,2023/01/02 22:27:28
2023/01/02 22:24:28,3551,2015,개,통계청 : 주민안전>보건의료>주민1만명당병상수,1135000000,2023/01/02 22:27:28
2023/01/02 22:24:29,3622,2015,개,통계청 : 주민안전>보건의료>주민1만명당병상수,1138000000,2023/01/02 22:27:28
2023/01/02 22:24:29,3641,2015,개,통계청 : 주민안전>보건의료>주민1만명당병상수,1141000000,2023/01/02 22:27:28
2023/01/02 22:24:30,629,2015,개,통계청 : 주민안전>보건의료>주민1만명당병상수,1144000000,2023/01/02 22:27:28
2023/01/02 22:24:30,2943,2015,개,통계청 : 주민안전>보건의료>주민1만명당병상수,1147000000,2023/01/02 22:27:28
2023/01/02 22:24:31,3377,2015,개,통계청 : 주민안전>보건의료>주민1만명당병상수,1150000000,2023/01/02 22:27:28
2023/01/02 22:24:32,3784,2015,개,통계청 : 주민안전>보건의료>주민1만명당병상수,1153000000,2023/01/02 22:27:28
2023/01/02 22:24:32,1935,2015,개,통계청 : 주민안전>보건의료>주민1만명당병상수,1154500000,2023/01/02 22:27:28
2023/01/02 22:24:33,5774,2015,개,통계청 : 주민안전>보건의료>주민1만명당병상수,1156000000,2023/01/02 22:27:28
2023/01/02 22:24:34,2947,2015,개,통계청 : 주민안전>보건의료>주민1만명당병상수,1159000000,2023/01/02 22:27:28
2023/01/02 22:24:34,2430,2015,개,통계청 : 주민안전>보건의료>주민1만명당병상수,1162000000,2023/01/02 22:27:28
2023/01/02 22:24:35,3149,2015,개,통계청 : 주민안전>보건의료>주민1만명당병상수,1165000000,2023/01/02 22:27:28
2023/01/02 22:24:35,7335,2015,개,통계청 : 주민안전>보건의료>주민1만명당병상수,1168000000,2023/01/02 22:27:28
2023/01/02 22:24:36,6157,2015,개,통계청 : 주민안전>보건의료>주민1만명당병상수,1171000000,2023/01/02 22:27:28
2023/01/02 22:24:37,5843,2015,개,통계청 : 주민안전>보건의료>주민1만명당병상수,1174000000,2023/01/02 22:27:28
2023/01/02 22:24:37,68654,2015,개,통계청 : 주민안전>보건의료>주민1만명당병상수,2600000000,2023/01/02 22:27:28
2023/01/02 22:24:38,1510,2015,개,통계청 : 주민안전>보건의료>주민1만명당병상수,2611000000,2023/01/02 22:27:28
2023/01/02 22:24:38,4967,2015,개,통계청 : 주민안전>보건의료>주민1만명당병상수,2614000000,2023/01/02 22:27:28
2023/01/02 22:24:39,3108,2015,개,통계청 : 주민안전>보건의료>주민1만명당병상수,2617000000,2023/01/02 22:27:28
2023/01/02 22:24:40,1570,2015,개,통계청 : 주민안전>보건의료>주민1만명당병상수,2620000000,2023/01/02 22:27:28
2023/01/02 22:24:40,6586,2015,개,통계청 : 주민안전>보건의료>주민1만명당병상수,2623000000,2023/01/02 22:27:28
2023/01/02 22:24:41,5811,2015,개,통계청 : 주민안전>보건의료>주민1만명당병상수,2626000000,2023/01/02 22:27:28
2023/01/02 22:24:41,3271,2015,개,통계청 : 주민안전>보건의료>주민1만명당병상수,2629000000,2023/01/02 22:27:28
2023/01/02 22:24:42,4580,2015,개,통계청 : 주민안전>보건의료>주민1만명당병상수,2632000000,2023/01/02 22:27:28
2023/01/02 22:24:43,6125,2015,개,통계청 : 주민안전>보건의료>주민1만명당병상수,2635000000,2023/01/02 22:27:28
2023/01/02 22:24:43,7554,2015,개,통계청 : 주민안전>보건의료>주민1만명당병상수,2638000000,2023/01/02 22:27:28
2023/01/02 22:24:44,5448,2015,개,통계청 : 주민안전>보건의료>주민1만명당병상수,2641000000,2023/01/02 22:27:28
2023/01/02 22:24:45,310,2015,개,통계청 : 주민안전>보건의료>주민1만명당병상수,2644000000,2023/01/02 22:27:28
2023/01/02 22:24:45,5083,2015,개,통계청 : 주민안전>보건의료>주민1만명당병상수,2647000000,2023/01/02 22:27:28
2023/01/02 22:24:46,3886,2015,개,통계청 : 주민안전>보건의료>주민1만명당병상수,2650000000,2023/01/02 22:27:28
2023/01/02 22:24:47,6779,2015,개,통계청 : 주민안전>보건의료>주민1만명당병상수,2653000000,2023/01/02 22:27:28
2023/01/02 22:24:47,2066,2015,개,통계청 : 주민안전>보건의료>주민1만명당병상수,2671000000,2023/01/02 22:27:28
2023/01/02 22:24:48,36303,2015,개,통계청 : 주민안전>보건의료>주민1만명당병상수,2700000000,2023/01/02 22:27:28
2023/01/02 22:24:48,3748,2015,개,통계청 : 주민안전>보건의료>주민1만명당병상수,2711000000,2023/01/02 22:27:28
2023/01/02 22:24:49,3974,2015,개,통계청 : 주민안전>보건의료>주민1만명당병상수,2714000000,2023/01/02 22:27:28
2023/01/02 22:24:49,3780,2015,개,통계청 : 주민안전>보건의료>주민1만명당병상수,2717000000,2023/01/02 22:27:28
2023/01/02 22:24:50,4627,2015,개,통계청 : 주민안전>보건의료>주민1만명당병상수,2720000000,2023/01/02 22:27:28
2023/01/02 22:24:51,6150,2015,개,통계청 : 주민안전>보건의료>주민1만명당병상수,2723000000,2023/01/02 22:27:28
2023/01/02 22:24:51,3578,2015,개,통계청 : 주민안전>보건의료>주민1만명당병상수,2726000000,2023/01/02 22:27:28
2023/01/02 22:24:52,8113,2015,개,통계청 : 주민안전>보건의료>주민1만명당병상수,2729000000,2023/01/02 22:27:28
2023/01/02 22:24:52,2333,2015,개,통계청 : 주민안전>보건의료>주민1만명당병상수,2771000000,2023/01/02 22:27:28
2023/01/02 22:24:53,31479,2015,개,통계청 : 주민안전>보건의료>주민1만명당병상수,2800000000,2023/01/02 22:27:28
2023/01/02 22:24:54,1901,2015,개,통계청 : 주민안전>보건의료>주민1만명당병상수,2811000000,2023/01/02 22:27:28
2023/01/02 22:24:54,782,2015,개,통계청 : 주민안전>보건의료>주민1만명당병상수,2814000000,2023/01/02 22:27:28
2023/01/02 22:24:55,4769,2015,개,통계청 : 주민안전>보건의료>주민1만명당병상수,2817000000,2023/01/02 22:27:28
2023/01/02 22:24:56,1784,2015,개,통계청 : 주민안전>보건의료>주민1만명당병상수,2818500000,2023/01/02 22:27:28
2023/01/02 22:24:56,6236,2015,개,통계청 : 주민안전>보건의료>주민1만명당병상수,2820000000,2023/01/02 22:27:28
2023/01/02 22:24:57,5510,2015,개,통계청 : 주민안전>보건의료>주민1만명당병상수,2823700000,2023/01/02 22:27:28
2023/01/02 22:24:57,4161,2015,개,통계청 : 주민안전>보건의료>주민1만명당병상수,2824500000,2023/01/02 22:27:28
2023/01/02 22:24:58,5446,2015,개,통계청 : 주민안전>보건의료>주민1만명당병상수,2826000000,2023/01/02 22:27:28
2023/01/02 22:25:00,832,2015,개,통계청 : 주민안전>보건의료>주민1만명당병상수,2871000000,2023/01/02 22:27:28
2023/01/02 22:25:01,58,2015,개,통계청 : 주민안전>보건의료>주민1만명당병상수,2872000000,2023/01/02 22:27:28
2023/01/02 22:25:01,37471,2015,개,통계청 : 주민안전>보건의료>주민1만명당병상수,2900000000,2023/01/02 22:27:28
2023/01/02 22:25:02,5655,2015,개,통계청 : 주민안전>보건의료>주민1만명당병상수,2911000000,2023/01/02 22:27:28
2023/01/02 22:25:03,6270,2015,개,통계청 : 주민안전>보건의료>주민1만명당병상수,2914000000,2023/01/02 22:27:28
2023/01/02 22:25:03,5974,2015,개,통계청 : 주민안전>보건의료>주민1만명당병상수,2915500000,2023/01/02 22:27:28
2023/01/02 22:25:04,9913,2015,개,통계청 : 주민안전>보건의료>주민1만명당병상수,2917000000,2023/01/02 22:27:28
2023/01/02 22:25:04,9659,2015,개,통계청 : 주민안전>보건의료>주민1만명당병상수,2920000000,2023/01/02 22:27:28
2023/01/02 22:25:05,23529,2015,개,통계청 : 주민안전>보건의료>주민1만명당병상수,3000000000,2023/01/02 22:27:28
2023/01/02 22:25:06,3116,2015,개,통계청 : 주민안전>보건의료>주민1만명당병상수,3011000000,2023/01/02 22:27:28
2023/01/02 22:25:06,5873,2015,개,통계청 : 주민안전>보건의료>주민1만명당병상수,3014000000,2023/01/02 22:27:28
2023/01/02 22:25:07,7673,2015,개,통계청 : 주민안전>보건의료>주민1만명당병상수,3017000000,2023/01/02 22:27:28
2023/01/02 22:25:07,3884,2015,개,통계청 : 주민안전>보건의료>주민1만명당병상수,3020000000,2023/01/02 22:27:28
2023/01/02 22:25:08,2983,2015,개,통계청 : 주민안전>보건의료>주민1만명당병상수,3023000000,2023/01/02 22:27:28
2023/01/02 22:25:09,14343,2015,개,통계청 : 주민안전>보건의료>주민1만명당병상수,3100000000,2023/01/02 22:27:28
2023/01/02 22:25:09,2630,2015,개,통계청 : 주민안전>보건의료>주민1만명당병상수,3111000000,2023/01/02 22:27:28
2023/01/02 22:25:10,5505,2015,개,통계청 : 주민안전>보건의료>주민1만명당병상수,3114000000,2023/01/02 22:27:28
2023/01/02 22:25:11,1980,2015,개,통계청 : 주민안전>보건의료>주민1만명당병상수,3117000000,2023/01/02 22:27:28
2023/01/02 22:25:11,997,2015,개,통계청 : 주민안전>보건의료>주민1만명당병상수,3120000000,2023/01/02 22:27:28
2023/01/02 22:25:12,3231,2015,개,통계청 : 주민안전>보건의료>주민1만명당병상수,3171000000,2023/01/02 22:27:28
2023/01/02 22:25:12,1229,2015,개,통계청 : 주민안전>보건의료>주민1만명당병상수,3611000000,2023/01/02 22:27:28
2023/01/02 22:25:13,127026,2015,개,통계청 : 주민안전>보건의료>주민1만명당병상수,4100000000,2023/01/02 22:27:28
2023/01/02 22:25:14,10526,2015,개,통계청 : 주민안전>보건의료>주민1만명당병상수,4111000000,2023/01/02 22:27:28
2023/01/02 22:25:14,9131,2015,개,통계청 : 주민안전>보건의료>주민1만명당병상수,4113000000,2023/01/02 22:27:28
2023/01/02 22:25:15,5465,2015,개,통계청 : 주민안전>보건의료>주민1만명당병상수,4115000000,2023/01/02 22:27:28
2023/01/02 22:25:15,4785,2015,개,통계청 : 주민안전>보건의료>주민1만명당병상수,4117000000,2023/01/02 22:27:28
2023/01/02 22:25:16,11868,2015,개,통계청 : 주민안전>보건의료>주민1만명당병상수,4119000000,2023/01/02 22:27:28
2023/01/02 22:25:17,2076,2015,개,통계청 : 주민안전>보건의료>주민1만명당병상수,4121000000,2023/01/02 22:27:28
2023/01/02 22:25:17,4171,2015,개,통계청 : 주민안전>보건의료>주민1만명당병상수,4122000000,2023/01/02 22:27:28
2023/01/02 22:25:18,2549,2015,개,통계청 : 주민안전>보건의료>주민1만명당병상수,4125000000,2023/01/02 22:27:28
2023/01/02 22:25:18,9492,2015,개,통계청 : 주민안전>보건의료>주민1만명당병상수,4127000000,2023/01/02 22:27:28
2023/01/02 22:25:19,12798,2015,개,통계청 : 주민안전>보건의료>주민1만명당병상수,4128000000,2023/01/02 22:27:28
2023/01/02 22:25:20,18,2015,개,통계청 : 주민안전>보건의료>주민1만명당병상수,4129000000,2023/01/02 22:27:28
2023/01/02 22:25:20,2427,2015,개,통계청 : 주민안전>보건의료>주민1만명당병상수,4131000000,2023/01/02 22:27:28
2023/01/02 22:25:21,5570,2015,개,통계청 : 주민안전>보건의료>주민1만명당병상수,4136000000,2023/01/02 22:27:28
2023/01/02 22:25:22,1987,2015,개,통계청 : 주민안전>보건의료>주민1만명당병상수,4137000000,2023/01/02 22:27:28
2023/01/02 22:25:22,4199,2015,개,통계청 : 주민안전>보건의료>주민1만명당병상수,4139000000,2023/01/02 22:27:28
2023/01/02 22:25:23,2507,2015,개,통계청 : 주민안전>보건의료>주민1만명당병상수,4141000000,2023/01/02 22:27:28
2023/01/02 22:25:23,1994,2015,개,통계청 : 주민안전>보건의료>주민1만명당병상수,4143000000,2023/01/02 22:27:28
2023/01/02 22:25:24,728,2015,개,통계청 : 주민안전>보건의료>주민1만명당병상수,4145000000,2023/01/02 22:27:28
2023/01/02 22:25:25,8985,2015,개,통계청 : 주민안전>보건의료>주민1만명당병상수,4146000000,2023/01/02 22:27:28
2023/01/02 22:25:25,3764,2015,개,통계청 : 주민안전>보건의료>주민1만명당병상수,4148000000,2023/01/02 22:27:28
2023/01/02 22:25:26,1867,2015,개,통계청 : 주민안전>보건의료>주민1만명당병상수,4150000000,2023/01/02 22:27:28
2023/01/02 22:25:26,2308,2015,개,통계청 : 주민안전>보건의료>주민1만명당병상수,4155000000,2023/01/02 22:27:28
2023/01/02 22:25:27,2927,2015,개,통계청 : 주민안전>보건의료>주민1만명당병상수,4157000000,2023/01/02 22:27:28
2023/01/02 22:25:28,4675,2015,개,통계청 : 주민안전>보건의료>주민1만명당병상수,4159000000,2023/01/02 22:27:28
2023/01/02 22:25:28,1424,2015,개,통계청 : 주민안전>보건의료>주민1만명당병상수,4161000000,2023/01/02 22:27:28
2023/01/02 22:25:29,2194,2015,개,통계청 : 주민안전>보건의료>주민1만명당병상수,4163000000,2023/01/02 22:27:28
2023/01/02 22:25:30,2064,2015,개,통계청 : 주민안전>보건의료>주민1만명당병상수,4165000000,2023/01/02 22:27:28
2023/01/02 22:25:30,1795,2015,개,통계청 : 주민안전>보건의료>주민1만명당병상수,4173000000,2023/01/02 22:27:28
2023/01/02 22:25:31,323,2015,개,통계청 : 주민안전>보건의료>주민1만명당병상수,4180000000,2023/01/02 22:27:28
2023/01/02 22:25:31,1222,2015,개,통계청 : 주민안전>보건의료>주민1만명당병상수,4182000000,2023/01/02 22:27:28
2023/01/02 22:25:32,1187,2015,개,통계청 : 주민안전>보건의료>주민1만명당병상수,4183000000,2023/01/02 22:27:28
2023/01/02 22:25:33,18703,2015,개,통계청 : 주민안전>보건의료>주민1만명당병상수,4200000000,2023/01/02 22:27:28
2023/01/02 22:25:33,4272,2015,개,통계청 : 주민안전>보건의료>주민1만명당병상수,4211000000,2023/01/02 22:27:28
2023/01/02 22:25:34,4817,2015,개,통계청 : 주민안전>보건의료>주민1만명당병상수,4213000000,2023/01/02 22:27:28
2023/01/02 22:25:35,3013,2015,개,통계청 : 주민안전>보건의료>주민1만명당병상수,4215000000,2023/01/02 22:27:28
2023/01/02 22:25:35,1578,2015,개,통계청 : 주민안전>보건의료>주민1만명당병상수,4217000000,2023/01/02 22:27:28
2023/01/02 22:25:36,680,2015,개,통계청 : 주민안전>보건의료>주민1만명당병상수,4219000000,2023/01/02 22:27:28
2023/01/02 22:25:36,987,2015,개,통계청 : 주민안전>보건의료>주민1만명당병상수,4221000000,2023/01/02 22:27:28
2023/01/02 22:25:37,424,2015,개,통계청 : 주민안전>보건의료>주민1만명당병상수,4223000000,2023/01/02 22:27:28
2023/01/02 22:25:38,840,2015,개,통계청 : 주민안전>보건의료>주민1만명당병상수,4272000000,2023/01/02 22:27:28
2023/01/02 22:25:38,248,2015,개,통계청 : 주민안전>보건의료>주민1만명당병상수,4273000000,2023/01/02 22:27:28
2023/01/02 22:25:39,390,2015,개,통계청 : 주민안전>보건의료>주민1만명당병상수,4275000000,2023/01/02 22:27:28
2023/01/02 22:25:39,190,2015,개,통계청 : 주민안전>보건의료>주민1만명당병상수,4276000000,2023/01/02 22:27:28
2023/01/02 22:25:40,343,2015,개,통계청 : 주민안전>보건의료>주민1만명당병상수,4277000000,2023/01/02 22:27:28
2023/01/02 22:25:41,445,2015,개,통계청 : 주민안전>보건의료>주민1만명당병상수,4278000000,2023/01/02 22:27:28
2023/01/02 22:25:42,50,2015,개,통계청 : 주민안전>보건의료>주민1만명당병상수,4279000000,2023/01/02 22:27:28
2023/01/02 22:25:43,197,2015,개,통계청 : 주민안전>보건의료>주민1만명당병상수,4280000000,2023/01/02 22:27:28
2023/01/02 22:25:43,191,2015,개,통계청 : 주민안전>보건의료>주민1만명당병상수,4281000000,2023/01/02 22:27:28
2023/01/02 22:25:44,8,2015,개,통계청 : 주민안전>보건의료>주민1만명당병상수,4282000000,2023/01/02 22:27:28
2023/01/02 22:25:44,30,2015,개,통계청 : 주민안전>보건의료>주민1만명당병상수,4283000000,2023/01/02 22:27:28
2023/01/02 22:25:45,20288,2015,개,통계청 : 주민안전>보건의료>주민1만명당병상수,4300000000,2023/01/02 22:27:28
2023/01/02 22:25:46,8653,2015,개,통계청 : 주민안전>보건의료>주민1만명당병상수,4311000000,2023/01/02 22:27:28
2023/01/02 22:25:46,2606,2015,개,통계청 : 주민안전>보건의료>주민1만명당병상수,4313000000,2023/01/02 22:27:28
2023/01/02 22:25:47,2556,2015,개,통계청 : 주민안전>보건의료>주민1만명당병상수,4315000000,2023/01/02 22:27:28
2023/01/02 22:25:47,0,2015,개,통계청 : 주민안전>보건의료>주민1만명당병상수,4371000000,2023/01/02 22:27:28
2023/01/02 22:25:48,736,2015,개,통계청 : 주민안전>보건의료>주민1만명당병상수,4372000000,2023/01/02 22:27:28
2023/01/02 22:25:49,1131,2015,개,통계청 : 주민안전>보건의료>주민1만명당병상수,4373000000,2023/01/02 22:27:28
2023/01/02 22:25:49,654,2015,개,통계청 : 주민안전>보건의료>주민1만명당병상수,4374000000,2023/01/02 22:27:28
2023/01/02 22:25:50,176,2015,개,통계청 : 주민안전>보건의료>주민1만명당병상수,4374500000,2023/01/02 22:27:28
2023/01/02 22:25:50,678,2015,개,통계청 : 주민안전>보건의료>주민1만명당병상수,4375000000,2023/01/02 22:27:28
2023/01/02 22:25:51,365,2015,개,통계청 : 주민안전>보건의료>주민1만명당병상수,4376000000,2023/01/02 22:27:28
2023/01/02 22:25:52,2522,2015,개,통계청 : 주민안전>보건의료>주민1만명당병상수,4377000000,2023/01/02 22:27:28
2023/01/02 22:25:52,211,2015,개,통계청 : 주민안전>보건의료>주민1만명당병상수,4380000000,2023/01/02 22:27:28
2023/01/02 22:25:53,27362,2015,개,통계청 : 주민안전>보건의료>주민1만명당병상수,4400000000,2023/01/02 22:27:28
2023/01/02 22:25:54,7566,2015,개,통계청 : 주민안전>보건의료>주민1만명당병상수,4413000000,2023/01/02 22:27:28
2023/01/02 22:25:54,2747,2015,개,통계청 : 주민안전>보건의료>주민1만명당병상수,4415000000,2023/01/02 22:27:28
2023/01/02 22:25:55,1244,2015,개,통계청 : 주민안전>보건의료>주민1만명당병상수,4418000000,2023/01/02 22:27:28
2023/01/02 22:25:55,3391,2015,개,통계청 : 주민안전>보건의료>주민1만명당병상수,4420000000,2023/01/02 22:27:28
2023/01/02 22:25:56,1164,2015,개,통계청 : 주민안전>보건의료>주민1만명당병상수,4421000000,2023/01/02 22:27:28
2023/01/02 22:25:57,3373,2015,개,통계청 : 주민안전>보건의료>주민1만명당병상수,4423000000,2023/01/02 22:27:28
2023/01/02 22:25:57,187,2015,개,통계청 : 주민안전>보건의료>주민1만명당병상수,4425000000,2023/01/02 22:27:28
2023/01/02 22:25:58,749,2015,개,통계청 : 주민안전>보건의료>주민1만명당병상수,4471000000,2023/01/02 22:27:28
2023/01/02 22:25:59,0,2015,개,통계청 : 주민안전>보건의료>주민1만명당병상수,4473000000,2023/01/02 22:27:28
2023/01/02 22:26:00,1285,2015,개,통계청 : 주민안전>보건의료>주민1만명당병상수,4476000000,2023/01/02 22:27:28
2023/01/02 22:26:00,1259,2015,개,통계청 : 주민안전>보건의료>주민1만명당병상수,4477000000,2023/01/02 22:27:28
2023/01/02 22:26:01,265,2015,개,통계청 : 주민안전>보건의료>주민1만명당병상수,4479000000,2023/01/02 22:27:28
2023/01/02 22:26:01,1687,2015,개,통계청 : 주민안전>보건의료>주민1만명당병상수,4480000000,2023/01/02 22:27:28
2023/01/02 22:26:02,751,2015,개,통계청 : 주민안전>보건의료>주민1만명당병상수,4481000000,2023/01/02 22:27:28
2023/01/02 22:26:03,510,2015,개,통계청 : 주민안전>보건의료>주민1만명당병상수,4482500000,2023/01/02 22:27:28
2023/01/02 22:25:58,1184,2015,개,통계청 : 주민안전>보건의료>주민1만명당병상수,4483000000,2023/01/02 22:27:28
2023/01/02 22:26:03,38300,2015,개,통계청 : 주민안전>보건의료>주민1만명당병상수,4500000000,2023/01/02 22:27:28
2023/01/02 22:26:04,16155,2015,개,통계청 : 주민안전>보건의료>주민1만명당병상수,4511000000,2023/01/02 22:27:28
2023/01/02 22:26:04,4128,2015,개,통계청 : 주민안전>보건의료>주민1만명당병상수,4513000000,2023/01/02 22:27:28
2023/01/02 22:26:05,4911,2015,개,통계청 : 주민안전>보건의료>주민1만명당병상수,4514000000,2023/01/02 22:27:28
2023/01/02 22:26:06,2224,2015,개,통계청 : 주민안전>보건의료>주민1만명당병상수,4518000000,2023/01/02 22:27:28
2023/01/02 22:26:06,1535,2015,개,통계청 : 주민안전>보건의료>주민1만명당병상수,4519000000,2023/01/02 22:27:28
2023/01/02 22:26:07,3344,2015,개,통계청 : 주민안전>보건의료>주민1만명당병상수,4521000000,2023/01/02 22:27:28
2023/01/02 22:26:08,2301,2015,개,통계청 : 주민안전>보건의료>주민1만명당병상수,4571000000,2023/01/02 22:27:28
2023/01/02 22:26:08,313,2015,개,통계청 : 주민안전>보건의료>주민1만명당병상수,4572000000,2023/01/02 22:27:28
2023/01/02 22:26:09,138,2015,개,통계청 : 주민안전>보건의료>주민1만명당병상수,4573000000,2023/01/02 22:27:28
2023/01/02 22:26:09,34,2015,개,통계청 : 주민안전>보건의료>주민1만명당병상수,4574000000,2023/01/02 22:27:28
2023/01/02 22:26:10,250,2015,개,통계청 : 주민안전>보건의료>주민1만명당병상수,4575000000,2023/01/02 22:27:28
2023/01/02 22:26:11,751,2015,개,통계청 : 주민안전>보건의료>주민1만명당병상수,4577000000,2023/01/02 22:27:28
2023/01/02 22:26:11,924,2015,개,통계청 : 주민안전>보건의료>주민1만명당병상수,4579000000,2023/01/02 22:27:28
2023/01/02 22:26:12,1292,2015,개,통계청 : 주민안전>보건의료>주민1만명당병상수,4580000000,2023/01/02 22:27:28
2023/01/02 22:26:13,40089,2015,개,통계청 : 주민안전>보건의료>주민1만명당병상수,4600000000,2023/01/02 22:27:28
2023/01/02 22:26:13,7540,2015,개,통계청 : 주민안전>보건의료>주민1만명당병상수,4611000000,2023/01/02 22:27:28
2023/01/02 22:26:14,4100,2015,개,통계청 : 주민안전>보건의료>주민1만명당병상수,4613000000,2023/01/02 22:27:28
2023/01/02 22:26:14,5858,2015,개,통계청 : 주민안전>보건의료>주민1만명당병상수,4615000000,2023/01/02 22:27:28
2023/01/02 22:26:15,4000,2015,개,통계청 : 주민안전>보건의료>주민1만명당병상수,4617000000,2023/01/02 22:27:28
2023/01/02 22:26:16,1013,2015,개,통계청 : 주민안전>보건의료>주민1만명당병상수,4623000000,2023/01/02 22:27:28
2023/01/02 22:26:16,1569,2015,개,통계청 : 주민안전>보건의료>주민1만명당병상수,4671000000,2023/01/02 22:27:28
2023/01/02 22:26:17,421,2015,개,통계청 : 주민안전>보건의료>주민1만명당병상수,4672000000,2023/01/02 22:27:28
2023/01/02 22:26:17,666,2015,개,통계청 : 주민안전>보건의료>주민1만명당병상수,4673000000,2023/01/02 22:27:28
2023/01/02 22:26:18,1450,2015,개,통계청 : 주민안전>보건의료>주민1만명당병상수,4677000000,2023/01/02 22:27:28
2023/01/02 22:26:19,1415,2015,개,통계청 : 주민안전>보건의료>주민1만명당병상수,4678000000,2023/01/02 22:27:28
2023/01/02 22:26:19,4030,2015,개,통계청 : 주민안전>보건의료>주민1만명당병상수,4679000000,2023/01/02 22:27:28
2023/01/02 22:26:20,367,2015,개,통계청 : 주민안전>보건의료>주민1만명당병상수,4680000000,2023/01/02 22:27:28
2023/01/02 22:26:21,411,2015,개,통계청 : 주민안전>보건의료>주민1만명당병상수,4681000000,2023/01/02 22:27:28
2023/01/02 22:26:21,1723,2015,개,통계청 : 주민안전>보건의료>주민1만명당병상수,4682000000,2023/01/02 22:27:28
2023/01/02 22:26:22,1138,2015,개,통계청 : 주민안전>보건의료>주민1만명당병상수,4683000000,2023/01/02 22:27:28
2023/01/02 22:26:22,729,2015,개,통계청 : 주민안전>보건의료>주민1만명당병상수,4684000000,2023/01/02 22:27:28
2023/01/02 22:26:23,774,2015,개,통계청 : 주민안전>보건의료>주민1만명당병상수,4686000000,2023/01/02 22:27:28
2023/01/02 22:26:24,1168,2015,개,통계청 : 주민안전>보건의료>주민1만명당병상수,4687000000,2023/01/02 22:27:28
2023/01/02 22:26:24,1126,2015,개,통계청 : 주민안전>보건의료>주민1만명당병상수,4688000000,2023/01/02 22:27:28
2023/01/02 22:26:25,165,2015,개,통계청 : 주민안전>보건의료>주민1만명당병상수,4689000000,2023/01/02 22:27:28
2023/01/02 22:26:26,217,2015,개,통계청 : 주민안전>보건의료>주민1만명당병상수,4690000000,2023/01/02 22:27:28
2023/01/02 22:26:26,209,2015,개,통계청 : 주민안전>보건의료>주민1만명당병상수,4691000000,2023/01/02 22:27:28
2023/01/02 22:26:27,42922,2015,개,통계청 : 주민안전>보건의료>주민1만명당병상수,4700000000,2023/01/02 22:27:28
2023/01/02 22:26:27,8202,2015,개,통계청 : 주민안전>보건의료>주민1만명당병상수,4711000000,2023/01/02 22:27:28
2023/01/02 22:26:28,4714,2015,개,통계청 : 주민안전>보건의료>주민1만명당병상수,4713000000,2023/01/02 22:27:28
2023/01/02 22:26:28,2241,2015,개,통계청 : 주민안전>보건의료>주민1만명당병상수,4715000000,2023/01/02 22:27:28
2023/01/02 22:26:29,5133,2015,개,통계청 : 주민안전>보건의료>주민1만명당병상수,4717000000,2023/01/02 22:27:28
2023/01/02 22:26:30,3637,2015,개,통계청 : 주민안전>보건의료>주민1만명당병상수,4719000000,2023/01/02 22:27:28
2023/01/02 22:26:30,2098,2015,개,통계청 : 주민안전>보건의료>주민1만명당병상수,4721000000,2023/01/02 22:27:28
2023/01/02 22:26:31,2104,2015,개,통계청 : 주민안전>보건의료>주민1만명당병상수,4723000000,2023/01/02 22:27:28
2023/01/02 22:26:31,1146,2015,개,통계청 : 주민안전>보건의료>주민1만명당병상수,4725000000,2023/01/02 22:27:28
2023/01/02 22:26:32,1301,2015,개,통계청 : 주민안전>보건의료>주민1만명당병상수,4728000000,2023/01/02 22:27:28
2023/01/02 22:26:33,4229,2015,개,통계청 : 주민안전>보건의료>주민1만명당병상수,4729000000,2023/01/02 22:27:28
2023/01/02 22:26:33,100,2015,개,통계청 : 주민안전>보건의료>주민1만명당병상수,4772000000,2023/01/02 22:27:28
2023/01/02 22:26:34,1196,2015,개,통계청 : 주민안전>보건의료>주민1만명당병상수,4773000000,2023/01/02 22:27:28
2023/01/02 22:26:35,354,2015,개,통계청 : 주민안전>보건의료>주민1만명당병상수,4775000000,2023/01/02 22:27:28
2023/01/02 22:26:35,50,2015,개,통계청 : 주민안전>보건의료>주민1만명당병상수,4776000000,2023/01/02 22:27:28
2023/01/02 22:26:36,565,2015,개,통계청 : 주민안전>보건의료>주민1만명당병상수,4777000000,2023/01/02 22:27:28
2023/01/02 22:26:37,1508,2015,개,통계청 : 주민안전>보건의료>주민1만명당병상수,4782000000,2023/01/02 22:27:28
2023/01/02 22:26:37,324,2015,개,통계청 : 주민안전>보건의료>주민1만명당병상수,4783000000,2023/01/02 22:27:28
2023/01/02 22:26:38,829,2015,개,통계청 : 주민안전>보건의료>주민1만명당병상수,4784000000,2023/01/02 22:27:28
2023/01/02 22:26:38,1946,2015,개,통계청 : 주민안전>보건의료>주민1만명당병상수,4785000000,2023/01/02 22:27:28
2023/01/02 22:26:39,586,2015,개,통계청 : 주민안전>보건의료>주민1만명당병상수,4790000000,2023/01/02 22:27:28
2023/01/02 22:26:40,273,2015,개,통계청 : 주민안전>보건의료>주민1만명당병상수,4792000000,2023/01/02 22:27:28
2023/01/02 22:26:40,323,2015,개,통계청 : 주민안전>보건의료>주민1만명당병상수,4793000000,2023/01/02 22:27:28
2023/01/02 22:26:41,63,2015,개,통계청 : 주민안전>보건의료>주민1만명당병상수,4794000000,2023/01/02 22:27:28
2023/01/02 22:26:42,57176,2015,개,통계청 : 주민안전>보건의료>주민1만명당병상수,4800000000,2023/01/02 22:27:28
2023/01/02 22:26:42,18956,2015,개,통계청 : 주민안전>보건의료>주민1만명당병상수,4812000000,2023/01/02 22:27:28
2023/01/02 22:26:43,5071,2015,개,통계청 : 주민안전>보건의료>주민1만명당병상수,4817000000,2023/01/02 22:27:28
2023/01/02 22:26:43,1919,2015,개,통계청 : 주민안전>보건의료>주민1만명당병상수,4822000000,2023/01/02 22:27:28
2023/01/02 22:26:44,2885,2015,개,통계청 : 주민안전>보건의료>주민1만명당병상수,4824000000,2023/01/02 22:27:28
2023/01/02 22:26:45,9754,2015,개,통계청 : 주민안전>보건의료>주민1만명당병상수,4825000000,2023/01/02 22:27:28
2023/01/02 22:26:45,2367,2015,개,통계청 : 주민안전>보건의료>주민1만명당병상수,4827000000,2023/01/02 22:27:28
2023/01/02 22:26:46,2330,2015,개,통계청 : 주민안전>보건의료>주민1만명당병상수,4831000000,2023/01/02 22:27:28
2023/01/02 22:26:47,6637,2015,개,통계청 : 주민안전>보건의료>주민1만명당병상수,4833000000,2023/01/02 22:27:28
2023/01/02 22:26:47,619,2015,개,통계청 : 주민안전>보건의료>주민1만명당병상수,4872000000,2023/01/02 22:27:28
2023/01/02 22:26:48,1130,2015,개,통계청 : 주민안전>보건의료>주민1만명당병상수,4873000000,2023/01/02 22:27:28
2023/01/02 22:26:48,2093,2015,개,통계청 : 주민안전>보건의료>주민1만명당병상수,4874000000,2023/01/02 22:27:28
2023/01/02 22:26:49,924,2015,개,통계청 : 주민안전>보건의료>주민1만명당병상수,4882000000,2023/01/02 22:27:28
2023/01/02 22:26:50,282,2015,개,통계청 : 주민안전>보건의료>주민1만명당병상수,4884000000,2023/01/02 22:27:28
2023/01/02 22:26:50,575,2015,개,통계청 : 주민안전>보건의료>주민1만명당병상수,4885000000,2023/01/02 22:27:28
2023/01/02 22:26:51,37,2015,개,통계청 : 주민안전>보건의료>주민1만명당병상수,4886000000,2023/01/02 22:27:28
2023/01/02 22:26:52,136,2015,개,통계청 : 주민안전>보건의료>주민1만명당병상수,4887000000,2023/01/02 22:27:28
2023/01/02 22:26:52,660,2015,개,통계청 : 주민안전>보건의료>주민1만명당병상수,4888000000,2023/01/02 22:27:28
2023/01/02 22:26:53,801,2015,개,통계청 : 주민안전>보건의료>주민1만명당병상수,4889000000,2023/01/02 22:27:28
2023/01/02 22:26:53,4853,2015,개,통계청 : 주민안전>보건의료>주민1만명당병상수,5000000000,2023/01/02 22:27:28
2023/01/02 22:26:54,4248,2015,개,통계청 : 주민안전>보건의료>주민1만명당병상수,5011000000,2023/01/02 22:27:28
2023/01/02 22:26:55,605,2015,개,통계청 : 주민안전>보건의료>주민1만명당병상수,5013000000,2023/01/02 22:27:28
2023/01/02 21:50:06,86420,2016,개,통계청 : 주민안전>보건의료>주민1만명당병상수,1100000000,2023/01/02 21:52:43
2023/01/02 21:50:06,3295,2016,개,통계청 : 주민안전>보건의료>주민1만명당병상수,1111000000,2023/01/02 21:52:43
2023/01/02 21:50:07,1649,2016,개,통계청 : 주민안전>보건의료>주민1만명당병상수,1114000000,2023/01/02 21:52:43
2023/01/02 21:50:07,1005,2016,개,통계청 : 주민안전>보건의료>주민1만명당병상수,1117000000,2023/01/02 21:52:43
2023/01/02 21:50:08,1764,2016,개,통계청 : 주민안전>보건의료>주민1만명당병상수,1120000000,2023/01/02 21:52:43
2023/01/02 21:50:09,2360,2016,개,통계청 : 주민안전>보건의료>주민1만명당병상수,1121500000,2023/01/02 21:52:43
2023/01/02 21:50:09,6376,2016,개,통계청 : 주민안전>보건의료>주민1만명당병상수,1123000000,2023/01/02 21:52:43
2023/01/02 21:50:10,3314,2016,개,통계청 : 주민안전>보건의료>주민1만명당병상수,1126000000,2023/01/02 21:52:43
2023/01/02 21:50:10,3141,2016,개,통계청 : 주민안전>보건의료>주민1만명당병상수,1129000000,2023/01/02 21:52:43
2023/01/02 21:50:11,1989,2016,개,통계청 : 주민안전>보건의료>주민1만명당병상수,1130500000,2023/01/02 21:52:43
2023/01/02 21:50:11,3022,2016,개,통계청 : 주민안전>보건의료>주민1만명당병상수,1132000000,2023/01/02 21:52:43
2023/01/02 21:50:12,3924,2016,개,통계청 : 주민안전>보건의료>주민1만명당병상수,1135000000,2023/01/02 21:52:43
2023/01/02 21:50:12,3613,2016,개,통계청 : 주민안전>보건의료>주민1만명당병상수,1138000000,2023/01/02 21:52:43
2023/01/02 21:50:13,3950,2016,개,통계청 : 주민안전>보건의료>주민1만명당병상수,1141000000,2023/01/02 21:52:43
2023/01/02 21:50:14,715,2016,개,통계청 : 주민안전>보건의료>주민1만명당병상수,1144000000,2023/01/02 21:52:43
2023/01/02 21:50:14,2823,2016,개,통계청 : 주민안전>보건의료>주민1만명당병상수,1147000000,2023/01/02 21:52:43
2023/01/02 21:50:15,3547,2016,개,통계청 : 주민안전>보건의료>주민1만명당병상수,1150000000,2023/01/02 21:52:43
2023/01/02 21:50:15,3721,2016,개,통계청 : 주민안전>보건의료>주민1만명당병상수,1153000000,2023/01/02 21:52:43
2023/01/02 21:50:16,2031,2016,개,통계청 : 주민안전>보건의료>주민1만명당병상수,1154500000,2023/01/02 21:52:43
2023/01/02 21:50:16,5782,2016,개,통계청 : 주민안전>보건의료>주민1만명당병상수,1156000000,2023/01/02 21:52:43
2023/01/02 21:50:17,2918,2016,개,통계청 : 주민안전>보건의료>주민1만명당병상수,1159000000,2023/01/02 21:52:43
2023/01/02 21:50:17,2446,2016,개,통계청 : 주민안전>보건의료>주민1만명당병상수,1162000000,2023/01/02 21:52:43
2023/01/02 21:50:18,3274,2016,개,통계청 : 주민안전>보건의료>주민1만명당병상수,1165000000,2023/01/02 21:52:43
2023/01/02 21:50:18,7564,2016,개,통계청 : 주민안전>보건의료>주민1만명당병상수,1168000000,2023/01/02 21:52:43
2023/01/02 21:50:19,6342,2016,개,통계청 : 주민안전>보건의료>주민1만명당병상수,1171000000,2023/01/02 21:52:43
2023/01/02 21:50:20,5855,2016,개,통계청 : 주민안전>보건의료>주민1만명당병상수,1174000000,2023/01/02 21:52:43
2023/01/02 21:50:20,71129,2016,개,통계청 : 주민안전>보건의료>주민1만명당병상수,2600000000,2023/01/02 21:52:43
2023/01/02 21:50:21,1834,2016,개,통계청 : 주민안전>보건의료>주민1만명당병상수,2611000000,2023/01/02 21:52:43
2023/01/02 21:50:21,5051,2016,개,통계청 : 주민안전>보건의료>주민1만명당병상수,2614000000,2023/01/02 21:52:43
2023/01/02 21:50:22,3137,2016,개,통계청 : 주민안전>보건의료>주민1만명당병상수,2617000000,2023/01/02 21:52:43
2023/01/02 21:50:22,1687,2016,개,통계청 : 주민안전>보건의료>주민1만명당병상수,2620000000,2023/01/02 21:52:43
2023/01/02 21:50:23,6711,2016,개,통계청 : 주민안전>보건의료>주민1만명당병상수,2623000000,2023/01/02 21:52:43
2023/01/02 21:50:23,5743,2016,개,통계청 : 주민안전>보건의료>주민1만명당병상수,2626000000,2023/01/02 21:52:43
2023/01/02 21:50:24,3621,2016,개,통계청 : 주민안전>보건의료>주민1만명당병상수,2629000000,2023/01/02 21:52:43
2023/01/02 21:50:24,4742,2016,개,통계청 : 주민안전>보건의료>주민1만명당병상수,2632000000,2023/01/02 21:52:43
2023/01/02 21:50:25,6432,2016,개,통계청 : 주민안전>보건의료>주민1만명당병상수,2635000000,2023/01/02 21:52:43
2023/01/02 21:50:26,7631,2016,개,통계청 : 주민안전>보건의료>주민1만명당병상수,2638000000,2023/01/02 21:52:43
2023/01/02 21:50:26,5710,2016,개,통계청 : 주민안전>보건의료>주민1만명당병상수,2641000000,2023/01/02 21:52:43
2023/01/02 21:50:27,384,2016,개,통계청 : 주민안전>보건의료>주민1만명당병상수,2644000000,2023/01/02 21:52:43
2023/01/02 21:50:27,5258,2016,개,통계청 : 주민안전>보건의료>주민1만명당병상수,2647000000,2023/01/02 21:52:43
2023/01/02 21:50:28,4411,2016,개,통계청 : 주민안전>보건의료>주민1만명당병상수,2650000000,2023/01/02 21:52:43
2023/01/02 21:50:28,6648,2016,개,통계청 : 주민안전>보건의료>주민1만명당병상수,2653000000,2023/01/02 21:52:43
2023/01/02 21:50:29,2129,2016,개,통계청 : 주민안전>보건의료>주민1만명당병상수,2671000000,2023/01/02 21:52:43
2023/01/02 21:50:29,36653,2016,개,통계청 : 주민안전>보건의료>주민1만명당병상수,2700000000,2023/01/02 21:52:43
2023/01/02 21:50:30,3832,2016,개,통계청 : 주민안전>보건의료>주민1만명당병상수,2711000000,2023/01/02 21:52:43
2023/01/02 21:50:30,4082,2016,개,통계청 : 주민안전>보건의료>주민1만명당병상수,2714000000,2023/01/02 21:52:43
2023/01/02 21:50:31,3812,2016,개,통계청 : 주민안전>보건의료>주민1만명당병상수,2717000000,2023/01/02 21:52:43
2023/01/02 21:50:32,4441,2016,개,통계청 : 주민안전>보건의료>주민1만명당병상수,2720000000,2023/01/02 21:52:43
2023/01/02 21:50:32,6395,2016,개,통계청 : 주민안전>보건의료>주민1만명당병상수,2723000000,2023/01/02 21:52:43
2023/01/02 21:50:33,3604,2016,개,통계청 : 주민안전>보건의료>주민1만명당병상수,2726000000,2023/01/02 21:52:43
2023/01/02 21:50:33,8107,2016,개,통계청 : 주민안전>보건의료>주민1만명당병상수,2729000000,2023/01/02 21:52:43
2023/01/02 21:50:34,2380,2016,개,통계청 : 주민안전>보건의료>주민1만명당병상수,2771000000,2023/01/02 21:52:43
2023/01/02 21:50:34,32093,2016,개,통계청 : 주민안전>보건의료>주민1만명당병상수,2800000000,2023/01/02 21:52:43
2023/01/02 21:50:35,1888,2016,개,통계청 : 주민안전>보건의료>주민1만명당병상수,2811000000,2023/01/02 21:52:43
2023/01/02 21:50:36,812,2016,개,통계청 : 주민안전>보건의료>주민1만명당병상수,2814000000,2023/01/02 21:52:43
2023/01/02 21:50:36,5190,2016,개,통계청 : 주민안전>보건의료>주민1만명당병상수,2817000000,2023/01/02 21:52:43
2023/01/02 21:50:37,1727,2016,개,통계청 : 주민안전>보건의료>주민1만명당병상수,2818500000,2023/01/02 21:52:43
2023/01/02 21:50:37,6488,2016,개,통계청 : 주민안전>보건의료>주민1만명당병상수,2820000000,2023/01/02 21:52:43
2023/01/02 21:50:38,5545,2016,개,통계청 : 주민안전>보건의료>주민1만명당병상수,2823700000,2023/01/02 21:52:43
2023/01/02 21:50:38,4117,2016,개,통계청 : 주민안전>보건의료>주민1만명당병상수,2824500000,2023/01/02 21:52:43
2023/01/02 21:50:39,5318,2016,개,통계청 : 주민안전>보건의료>주민1만명당병상수,2826000000,2023/01/02 21:52:43
2023/01/02 21:50:39,950,2016,개,통계청 : 주민안전>보건의료>주민1만명당병상수,2871000000,2023/01/02 21:52:43
2023/01/02 21:50:40,58,2016,개,통계청 : 주민안전>보건의료>주민1만명당병상수,2872000000,2023/01/02 21:52:43
2023/01/02 21:50:40,39228,2016,개,통계청 : 주민안전>보건의료>주민1만명당병상수,2900000000,2023/01/02 21:52:43
2023/01/02 21:50:41,5667,2016,개,통계청 : 주민안전>보건의료>주민1만명당병상수,2911000000,2023/01/02 21:52:43
2023/01/02 21:50:42,6735,2016,개,통계청 : 주민안전>보건의료>주민1만명당병상수,2914000000,2023/01/02 21:52:43
2023/01/02 21:50:42,6624,2016,개,통계청 : 주민안전>보건의료>주민1만명당병상수,2915500000,2023/01/02 21:52:43
2023/01/02 21:50:43,10996,2016,개,통계청 : 주민안전>보건의료>주민1만명당병상수,2917000000,2023/01/02 21:52:43
2023/01/02 21:50:43,9206,2016,개,통계청 : 주민안전>보건의료>주민1만명당병상수,2920000000,2023/01/02 21:52:43
2023/01/02 21:50:44,23427,2016,개,통계청 : 주민안전>보건의료>주민1만명당병상수,3000000000,2023/01/02 21:52:43
2023/01/02 21:50:44,3055,2016,개,통계청 : 주민안전>보건의료>주민1만명당병상수,3011000000,2023/01/02 21:52:43
2023/01/02 21:50:45,5828,2016,개,통계청 : 주민안전>보건의료>주민1만명당병상수,3014000000,2023/01/02 21:52:43
2023/01/02 21:50:45,7789,2016,개,통계청 : 주민안전>보건의료>주민1만명당병상수,3017000000,2023/01/02 21:52:43
2023/01/02 21:50:46,3937,2016,개,통계청 : 주민안전>보건의료>주민1만명당병상수,3020000000,2023/01/02 21:52:43
2023/01/02 21:50:46,2818,2016,개,통계청 : 주민안전>보건의료>주민1만명당병상수,3023000000,2023/01/02 21:52:43
2023/01/02 21:50:47,15378,2016,개,통계청 : 주민안전>보건의료>주민1만명당병상수,3100000000,2023/01/02 21:52:43
2023/01/02 21:50:48,2552,2016,개,통계청 : 주민안전>보건의료>주민1만명당병상수,3111000000,2023/01/02 21:52:43
2023/01/02 21:50:48,5828,2016,개,통계청 : 주민안전>보건의료>주민1만명당병상수,3114000000,2023/01/02 21:52:43
2023/01/02 21:50:49,2161,2016,개,통계청 : 주민안전>보건의료>주민1만명당병상수,3117000000,2023/01/02 21:52:43
2023/01/02 21:50:49,1484,2016,개,통계청 : 주민안전>보건의료>주민1만명당병상수,3120000000,2023/01/02 21:52:43
2023/01/02 21:50:50,3353,2016,개,통계청 : 주민안전>보건의료>주민1만명당병상수,3171000000,2023/01/02 21:52:43
2023/01/02 21:50:50,1249,2016,개,통계청 : 주민안전>보건의료>주민1만명당병상수,3611000000,2023/01/02 21:52:43
2023/01/02 21:50:51,129372,2016,개,통계청 : 주민안전>보건의료>주민1만명당병상수,4100000000,2023/01/02 21:52:43
2023/01/02 21:50:51,10513,2016,개,통계청 : 주민안전>보건의료>주민1만명당병상수,4111000000,2023/01/02 21:52:43
2023/01/02 21:50:52,9420,2016,개,통계청 : 주민안전>보건의료>주민1만명당병상수,4113000000,2023/01/02 21:52:43
2023/01/02 21:50:52,5267,2016,개,통계청 : 주민안전>보건의료>주민1만명당병상수,4115000000,2023/01/02 21:52:43
2023/01/02 21:50:53,4808,2016,개,통계청 : 주민안전>보건의료>주민1만명당병상수,4117000000,2023/01/02 21:52:43
2023/01/02 21:50:54,12183,2016,개,통계청 : 주민안전>보건의료>주민1만명당병상수,4119000000,2023/01/02 21:52:43
2023/01/02 21:50:54,2149,2016,개,통계청 : 주민안전>보건의료>주민1만명당병상수,4121000000,2023/01/02 21:52:43
2023/01/02 21:50:55,4282,2016,개,통계청 : 주민안전>보건의료>주민1만명당병상수,4122000000,2023/01/02 21:52:43
2023/01/02 21:50:55,2641,2016,개,통계청 : 주민안전>보건의료>주민1만명당병상수,4125000000,2023/01/02 21:52:43
2023/01/02 21:50:56,9827,2016,개,통계청 : 주민안전>보건의료>주민1만명당병상수,4127000000,2023/01/02 21:52:43
2023/01/02 21:50:56,12996,2016,개,통계청 : 주민안전>보건의료>주민1만명당병상수,4128000000,2023/01/02 21:52:43
2023/01/02 21:50:57,18,2016,개,통계청 : 주민안전>보건의료>주민1만명당병상수,4129000000,2023/01/02 21:52:43
2023/01/02 21:50:57,2365,2016,개,통계청 : 주민안전>보건의료>주민1만명당병상수,4131000000,2023/01/02 21:52:43
2023/01/02 21:50:58,6015,2016,개,통계청 : 주민안전>보건의료>주민1만명당병상수,4136000000,2023/01/02 21:52:43
2023/01/02 21:50:58,2275,2016,개,통계청 : 주민안전>보건의료>주민1만명당병상수,4137000000,2023/01/02 21:52:43
2023/01/02 21:50:59,4157,2016,개,통계청 : 주민안전>보건의료>주민1만명당병상수,4139000000,2023/01/02 21:52:43
2023/01/02 21:50:59,2570,2016,개,통계청 : 주민안전>보건의료>주민1만명당병상수,4141000000,2023/01/02 21:52:43
2023/01/02 21:51:00,1998,2016,개,통계청 : 주민안전>보건의료>주민1만명당병상수,4143000000,2023/01/02 21:52:43
2023/01/02 21:51:00,779,2016,개,통계청 : 주민안전>보건의료>주민1만명당병상수,4145000000,2023/01/02 21:52:43
2023/01/02 21:51:01,8387,2016,개,통계청 : 주민안전>보건의료>주민1만명당병상수,4146000000,2023/01/02 21:52:43
2023/01/02 21:51:02,3879,2016,개,통계청 : 주민안전>보건의료>주민1만명당병상수,4148000000,2023/01/02 21:52:43
2023/01/02 21:51:02,1953,2016,개,통계청 : 주민안전>보건의료>주민1만명당병상수,4150000000,2023/01/02 21:52:43
2023/01/02 21:51:03,2209,2016,개,통계청 : 주민안전>보건의료>주민1만명당병상수,4155000000,2023/01/02 21:52:43
2023/01/02 21:51:03,3105,2016,개,통계청 : 주민안전>보건의료>주민1만명당병상수,4157000000,2023/01/02 21:52:43
2023/01/02 21:51:04,5003,2016,개,통계청 : 주민안전>보건의료>주민1만명당병상수,4159000000,2023/01/02 21:52:43
2023/01/02 21:51:04,1595,2016,개,통계청 : 주민안전>보건의료>주민1만명당병상수,4161000000,2023/01/02 21:52:43
2023/01/02 21:51:05,2491,2016,개,통계청 : 주민안전>보건의료>주민1만명당병상수,4163000000,2023/01/02 21:52:43
2023/01/02 21:51:05,2040,2016,개,통계청 : 주민안전>보건의료>주민1만명당병상수,4165000000,2023/01/02 21:52:43
2023/01/02 21:51:06,1923,2016,개,통계청 : 주민안전>보건의료>주민1만명당병상수,4173000000,2023/01/02 21:52:43
2023/01/02 21:51:06,323,2016,개,통계청 : 주민안전>보건의료>주민1만명당병상수,4180000000,2023/01/02 21:52:43
2023/01/02 21:51:07,1051,2016,개,통계청 : 주민안전>보건의료>주민1만명당병상수,4182000000,2023/01/02 21:52:43
2023/01/02 21:51:07,1150,2016,개,통계청 : 주민안전>보건의료>주민1만명당병상수,4183000000,2023/01/02 21:52:43
2023/01/02 21:51:08,18519,2016,개,통계청 : 주민안전>보건의료>주민1만명당병상수,4200000000,2023/01/02 21:52:43
2023/01/02 21:51:09,4219,2016,개,통계청 : 주민안전>보건의료>주민1만명당병상수,4211000000,2023/01/02 21:52:43
2023/01/02 21:51:09,4804,2016,개,통계청 : 주민안전>보건의료>주민1만명당병상수,4213000000,2023/01/02 21:52:43
2023/01/02 21:51:10,3011,2016,개,통계청 : 주민안전>보건의료>주민1만명당병상수,4215000000,2023/01/02 21:52:43
2023/01/02 21:51:10,1557,2016,개,통계청 : 주민안전>보건의료>주민1만명당병상수,4217000000,2023/01/02 21:52:43
2023/01/02 21:51:11,654,2016,개,통계청 : 주민안전>보건의료>주민1만명당병상수,4219000000,2023/01/02 21:52:43
2023/01/02 21:51:11,989,2016,개,통계청 : 주민안전>보건의료>주민1만명당병상수,4221000000,2023/01/02 21:52:43
2023/01/02 21:51:12,454,2016,개,통계청 : 주민안전>보건의료>주민1만명당병상수,4223000000,2023/01/02 21:52:43
2023/01/02 21:51:12,862,2016,개,통계청 : 주민안전>보건의료>주민1만명당병상수,4272000000,2023/01/02 21:52:43
2023/01/02 21:51:13,249,2016,개,통계청 : 주민안전>보건의료>주민1만명당병상수,4273000000,2023/01/02 21:52:43
2023/01/02 21:51:13,397,2016,개,통계청 : 주민안전>보건의료>주민1만명당병상수,4275000000,2023/01/02 21:52:43
2023/01/02 21:51:14,190,2016,개,통계청 : 주민안전>보건의료>주민1만명당병상수,4276000000,2023/01/02 21:52:43
2023/01/02 21:51:15,271,2016,개,통계청 : 주민안전>보건의료>주민1만명당병상수,4277000000,2023/01/02 21:52:43
2023/01/02 21:51:15,432,2016,개,통계청 : 주민안전>보건의료>주민1만명당병상수,4278000000,2023/01/02 21:52:43
2023/01/02 21:51:16,52,2016,개,통계청 : 주민안전>보건의료>주민1만명당병상수,4279000000,2023/01/02 21:52:43
2023/01/02 21:51:16,197,2016,개,통계청 : 주민안전>보건의료>주민1만명당병상수,4280000000,2023/01/02 21:52:43
2023/01/02 21:51:17,143,2016,개,통계청 : 주민안전>보건의료>주민1만명당병상수,4281000000,2023/01/02 21:52:43
2023/01/02 21:51:17,8,2016,개,통계청 : 주민안전>보건의료>주민1만명당병상수,4282000000,2023/01/02 21:52:43
2023/01/02 21:51:18,30,2016,개,통계청 : 주민안전>보건의료>주민1만명당병상수,4283000000,2023/01/02 21:52:43
2023/01/02 21:51:18,21252,2016,개,통계청 : 주민안전>보건의료>주민1만명당병상수,4300000000,2023/01/02 21:52:43
2023/01/02 21:51:19,9449,2016,개,통계청 : 주민안전>보건의료>주민1만명당병상수,4311000000,2023/01/02 21:52:43
2023/01/02 21:51:19,2842,2016,개,통계청 : 주민안전>보건의료>주민1만명당병상수,4313000000,2023/01/02 21:52:43
2023/01/02 21:51:20,2526,2016,개,통계청 : 주민안전>보건의료>주민1만명당병상수,4315000000,2023/01/02 21:52:43
2023/01/02 21:51:21,0,2016,개,통계청 : 주민안전>보건의료>주민1만명당병상수,4371000000,2023/01/02 21:52:43
2023/01/02 21:51:21,734,2016,개,통계청 : 주민안전>보건의료>주민1만명당병상수,4372000000,2023/01/02 21:52:43
2023/01/02 21:51:22,1119,2016,개,통계청 : 주민안전>보건의료>주민1만명당병상수,4373000000,2023/01/02 21:52:43
2023/01/02 21:51:22,654,2016,개,통계청 : 주민안전>보건의료>주민1만명당병상수,4374000000,2023/01/02 21:52:43
2023/01/02 21:51:23,327,2016,개,통계청 : 주민안전>보건의료>주민1만명당병상수,4374500000,2023/01/02 21:52:43
2023/01/02 21:51:23,758,2016,개,통계청 : 주민안전>보건의료>주민1만명당병상수,4375000000,2023/01/02 21:52:43
2023/01/02 21:51:24,365,2016,개,통계청 : 주민안전>보건의료>주민1만명당병상수,4376000000,2023/01/02 21:52:43
2023/01/02 21:51:24,2234,2016,개,통계청 : 주민안전>보건의료>주민1만명당병상수,4377000000,2023/01/02 21:52:43
2023/01/02 21:51:25,244,2016,개,통계청 : 주민안전>보건의료>주민1만명당병상수,4380000000,2023/01/02 21:52:43
2023/01/02 21:51:25,27762,2016,개,통계청 : 주민안전>보건의료>주민1만명당병상수,4400000000,2023/01/02 21:52:43
2023/01/02 21:51:26,7901,2016,개,통계청 : 주민안전>보건의료>주민1만명당병상수,4413000000,2023/01/02 21:52:43
2023/01/02 21:51:26,2664,2016,개,통계청 : 주민안전>보건의료>주민1만명당병상수,4415000000,2023/01/02 21:52:43
2023/01/02 21:51:27,1312,2016,개,통계청 : 주민안전>보건의료>주민1만명당병상수,4418000000,2023/01/02 21:52:43
2023/01/02 21:51:28,3429,2016,개,통계청 : 주민안전>보건의료>주민1만명당병상수,4420000000,2023/01/02 21:52:43
2023/01/02 21:51:28,1168,2016,개,통계청 : 주민안전>보건의료>주민1만명당병상수,4421000000,2023/01/02 21:52:43
2023/01/02 21:51:29,3325,2016,개,통계청 : 주민안전>보건의료>주민1만명당병상수,4423000000,2023/01/02 21:52:43
2023/01/02 21:51:29,287,2016,개,통계청 : 주민안전>보건의료>주민1만명당병상수,4425000000,2023/01/02 21:52:43
2023/01/02 21:51:30,749,2016,개,통계청 : 주민안전>보건의료>주민1만명당병상수,4471000000,2023/01/02 21:52:43
2023/01/02 21:51:31,0,2016,개,통계청 : 주민안전>보건의료>주민1만명당병상수,4473000000,2023/01/02 21:52:43
2023/01/02 21:51:31,1221,2016,개,통계청 : 주민안전>보건의료>주민1만명당병상수,4476000000,2023/01/02 21:52:43
2023/01/02 21:51:32,1345,2016,개,통계청 : 주민안전>보건의료>주민1만명당병상수,4477000000,2023/01/02 21:52:43
2023/01/02 21:51:32,273,2016,개,통계청 : 주민안전>보건의료>주민1만명당병상수,4479000000,2023/01/02 21:52:43
2023/01/02 21:51:33,1673,2016,개,통계청 : 주민안전>보건의료>주민1만명당병상수,4480000000,2023/01/02 21:52:43
2023/01/02 21:51:34,604,2016,개,통계청 : 주민안전>보건의료>주민1만명당병상수,4481000000,2023/01/02 21:52:43
2023/01/02 21:51:34,609,2016,개,통계청 : 주민안전>보건의료>주민1만명당병상수,4482500000,2023/01/02 21:52:43
2023/01/02 21:51:30,1202,2016,개,통계청 : 주민안전>보건의료>주민1만명당병상수,4483000000,2023/01/02 21:52:43
2023/01/02 21:51:35,39165,2016,개,통계청 : 주민안전>보건의료>주민1만명당병상수,4500000000,2023/01/02 21:52:43
2023/01/02 21:51:35,16817,2016,개,통계청 : 주민안전>보건의료>주민1만명당병상수,4511000000,2023/01/02 21:52:43
2023/01/02 21:51:36,4094,2016,개,통계청 : 주민안전>보건의료>주민1만명당병상수,4513000000,2023/01/02 21:52:43
2023/01/02 21:51:36,4990,2016,개,통계청 : 주민안전>보건의료>주민1만명당병상수,4514000000,2023/01/02 21:52:43
2023/01/02 21:51:37,2323,2016,개,통계청 : 주민안전>보건의료>주민1만명당병상수,4518000000,2023/01/02 21:52:43
2023/01/02 21:51:37,1786,2016,개,통계청 : 주민안전>보건의료>주민1만명당병상수,4519000000,2023/01/02 21:52:43
2023/01/02 21:51:38,3091,2016,개,통계청 : 주민안전>보건의료>주민1만명당병상수,4521000000,2023/01/02 21:52:43
2023/01/02 21:51:38,2327,2016,개,통계청 : 주민안전>보건의료>주민1만명당병상수,4571000000,2023/01/02 21:52:43
2023/01/02 21:51:39,313,2016,개,통계청 : 주민안전>보건의료>주민1만명당병상수,4572000000,2023/01/02 21:52:43
2023/01/02 21:51:39,138,2016,개,통계청 : 주민안전>보건의료>주민1만명당병상수,4573000000,2023/01/02 21:52:43
2023/01/02 21:51:40,34,2016,개,통계청 : 주민안전>보건의료>주민1만명당병상수,4574000000,2023/01/02 21:52:43
2023/01/02 21:51:41,313,2016,개,통계청 : 주민안전>보건의료>주민1만명당병상수,4575000000,2023/01/02 21:52:43
2023/01/02 21:51:41,745,2016,개,통계청 : 주민안전>보건의료>주민1만명당병상수,4577000000,2023/01/02 21:52:43
2023/01/02 21:51:42,956,2016,개,통계청 : 주민안전>보건의료>주민1만명당병상수,4579000000,2023/01/02 21:52:43
2023/01/02 21:51:42,1238,2016,개,통계청 : 주민안전>보건의료>주민1만명당병상수,4580000000,2023/01/02 21:52:43
2023/01/02 21:51:43,40928,2016,개,통계청 : 주민안전>보건의료>주민1만명당병상수,4600000000,2023/01/02 21:52:43
2023/01/02 21:51:43,7560,2016,개,통계청 : 주민안전>보건의료>주민1만명당병상수,4611000000,2023/01/02 21:52:43
2023/01/02 21:51:44,4500,2016,개,통계청 : 주민안전>보건의료>주민1만명당병상수,4613000000,2023/01/02 21:52:43
2023/01/02 21:51:44,6141,2016,개,통계청 : 주민안전>보건의료>주민1만명당병상수,4615000000,2023/01/02 21:52:43
2023/01/02 21:51:45,3865,2016,개,통계청 : 주민안전>보건의료>주민1만명당병상수,4617000000,2023/01/02 21:52:43
2023/01/02 21:51:45,1093,2016,개,통계청 : 주민안전>보건의료>주민1만명당병상수,4623000000,2023/01/02 21:52:43
2023/01/02 21:51:46,1654,2016,개,통계청 : 주민안전>보건의료>주민1만명당병상수,4671000000,2023/01/02 21:52:43
2023/01/02 21:51:47,421,2016,개,통계청 : 주민안전>보건의료>주민1만명당병상수,4672000000,2023/01/02 21:52:43
2023/01/02 21:51:47,654,2016,개,통계청 : 주민안전>보건의료>주민1만명당병상수,4673000000,2023/01/02 21:52:43
2023/01/02 21:51:48,1445,2016,개,통계청 : 주민안전>보건의료>주민1만명당병상수,4677000000,2023/01/02 21:52:43
2023/01/02 21:51:48,1416,2016,개,통계청 : 주민안전>보건의료>주민1만명당병상수,4678000000,2023/01/02 21:52:43
2023/01/02 21:51:49,4239,2016,개,통계청 : 주민안전>보건의료>주민1만명당병상수,4679000000,2023/01/02 21:52:43
2023/01/02 21:51:50,367,2016,개,통계청 : 주민안전>보건의료>주민1만명당병상수,4680000000,2023/01/02 21:52:43
2023/01/02 21:51:50,555,2016,개,통계청 : 주민안전>보건의료>주민1만명당병상수,4681000000,2023/01/02 21:52:43
2023/01/02 21:51:51,1569,2016,개,통계청 : 주민안전>보건의료>주민1만명당병상수,4682000000,2023/01/02 21:52:43
2023/01/02 21:51:51,1078,2016,개,통계청 : 주민안전>보건의료>주민1만명당병상수,4683000000,2023/01/02 21:52:43
2023/01/02 21:51:52,904,2016,개,통계청 : 주민안전>보건의료>주민1만명당병상수,4684000000,2023/01/02 21:52:43
2023/01/02 21:51:52,773,2016,개,통계청 : 주민안전>보건의료>주민1만명당병상수,4686000000,2023/01/02 21:52:43
2023/01/02 21:51:53,1183,2016,개,통계청 : 주민안전>보건의료>주민1만명당병상수,4687000000,2023/01/02 21:52:43
2023/01/02 21:51:53,934,2016,개,통계청 : 주민안전>보건의료>주민1만명당병상수,4688000000,2023/01/02 21:52:43
2023/01/02 21:51:54,149,2016,개,통계청 : 주민안전>보건의료>주민1만명당병상수,4689000000,2023/01/02 21:52:43
2023/01/02 21:51:54,213,2016,개,통계청 : 주민안전>보건의료>주민1만명당병상수,4690000000,2023/01/02 21:52:43
2023/01/02 21:51:55,215,2016,개,통계청 : 주민안전>보건의료>주민1만명당병상수,4691000000,2023/01/02 21:52:43
2023/01/02 21:51:55,43982,2016,개,통계청 : 주민안전>보건의료>주민1만명당병상수,4700000000,2023/01/02 21:52:43
2023/01/02 21:51:56,8521,2016,개,통계청 : 주민안전>보건의료>주민1만명당병상수,4711000000,2023/01/02 21:52:43
2023/01/02 21:51:57,5085,2016,개,통계청 : 주민안전>보건의료>주민1만명당병상수,4713000000,2023/01/02 21:52:43
2023/01/02 21:51:57,2205,2016,개,통계청 : 주민안전>보건의료>주민1만명당병상수,4715000000,2023/01/02 21:52:43
2023/01/02 21:51:58,5290,2016,개,통계청 : 주민안전>보건의료>주민1만명당병상수,4717000000,2023/01/02 21:52:43
2023/01/02 21:51:58,3610,2016,개,통계청 : 주민안전>보건의료>주민1만명당병상수,4719000000,2023/01/02 21:52:43
2023/01/02 21:51:59,2130,2016,개,통계청 : 주민안전>보건의료>주민1만명당병상수,4721000000,2023/01/02 21:52:43
2023/01/02 21:51:59,2117,2016,개,통계청 : 주민안전>보건의료>주민1만명당병상수,4723000000,2023/01/02 21:52:43
2023/01/02 21:52:00,1160,2016,개,통계청 : 주민안전>보건의료>주민1만명당병상수,4725000000,2023/01/02 21:52:43
2023/01/02 21:52:00,1325,2016,개,통계청 : 주민안전>보건의료>주민1만명당병상수,4728000000,2023/01/02 21:52:43
2023/01/02 21:52:01,4260,2016,개,통계청 : 주민안전>보건의료>주민1만명당병상수,4729000000,2023/01/02 21:52:43
2023/01/02 21:52:01,100,2016,개,통계청 : 주민안전>보건의료>주민1만명당병상수,4772000000,2023/01/02 21:52:43
2023/01/02 21:52:02,1236,2016,개,통계청 : 주민안전>보건의료>주민1만명당병상수,4773000000,2023/01/02 21:52:43
2023/01/02 21:52:03,354,2016,개,통계청 : 주민안전>보건의료>주민1만명당병상수,4775000000,2023/01/02 21:52:43
2023/01/02 21:52:03,50,2016,개,통계청 : 주민안전>보건의료>주민1만명당병상수,4776000000,2023/01/02 21:52:43
2023/01/02 21:52:04,568,2016,개,통계청 : 주민안전>보건의료>주민1만명당병상수,4777000000,2023/01/02 21:52:43
2023/01/02 21:52:04,1509,2016,개,통계청 : 주민안전>보건의료>주민1만명당병상수,4782000000,2023/01/02 21:52:43
2023/01/02 21:52:05,324,2016,개,통계청 : 주민안전>보건의료>주민1만명당병상수,4783000000,2023/01/02 21:52:43
2023/01/02 21:52:05,838,2016,개,통계청 : 주민안전>보건의료>주민1만명당병상수,4784000000,2023/01/02 21:52:43
2023/01/02 21:52:06,1921,2016,개,통계청 : 주민안전>보건의료>주민1만명당병상수,4785000000,2023/01/02 21:52:43
2023/01/02 21:52:06,694,2016,개,통계청 : 주민안전>보건의료>주민1만명당병상수,4790000000,2023/01/02 21:52:43
2023/01/02 21:52:07,238,2016,개,통계청 : 주민안전>보건의료>주민1만명당병상수,4792000000,2023/01/02 21:52:43
2023/01/02 21:52:07,384,2016,개,통계청 : 주민안전>보건의료>주민1만명당병상수,4793000000,2023/01/02 21:52:43
2023/01/02 21:52:08,63,2016,개,통계청 : 주민안전>보건의료>주민1만명당병상수,4794000000,2023/01/02 21:52:43
2023/01/02 21:52:08,60888,2016,개,통계청 : 주민안전>보건의료>주민1만명당병상수,4800000000,2023/01/02 21:52:43
2023/01/02 21:52:09,19934,2016,개,통계청 : 주민안전>보건의료>주민1만명당병상수,4812000000,2023/01/02 21:52:43
2023/01/02 21:52:10,5778,2016,개,통계청 : 주민안전>보건의료>주민1만명당병상수,4817000000,2023/01/02 21:52:43
2023/01/02 21:52:10,2206,2016,개,통계청 : 주민안전>보건의료>주민1만명당병상수,4822000000,2023/01/02 21:52:43
2023/01/02 21:52:11,3091,2016,개,통계청 : 주민안전>보건의료>주민1만명당병상수,4824000000,2023/01/02 21:52:43
2023/01/02 21:52:11,10262,2016,개,통계청 : 주민안전>보건의료>주민1만명당병상수,4825000000,2023/01/02 21:52:43
2023/01/02 21:52:12,2500,2016,개,통계청 : 주민안전>보건의료>주민1만명당병상수,4827000000,2023/01/02 21:52:43
2023/01/02 21:52:12,2414,2016,개,통계청 : 주민안전>보건의료>주민1만명당병상수,4831000000,2023/01/02 21:52:43
2023/01/02 21:52:13,6910,2016,개,통계청 : 주민안전>보건의료>주민1만명당병상수,4833000000,2023/01/02 21:52:43
2023/01/02 21:52:13,655,2016,개,통계청 : 주민안전>보건의료>주민1만명당병상수,4872000000,2023/01/02 21:52:43
2023/01/02 21:52:14,1141,2016,개,통계청 : 주민안전>보건의료>주민1만명당병상수,4873000000,2023/01/02 21:52:43
2023/01/02 21:52:14,2210,2016,개,통계청 : 주민안전>보건의료>주민1만명당병상수,4874000000,2023/01/02 21:52:43
2023/01/02 21:52:15,1076,2016,개,통계청 : 주민안전>보건의료>주민1만명당병상수,4882000000,2023/01/02 21:52:43
2023/01/02 21:52:16,282,2016,개,통계청 : 주민안전>보건의료>주민1만명당병상수,4884000000,2023/01/02 21:52:43
2023/01/02 21:52:16,674,2016,개,통계청 : 주민안전>보건의료>주민1만명당병상수,4885000000,2023/01/02 21:52:43
2023/01/02 21:52:17,37,2016,개,통계청 : 주민안전>보건의료>주민1만명당병상수,4886000000,2023/01/02 21:52:43
2023/01/02 21:52:17,107,2016,개,통계청 : 주민안전>보건의료>주민1만명당병상수,4887000000,2023/01/02 21:52:43
2023/01/02 21:52:18,745,2016,개,통계청 : 주민안전>보건의료>주민1만명당병상수,4888000000,2023/01/02 21:52:43
2023/01/02 21:52:18,866,2016,개,통계청 : 주민안전>보건의료>주민1만명당병상수,4889000000,2023/01/02 21:52:43
2023/01/02 21:52:19,5055,2016,개,통계청 : 주민안전>보건의료>주민1만명당병상수,5000000000,2023/01/02 21:52:43
2023/01/02 21:52:19,4435,2016,개,통계청 : 주민안전>보건의료>주민1만명당병상수,5011000000,2023/01/02 21:52:43
2023/01/02 21:52:20,620,2016,개,통계청 : 주민안전>보건의료>주민1만명당병상수,5013000000,2023/01/02 21:52:43
2023/01/02 20:21:56,86420,2017,개,통계청 : 주민안전>보건의료>주민1만명당병상수,1100000000,2023/01/02 20:25:00
2023/01/02 20:21:56,3295,2017,개,통계청 : 주민안전>보건의료>주민1만명당병상수,1111000000,2023/01/02 20:25:00
2023/01/02 20:21:57,1649,2017,개,통계청 : 주민안전>보건의료>주민1만명당병상수,1114000000,2023/01/02 20:25:00
2023/01/02 20:21:57,1005,2017,개,통계청 : 주민안전>보건의료>주민1만명당병상수,1117000000,2023/01/02 20:25:00
2023/01/02 20:21:58,1764,2017,개,통계청 : 주민안전>보건의료>주민1만명당병상수,1120000000,2023/01/02 20:25:00
2023/01/02 20:21:59,2360,2017,개,통계청 : 주민안전>보건의료>주민1만명당병상수,1121500000,2023/01/02 20:25:00
2023/01/02 20:21:59,6376,2017,개,통계청 : 주민안전>보건의료>주민1만명당병상수,1123000000,2023/01/02 20:25:00
2023/01/02 20:22:00,3314,2017,개,통계청 : 주민안전>보건의료>주민1만명당병상수,1126000000,2023/01/02 20:25:00
2023/01/02 20:22:00,3141,2017,개,통계청 : 주민안전>보건의료>주민1만명당병상수,1129000000,2023/01/02 20:25:00
2023/01/02 20:22:01,1989,2017,개,통계청 : 주민안전>보건의료>주민1만명당병상수,1130500000,2023/01/02 20:25:00
2023/01/02 20:22:02,3022,2017,개,통계청 : 주민안전>보건의료>주민1만명당병상수,1132000000,2023/01/02 20:25:00
2023/01/02 20:22:02,3924,2017,개,통계청 : 주민안전>보건의료>주민1만명당병상수,1135000000,2023/01/02 20:25:00
2023/01/02 20:22:03,3613,2017,개,통계청 : 주민안전>보건의료>주민1만명당병상수,1138000000,2023/01/02 20:25:00
2023/01/02 20:22:04,3950,2017,개,통계청 : 주민안전>보건의료>주민1만명당병상수,1141000000,2023/01/02 20:25:00
2023/01/02 20:22:04,715,2017,개,통계청 : 주민안전>보건의료>주민1만명당병상수,1144000000,2023/01/02 20:25:00
2023/01/02 20:22:05,2823,2017,개,통계청 : 주민안전>보건의료>주민1만명당병상수,1147000000,2023/01/02 20:25:00
2023/01/02 20:22:05,3547,2017,개,통계청 : 주민안전>보건의료>주민1만명당병상수,1150000000,2023/01/02 20:25:00
2023/01/02 20:22:06,3721,2017,개,통계청 : 주민안전>보건의료>주민1만명당병상수,1153000000,2023/01/02 20:25:00
2023/01/02 20:22:07,2031,2017,개,통계청 : 주민안전>보건의료>주민1만명당병상수,1154500000,2023/01/02 20:25:00
2023/01/02 20:22:07,5782,2017,개,통계청 : 주민안전>보건의료>주민1만명당병상수,1156000000,2023/01/02 20:25:00
2023/01/02 20:22:08,2918,2017,개,통계청 : 주민안전>보건의료>주민1만명당병상수,1159000000,2023/01/02 20:25:00
2023/01/02 20:22:08,2446,2017,개,통계청 : 주민안전>보건의료>주민1만명당병상수,1162000000,2023/01/02 20:25:00
2023/01/02 20:22:09,3274,2017,개,통계청 : 주민안전>보건의료>주민1만명당병상수,1165000000,2023/01/02 20:25:00
2023/01/02 20:22:10,7564,2017,개,통계청 : 주민안전>보건의료>주민1만명당병상수,1168000000,2023/01/02 20:25:00
2023/01/02 20:22:11,6342,2017,개,통계청 : 주민안전>보건의료>주민1만명당병상수,1171000000,2023/01/02 20:25:00
2023/01/02 20:22:11,5855,2017,개,통계청 : 주민안전>보건의료>주민1만명당병상수,1174000000,2023/01/02 20:25:00
2023/01/02 20:22:12,71129,2017,개,통계청 : 주민안전>보건의료>주민1만명당병상수,2600000000,2023/01/02 20:25:00
2023/01/02 20:22:12,1834,2017,개,통계청 : 주민안전>보건의료>주민1만명당병상수,2611000000,2023/01/02 20:25:00
2023/01/02 20:22:13,5051,2017,개,통계청 : 주민안전>보건의료>주민1만명당병상수,2614000000,2023/01/02 20:25:00
2023/01/02 20:22:14,3137,2017,개,통계청 : 주민안전>보건의료>주민1만명당병상수,2617000000,2023/01/02 20:25:00
2023/01/02 20:22:14,1687,2017,개,통계청 : 주민안전>보건의료>주민1만명당병상수,2620000000,2023/01/02 20:25:00
2023/01/02 20:22:15,6711,2017,개,통계청 : 주민안전>보건의료>주민1만명당병상수,2623000000,2023/01/02 20:25:00
2023/01/02 20:22:15,5743,2017,개,통계청 : 주민안전>보건의료>주민1만명당병상수,2626000000,2023/01/02 20:25:00
2023/01/02 20:22:16,3621,2017,개,통계청 : 주민안전>보건의료>주민1만명당병상수,2629000000,2023/01/02 20:25:00
2023/01/02 20:22:17,4742,2017,개,통계청 : 주민안전>보건의료>주민1만명당병상수,2632000000,2023/01/02 20:25:00
2023/01/02 20:22:17,6432,2017,개,통계청 : 주민안전>보건의료>주민1만명당병상수,2635000000,2023/01/02 20:25:00
2023/01/02 20:22:18,7631,2017,개,통계청 : 주민안전>보건의료>주민1만명당병상수,2638000000,2023/01/02 20:25:00
2023/01/02 20:22:18,5710,2017,개,통계청 : 주민안전>보건의료>주민1만명당병상수,2641000000,2023/01/02 20:25:00
2023/01/02 20:22:19,384,2017,개,통계청 : 주민안전>보건의료>주민1만명당병상수,2644000000,2023/01/02 20:25:00
2023/01/02 20:22:20,5258,2017,개,통계청 : 주민안전>보건의료>주민1만명당병상수,2647000000,2023/01/02 20:25:00
2023/01/02 20:22:20,4411,2017,개,통계청 : 주민안전>보건의료>주민1만명당병상수,2650000000,2023/01/02 20:25:00
2023/01/02 20:22:21,6648,2017,개,통계청 : 주민안전>보건의료>주민1만명당병상수,2653000000,2023/01/02 20:25:00
2023/01/02 20:22:22,2129,2017,개,통계청 : 주민안전>보건의료>주민1만명당병상수,2671000000,2023/01/02 20:25:00
2023/01/02 20:22:22,36653,2017,개,통계청 : 주민안전>보건의료>주민1만명당병상수,2700000000,2023/01/02 20:25:00
2023/01/02 20:22:23,3832,2017,개,통계청 : 주민안전>보건의료>주민1만명당병상수,2711000000,2023/01/02 20:25:00
2023/01/02 20:22:23,4082,2017,개,통계청 : 주민안전>보건의료>주민1만명당병상수,2714000000,2023/01/02 20:25:00
2023/01/02 20:22:24,3812,2017,개,통계청 : 주민안전>보건의료>주민1만명당병상수,2717000000,2023/01/02 20:25:00
2023/01/02 20:22:25,4441,2017,개,통계청 : 주민안전>보건의료>주민1만명당병상수,2720000000,2023/01/02 20:25:00
2023/01/02 20:22:25,6395,2017,개,통계청 : 주민안전>보건의료>주민1만명당병상수,2723000000,2023/01/02 20:25:00
2023/01/02 20:22:26,3604,2017,개,통계청 : 주민안전>보건의료>주민1만명당병상수,2726000000,2023/01/02 20:25:00
2023/01/02 20:22:26,8107,2017,개,통계청 : 주민안전>보건의료>주민1만명당병상수,2729000000,2023/01/02 20:25:00
2023/01/02 20:22:27,2380,2017,개,통계청 : 주민안전>보건의료>주민1만명당병상수,2771000000,2023/01/02 20:25:00
2023/01/02 20:22:28,32093,2017,개,통계청 : 주민안전>보건의료>주민1만명당병상수,2800000000,2023/01/02 20:25:00
2023/01/02 20:22:28,1888,2017,개,통계청 : 주민안전>보건의료>주민1만명당병상수,2811000000,2023/01/02 20:25:00
2023/01/02 20:22:29,812,2017,개,통계청 : 주민안전>보건의료>주민1만명당병상수,2814000000,2023/01/02 20:25:00
2023/01/02 20:22:29,5190,2017,개,통계청 : 주민안전>보건의료>주민1만명당병상수,2817000000,2023/01/02 20:25:00
2023/01/02 20:22:30,1727,2017,개,통계청 : 주민안전>보건의료>주민1만명당병상수,2818500000,2023/01/02 20:25:00
2023/01/02 20:22:31,6488,2017,개,통계청 : 주민안전>보건의료>주민1만명당병상수,2820000000,2023/01/02 20:25:00
2023/01/02 20:22:31,5545,2017,개,통계청 : 주민안전>보건의료>주민1만명당병상수,2823700000,2023/01/02 20:25:00
2023/01/02 20:22:32,4117,2017,개,통계청 : 주민안전>보건의료>주민1만명당병상수,2824500000,2023/01/02 20:25:00
2023/01/02 20:22:33,5318,2017,개,통계청 : 주민안전>보건의료>주민1만명당병상수,2826000000,2023/01/02 20:25:00
2023/01/02 20:22:33,950,2017,개,통계청 : 주민안전>보건의료>주민1만명당병상수,2871000000,2023/01/02 20:25:00
2023/01/02 20:22:34,58,2017,개,통계청 : 주민안전>보건의료>주민1만명당병상수,2872000000,2023/01/02 20:25:00
2023/01/02 20:22:34,39228,2017,개,통계청 : 주민안전>보건의료>주민1만명당병상수,2900000000,2023/01/02 20:25:00
2023/01/02 20:22:35,5667,2017,개,통계청 : 주민안전>보건의료>주민1만명당병상수,2911000000,2023/01/02 20:25:00
2023/01/02 20:22:36,6735,2017,개,통계청 : 주민안전>보건의료>주민1만명당병상수,2914000000,2023/01/02 20:25:00
2023/01/02 20:22:36,6624,2017,개,통계청 : 주민안전>보건의료>주민1만명당병상수,2915500000,2023/01/02 20:25:00
2023/01/02 20:22:37,10996,2017,개,통계청 : 주민안전>보건의료>주민1만명당병상수,2917000000,2023/01/02 20:25:00
2023/01/02 20:22:37,9206,2017,개,통계청 : 주민안전>보건의료>주민1만명당병상수,2920000000,2023/01/02 20:25:00
2023/01/02 20:22:38,23427,2017,개,통계청 : 주민안전>보건의료>주민1만명당병상수,3000000000,2023/01/02 20:25:00
2023/01/02 20:22:39,3055,2017,개,통계청 : 주민안전>보건의료>주민1만명당병상수,3011000000,2023/01/02 20:25:00
2023/01/02 20:22:39,5828,2017,개,통계청 : 주민안전>보건의료>주민1만명당병상수,3014000000,2023/01/02 20:25:00
2023/01/02 20:22:40,7789,2017,개,통계청 : 주민안전>보건의료>주민1만명당병상수,3017000000,2023/01/02 20:25:00
2023/01/02 20:22:40,3937,2017,개,통계청 : 주민안전>보건의료>주민1만명당병상수,3020000000,2023/01/02 20:25:00
2023/01/02 20:22:41,2818,2017,개,통계청 : 주민안전>보건의료>주민1만명당병상수,3023000000,2023/01/02 20:25:00
2023/01/02 20:22:42,15378,2017,개,통계청 : 주민안전>보건의료>주민1만명당병상수,3100000000,2023/01/02 20:25:00
2023/01/02 20:22:42,2552,2017,개,통계청 : 주민안전>보건의료>주민1만명당병상수,3111000000,2023/01/02 20:25:00
2023/01/02 20:22:43,5828,2017,개,통계청 : 주민안전>보건의료>주민1만명당병상수,3114000000,2023/01/02 20:25:00
2023/01/02 20:22:44,2161,2017,개,통계청 : 주민안전>보건의료>주민1만명당병상수,3117000000,2023/01/02 20:25:00
2023/01/02 20:22:44,1484,2017,개,통계청 : 주민안전>보건의료>주민1만명당병상수,3120000000,2023/01/02 20:25:00
2023/01/02 20:22:45,3353,2017,개,통계청 : 주민안전>보건의료>주민1만명당병상수,3171000000,2023/01/02 20:25:00
2023/01/02 20:22:45,1249,2017,개,통계청 : 주민안전>보건의료>주민1만명당병상수,3611000000,2023/01/02 20:25:00
2023/01/02 20:22:46,129372,2017,개,통계청 : 주민안전>보건의료>주민1만명당병상수,4100000000,2023/01/02 20:25:00
2023/01/02 20:22:47,10513,2017,개,통계청 : 주민안전>보건의료>주민1만명당병상수,4111000000,2023/01/02 20:25:00
2023/01/02 20:22:47,9420,2017,개,통계청 : 주민안전>보건의료>주민1만명당병상수,4113000000,2023/01/02 20:25:00
2023/01/02 20:22:48,5267,2017,개,통계청 : 주민안전>보건의료>주민1만명당병상수,4115000000,2023/01/02 20:25:00
2023/01/02 20:22:48,4808,2017,개,통계청 : 주민안전>보건의료>주민1만명당병상수,4117000000,2023/01/02 20:25:00
2023/01/02 20:22:49,12183,2017,개,통계청 : 주민안전>보건의료>주민1만명당병상수,4119000000,2023/01/02 20:25:00
2023/01/02 20:22:50,2149,2017,개,통계청 : 주민안전>보건의료>주민1만명당병상수,4121000000,2023/01/02 20:25:00
2023/01/02 20:22:50,4282,2017,개,통계청 : 주민안전>보건의료>주민1만명당병상수,4122000000,2023/01/02 20:25:00
2023/01/02 20:22:51,2641,2017,개,통계청 : 주민안전>보건의료>주민1만명당병상수,4125000000,2023/01/02 20:25:00
2023/01/02 20:22:51,9827,2017,개,통계청 : 주민안전>보건의료>주민1만명당병상수,4127000000,2023/01/02 20:25:00
2023/01/02 20:22:52,12996,2017,개,통계청 : 주민안전>보건의료>주민1만명당병상수,4128000000,2023/01/02 20:25:00
2023/01/02 20:22:53,18,2017,개,통계청 : 주민안전>보건의료>주민1만명당병상수,4129000000,2023/01/02 20:25:00
2023/01/02 20:22:53,2365,2017,개,통계청 : 주민안전>보건의료>주민1만명당병상수,4131000000,2023/01/02 20:25:00
2023/01/02 20:22:54,6015,2017,개,통계청 : 주민안전>보건의료>주민1만명당병상수,4136000000,2023/01/02 20:25:00
2023/01/02 20:22:54,2275,2017,개,통계청 : 주민안전>보건의료>주민1만명당병상수,4137000000,2023/01/02 20:25:00
2023/01/02 20:22:55,4157,2017,개,통계청 : 주민안전>보건의료>주민1만명당병상수,4139000000,2023/01/02 20:25:00
2023/01/02 20:22:56,2570,2017,개,통계청 : 주민안전>보건의료>주민1만명당병상수,4141000000,2023/01/02 20:25:00
2023/01/02 20:22:56,1998,2017,개,통계청 : 주민안전>보건의료>주민1만명당병상수,4143000000,2023/01/02 20:25:00
2023/01/02 20:22:57,779,2017,개,통계청 : 주민안전>보건의료>주민1만명당병상수,4145000000,2023/01/02 20:25:00
2023/01/02 20:22:57,8387,2017,개,통계청 : 주민안전>보건의료>주민1만명당병상수,4146000000,2023/01/02 20:25:00
2023/01/02 20:22:58,3879,2017,개,통계청 : 주민안전>보건의료>주민1만명당병상수,4148000000,2023/01/02 20:25:00
2023/01/02 20:22:59,1953,2017,개,통계청 : 주민안전>보건의료>주민1만명당병상수,4150000000,2023/01/02 20:25:00
2023/01/02 20:22:59,2209,2017,개,통계청 : 주민안전>보건의료>주민1만명당병상수,4155000000,2023/01/02 20:25:00
2023/01/02 20:23:00,3105,2017,개,통계청 : 주민안전>보건의료>주민1만명당병상수,4157000000,2023/01/02 20:25:00
2023/01/02 20:23:01,5003,2017,개,통계청 : 주민안전>보건의료>주민1만명당병상수,4159000000,2023/01/02 20:25:00
2023/01/02 20:23:01,1595,2017,개,통계청 : 주민안전>보건의료>주민1만명당병상수,4161000000,2023/01/02 20:25:00
2023/01/02 20:23:02,2491,2017,개,통계청 : 주민안전>보건의료>주민1만명당병상수,4163000000,2023/01/02 20:25:00
2023/01/02 20:23:02,2040,2017,개,통계청 : 주민안전>보건의료>주민1만명당병상수,4165000000,2023/01/02 20:25:00
2023/01/02 20:23:03,1923,2017,개,통계청 : 주민안전>보건의료>주민1만명당병상수,4173000000,2023/01/02 20:25:00
2023/01/02 20:23:04,323,2017,개,통계청 : 주민안전>보건의료>주민1만명당병상수,4180000000,2023/01/02 20:25:00
2023/01/02 20:23:04,1051,2017,개,통계청 : 주민안전>보건의료>주민1만명당병상수,4182000000,2023/01/02 20:25:00
2023/01/02 20:23:05,1150,2017,개,통계청 : 주민안전>보건의료>주민1만명당병상수,4183000000,2023/01/02 20:25:00
2023/01/02 20:23:05,18519,2017,개,통계청 : 주민안전>보건의료>주민1만명당병상수,4200000000,2023/01/02 20:25:00
2023/01/02 20:23:06,4219,2017,개,통계청 : 주민안전>보건의료>주민1만명당병상수,4211000000,2023/01/02 20:25:00
2023/01/02 20:23:07,4804,2017,개,통계청 : 주민안전>보건의료>주민1만명당병상수,4213000000,2023/01/02 20:25:00
2023/01/02 20:23:07,3011,2017,개,통계청 : 주민안전>보건의료>주민1만명당병상수,4215000000,2023/01/02 20:25:00
2023/01/02 20:23:08,1557,2017,개,통계청 : 주민안전>보건의료>주민1만명당병상수,4217000000,2023/01/02 20:25:00
2023/01/02 20:23:08,654,2017,개,통계청 : 주민안전>보건의료>주민1만명당병상수,4219000000,2023/01/02 20:25:00
2023/01/02 20:23:09,989,2017,개,통계청 : 주민안전>보건의료>주민1만명당병상수,4221000000,2023/01/02 20:25:00
2023/01/02 20:23:10,454,2017,개,통계청 : 주민안전>보건의료>주민1만명당병상수,4223000000,2023/01/02 20:25:00
2023/01/02 20:23:10,862,2017,개,통계청 : 주민안전>보건의료>주민1만명당병상수,4272000000,2023/01/02 20:25:00
2023/01/02 20:23:11,249,2017,개,통계청 : 주민안전>보건의료>주민1만명당병상수,4273000000,2023/01/02 20:25:00
2023/01/02 20:23:12,397,2017,개,통계청 : 주민안전>보건의료>주민1만명당병상수,4275000000,2023/01/02 20:25:00
2023/01/02 20:23:12,190,2017,개,통계청 : 주민안전>보건의료>주민1만명당병상수,4276000000,2023/01/02 20:25:00
2023/01/02 20:23:13,271,2017,개,통계청 : 주민안전>보건의료>주민1만명당병상수,4277000000,2023/01/02 20:25:00
2023/01/02 20:23:13,432,2017,개,통계청 : 주민안전>보건의료>주민1만명당병상수,4278000000,2023/01/02 20:25:00
2023/01/02 20:23:14,52,2017,개,통계청 : 주민안전>보건의료>주민1만명당병상수,4279000000,2023/01/02 20:25:00
2023/01/02 20:23:15,197,2017,개,통계청 : 주민안전>보건의료>주민1만명당병상수,4280000000,2023/01/02 20:25:00
2023/01/02 20:23:15,143,2017,개,통계청 : 주민안전>보건의료>주민1만명당병상수,4281000000,2023/01/02 20:25:00
2023/01/02 20:23:16,8,2017,개,통계청 : 주민안전>보건의료>주민1만명당병상수,4282000000,2023/01/02 20:25:00
2023/01/02 20:23:16,30,2017,개,통계청 : 주민안전>보건의료>주민1만명당병상수,4283000000,2023/01/02 20:25:00
2023/01/02 20:23:17,21252,2017,개,통계청 : 주민안전>보건의료>주민1만명당병상수,4300000000,2023/01/02 20:25:00
2023/01/02 20:23:18,9449,2017,개,통계청 : 주민안전>보건의료>주민1만명당병상수,4311000000,2023/01/02 20:25:00
2023/01/02 20:23:18,2842,2017,개,통계청 : 주민안전>보건의료>주민1만명당병상수,4313000000,2023/01/02 20:25:00
2023/01/02 20:23:19,2526,2017,개,통계청 : 주민안전>보건의료>주민1만명당병상수,4315000000,2023/01/02 20:25:00
2023/01/02 20:23:20,734,2017,개,통계청 : 주민안전>보건의료>주민1만명당병상수,4372000000,2023/01/02 20:25:00
2023/01/02 20:23:21,1119,2017,개,통계청 : 주민안전>보건의료>주민1만명당병상수,4373000000,2023/01/02 20:25:00
2023/01/02 20:23:21,654,2017,개,통계청 : 주민안전>보건의료>주민1만명당병상수,4374000000,2023/01/02 20:25:00
2023/01/02 20:23:22,327,2017,개,통계청 : 주민안전>보건의료>주민1만명당병상수,4374500000,2023/01/02 20:25:00
2023/01/02 20:23:23,758,2017,개,통계청 : 주민안전>보건의료>주민1만명당병상수,4375000000,2023/01/02 20:25:00
2023/01/02 20:23:23,365,2017,개,통계청 : 주민안전>보건의료>주민1만명당병상수,4376000000,2023/01/02 20:25:00
2023/01/02 20:23:24,2234,2017,개,통계청 : 주민안전>보건의료>주민1만명당병상수,4377000000,2023/01/02 20:25:00
2023/01/02 20:23:24,244,2017,개,통계청 : 주민안전>보건의료>주민1만명당병상수,4380000000,2023/01/02 20:25:00
2023/01/02 20:23:25,27762,2017,개,통계청 : 주민안전>보건의료>주민1만명당병상수,4400000000,2023/01/02 20:25:00
2023/01/02 20:23:26,7901,2017,개,통계청 : 주민안전>보건의료>주민1만명당병상수,4413000000,2023/01/02 20:25:00
2023/01/02 20:23:26,2664,2017,개,통계청 : 주민안전>보건의료>주민1만명당병상수,4415000000,2023/01/02 20:25:00
2023/01/02 20:23:27,1312,2017,개,통계청 : 주민안전>보건의료>주민1만명당병상수,4418000000,2023/01/02 20:25:00
2023/01/02 20:23:28,3429,2017,개,통계청 : 주민안전>보건의료>주민1만명당병상수,4420000000,2023/01/02 20:25:00
2023/01/02 20:23:28,1168,2017,개,통계청 : 주민안전>보건의료>주민1만명당병상수,4421000000,2023/01/02 20:25:00
2023/01/02 20:23:29,3325,2017,개,통계청 : 주민안전>보건의료>주민1만명당병상수,4423000000,2023/01/02 20:25:00
2023/01/02 20:23:29,287,2017,개,통계청 : 주민안전>보건의료>주민1만명당병상수,4425000000,2023/01/02 20:25:00
2023/01/02 20:23:31,749,2017,개,통계청 : 주민안전>보건의료>주민1만명당병상수,4471000000,2023/01/02 20:25:00
2023/01/02 20:23:32,1221,2017,개,통계청 : 주민안전>보건의료>주민1만명당병상수,4476000000,2023/01/02 20:25:00
2023/01/02 20:23:32,1345,2017,개,통계청 : 주민안전>보건의료>주민1만명당병상수,4477000000,2023/01/02 20:25:00
2023/01/02 20:23:33,273,2017,개,통계청 : 주민안전>보건의료>주민1만명당병상수,4479000000,2023/01/02 20:25:00
2023/01/02 20:23:34,1673,2017,개,통계청 : 주민안전>보건의료>주민1만명당병상수,4480000000,2023/01/02 20:25:00
2023/01/02 20:23:34,604,2017,개,통계청 : 주민안전>보건의료>주민1만명당병상수,4481000000,2023/01/02 20:25:00
2023/01/02 20:23:35,609,2017,개,통계청 : 주민안전>보건의료>주민1만명당병상수,4482500000,2023/01/02 20:25:00
2023/01/02 20:23:30,1202,2017,개,통계청 : 주민안전>보건의료>주민1만명당병상수,4483000000,2023/01/02 20:25:00
2023/01/02 20:23:36,39165,2017,개,통계청 : 주민안전>보건의료>주민1만명당병상수,4500000000,2023/01/02 20:25:00
2023/01/02 20:23:36,16817,2017,개,통계청 : 주민안전>보건의료>주민1만명당병상수,4511000000,2023/01/02 20:25:00
2023/01/02 20:23:37,4094,2017,개,통계청 : 주민안전>보건의료>주민1만명당병상수,4513000000,2023/01/02 20:25:00
2023/01/02 20:23:37,4990,2017,개,통계청 : 주민안전>보건의료>주민1만명당병상수,4514000000,2023/01/02 20:25:00
2023/01/02 20:23:38,2323,2017,개,통계청 : 주민안전>보건의료>주민1만명당병상수,4518000000,2023/01/02 20:25:00
2023/01/02 20:23:39,1786,2017,개,통계청 : 주민안전>보건의료>주민1만명당병상수,4519000000,2023/01/02 20:25:00
2023/01/02 20:23:39,3091,2017,개,통계청 : 주민안전>보건의료>주민1만명당병상수,4521000000,2023/01/02 20:25:00
2023/01/02 20:23:40,2327,2017,개,통계청 : 주민안전>보건의료>주민1만명당병상수,4571000000,2023/01/02 20:25:00
2023/01/02 20:23:40,313,2017,개,통계청 : 주민안전>보건의료>주민1만명당병상수,4572000000,2023/01/02 20:25:00
2023/01/02 20:23:41,138,2017,개,통계청 : 주민안전>보건의료>주민1만명당병상수,4573000000,2023/01/02 20:25:00
2023/01/02 20:23:42,34,2017,개,통계청 : 주민안전>보건의료>주민1만명당병상수,4574000000,2023/01/02 20:25:00
2023/01/02 20:23:42,313,2017,개,통계청 : 주민안전>보건의료>주민1만명당병상수,4575000000,2023/01/02 20:25:00
2023/01/02 20:23:43,745,2017,개,통계청 : 주민안전>보건의료>주민1만명당병상수,4577000000,2023/01/02 20:25:00
2023/01/02 20:23:43,956,2017,개,통계청 : 주민안전>보건의료>주민1만명당병상수,4579000000,2023/01/02 20:25:00
2023/01/02 20:23:44,1238,2017,개,통계청 : 주민안전>보건의료>주민1만명당병상수,4580000000,2023/01/02 20:25:00
2023/01/02 20:23:45,40928,2017,개,통계청 : 주민안전>보건의료>주민1만명당병상수,4600000000,2023/01/02 20:25:00
2023/01/02 20:23:45,7560,2017,개,통계청 : 주민안전>보건의료>주민1만명당병상수,4611000000,2023/01/02 20:25:00
2023/01/02 20:23:46,4500,2017,개,통계청 : 주민안전>보건의료>주민1만명당병상수,4613000000,2023/01/02 20:25:00
2023/01/02 20:23:47,6141,2017,개,통계청 : 주민안전>보건의료>주민1만명당병상수,4615000000,2023/01/02 20:25:00
2023/01/02 20:23:47,3865,2017,개,통계청 : 주민안전>보건의료>주민1만명당병상수,4617000000,2023/01/02 20:25:00
2023/01/02 20:23:48,1093,2017,개,통계청 : 주민안전>보건의료>주민1만명당병상수,4623000000,2023/01/02 20:25:00
2023/01/02 20:23:48,1654,2017,개,통계청 : 주민안전>보건의료>주민1만명당병상수,4671000000,2023/01/02 20:25:00
2023/01/02 20:23:49,421,2017,개,통계청 : 주민안전>보건의료>주민1만명당병상수,4672000000,2023/01/02 20:25:00
2023/01/02 20:23:50,654,2017,개,통계청 : 주민안전>보건의료>주민1만명당병상수,4673000000,2023/01/02 20:25:00
2023/01/02 20:23:50,1445,2017,개,통계청 : 주민안전>보건의료>주민1만명당병상수,4677000000,2023/01/02 20:25:00
2023/01/02 20:23:51,1416,2017,개,통계청 : 주민안전>보건의료>주민1만명당병상수,4678000000,2023/01/02 20:25:00
2023/01/02 20:23:51,4239,2017,개,통계청 : 주민안전>보건의료>주민1만명당병상수,4679000000,2023/01/02 20:25:00
2023/01/02 20:23:52,367,2017,개,통계청 : 주민안전>보건의료>주민1만명당병상수,4680000000,2023/01/02 20:25:00
2023/01/02 20:23:53,555,2017,개,통계청 : 주민안전>보건의료>주민1만명당병상수,4681000000,2023/01/02 20:25:00
2023/01/02 20:23:53,1569,2017,개,통계청 : 주민안전>보건의료>주민1만명당병상수,4682000000,2023/01/02 20:25:00
2023/01/02 20:23:54,1078,2017,개,통계청 : 주민안전>보건의료>주민1만명당병상수,4683000000,2023/01/02 20:25:00
2023/01/02 20:23:54,904,2017,개,통계청 : 주민안전>보건의료>주민1만명당병상수,4684000000,2023/01/02 20:25:00
2023/01/02 20:23:55,773,2017,개,통계청 : 주민안전>보건의료>주민1만명당병상수,4686000000,2023/01/02 20:25:00
2023/01/02 20:23:56,1183,2017,개,통계청 : 주민안전>보건의료>주민1만명당병상수,4687000000,2023/01/02 20:25:00
2023/01/02 20:23:56,934,2017,개,통계청 : 주민안전>보건의료>주민1만명당병상수,4688000000,2023/01/02 20:25:00
2023/01/02 20:23:57,149,2017,개,통계청 : 주민안전>보건의료>주민1만명당병상수,4689000000,2023/01/02 20:25:00
2023/01/02 20:23:57,213,2017,개,통계청 : 주민안전>보건의료>주민1만명당병상수,4690000000,2023/01/02 20:25:00
2023/01/02 20:23:58,215,2017,개,통계청 : 주민안전>보건의료>주민1만명당병상수,4691000000,2023/01/02 20:25:00
2023/01/02 20:23:59,43982,2017,개,통계청 : 주민안전>보건의료>주민1만명당병상수,4700000000,2023/01/02 20:25:00
2023/01/02 20:23:59,8521,2017,개,통계청 : 주민안전>보건의료>주민1만명당병상수,4711000000,2023/01/02 20:25:00
2023/01/02 20:24:00,5085,2017,개,통계청 : 주민안전>보건의료>주민1만명당병상수,4713000000,2023/01/02 20:25:00
2023/01/02 20:24:01,2205,2017,개,통계청 : 주민안전>보건의료>주민1만명당병상수,4715000000,2023/01/02 20:25:00
2023/01/02 20:24:01,5290,2017,개,통계청 : 주민안전>보건의료>주민1만명당병상수,4717000000,2023/01/02 20:25:00
2023/01/02 20:24:02,3610,2017,개,통계청 : 주민안전>보건의료>주민1만명당병상수,4719000000,2023/01/02 20:25:00
2023/01/02 20:24:03,2130,2017,개,통계청 : 주민안전>보건의료>주민1만명당병상수,4721000000,2023/01/02 20:25:00
2023/01/02 20:24:03,2117,2017,개,통계청 : 주민안전>보건의료>주민1만명당병상수,4723000000,2023/01/02 20:25:00
2023/01/02 20:24:04,1160,2017,개,통계청 : 주민안전>보건의료>주민1만명당병상수,4725000000,2023/01/02 20:25:00
2023/01/02 20:24:04,1325,2017,개,통계청 : 주민안전>보건의료>주민1만명당병상수,4728000000,2023/01/02 20:25:00
2023/01/02 20:24:05,4260,2017,개,통계청 : 주민안전>보건의료>주민1만명당병상수,4729000000,2023/01/02 20:25:00
2023/01/02 20:24:06,100,2017,개,통계청 : 주민안전>보건의료>주민1만명당병상수,4772000000,2023/01/02 20:25:00
2023/01/02 20:24:06,1236,2017,개,통계청 : 주민안전>보건의료>주민1만명당병상수,4773000000,2023/01/02 20:25:00
2023/01/02 20:24:07,354,2017,개,통계청 : 주민안전>보건의료>주민1만명당병상수,4775000000,2023/01/02 20:25:00
2023/01/02 20:24:07,50,2017,개,통계청 : 주민안전>보건의료>주민1만명당병상수,4776000000,2023/01/02 20:25:00
2023/01/02 20:24:08,568,2017,개,통계청 : 주민안전>보건의료>주민1만명당병상수,4777000000,2023/01/02 20:25:00
2023/01/02 20:24:09,1509,2017,개,통계청 : 주민안전>보건의료>주민1만명당병상수,4782000000,2023/01/02 20:25:00
2023/01/02 20:24:09,324,2017,개,통계청 : 주민안전>보건의료>주민1만명당병상수,4783000000,2023/01/02 20:25:00
2023/01/02 20:24:10,838,2017,개,통계청 : 주민안전>보건의료>주민1만명당병상수,4784000000,2023/01/02 20:25:00
2023/01/02 20:24:11,1921,2017,개,통계청 : 주민안전>보건의료>주민1만명당병상수,4785000000,2023/01/02 20:25:00
2023/01/02 20:24:11,694,2017,개,통계청 : 주민안전>보건의료>주민1만명당병상수,4790000000,2023/01/02 20:25:00
2023/01/02 20:24:12,238,2017,개,통계청 : 주민안전>보건의료>주민1만명당병상수,4792000000,2023/01/02 20:25:00
2023/01/02 20:24:12,384,2017,개,통계청 : 주민안전>보건의료>주민1만명당병상수,4793000000,2023/01/02 20:25:00
2023/01/02 20:24:13,63,2017,개,통계청 : 주민안전>보건의료>주민1만명당병상수,4794000000,2023/01/02 20:25:00
2023/01/02 20:24:14,60888,2017,개,통계청 : 주민안전>보건의료>주민1만명당병상수,4800000000,2023/01/02 20:25:00
2023/01/02 20:24:14,19934,2017,개,통계청 : 주민안전>보건의료>주민1만명당병상수,4812000000,2023/01/02 20:25:00
2023/01/02 20:24:15,5778,2017,개,통계청 : 주민안전>보건의료>주민1만명당병상수,4817000000,2023/01/02 20:25:00
2023/01/02 20:24:15,2206,2017,개,통계청 : 주민안전>보건의료>주민1만명당병상수,4822000000,2023/01/02 20:25:00
2023/01/02 20:24:16,3091,2017,개,통계청 : 주민안전>보건의료>주민1만명당병상수,4824000000,2023/01/02 20:25:00
2023/01/02 20:24:17,10262,2017,개,통계청 : 주민안전>보건의료>주민1만명당병상수,4825000000,2023/01/02 20:25:00
2023/01/02 20:24:17,2500,2017,개,통계청 : 주민안전>보건의료>주민1만명당병상수,4827000000,2023/01/02 20:25:00
2023/01/02 20:24:18,2414,2017,개,통계청 : 주민안전>보건의료>주민1만명당병상수,4831000000,2023/01/02 20:25:00
2023/01/02 20:24:18,6910,2017,개,통계청 : 주민안전>보건의료>주민1만명당병상수,4833000000,2023/01/02 20:25:00
2023/01/02 20:24:19,655,2017,개,통계청 : 주민안전>보건의료>주민1만명당병상수,4872000000,2023/01/02 20:25:00
2023/01/02 20:24:20,1141,2017,개,통계청 : 주민안전>보건의료>주민1만명당병상수,4873000000,2023/01/02 20:25:00
2023/01/02 20:24:20,2210,2017,개,통계청 : 주민안전>보건의료>주민1만명당병상수,4874000000,2023/01/02 20:25:00
2023/01/02 20:24:21,1076,2017,개,통계청 : 주민안전>보건의료>주민1만명당병상수,4882000000,2023/01/02 20:25:00
2023/01/02 20:24:21,282,2017,개,통계청 : 주민안전>보건의료>주민1만명당병상수,4884000000,2023/01/02 20:25:00
2023/01/02 20:24:22,674,2017,개,통계청 : 주민안전>보건의료>주민1만명당병상수,4885000000,2023/01/02 20:25:00
2023/01/02 20:24:23,37,2017,개,통계청 : 주민안전>보건의료>주민1만명당병상수,4886000000,2023/01/02 20:25:00
2023/01/02 20:24:23,107,2017,개,통계청 : 주민안전>보건의료>주민1만명당병상수,4887000000,2023/01/02 20:25:00
2023/01/02 20:24:24,745,2017,개,통계청 : 주민안전>보건의료>주민1만명당병상수,4888000000,2023/01/02 20:25:00
2023/01/02 20:24:25,866,2017,개,통계청 : 주민안전>보건의료>주민1만명당병상수,4889000000,2023/01/02 20:25:00
2023/01/02 20:24:25,5055,2017,개,통계청 : 주민안전>보건의료>주민1만명당병상수,5000000000,2023/01/02 20:25:00
2023/01/02 20:24:26,4435,2017,개,통계청 : 주민안전>보건의료>주민1만명당병상수,5011000000,2023/01/02 20:25:00
2023/01/02 20:24:26,620,2017,개,통계청 : 주민안전>보건의료>주민1만명당병상수,5013000000,2023/01/02 20:25:00
