ds,district,건물사고,교통사고,기계사고,기타/미상,산악사고,수난사고,승강기사고,안전조치,위치추적,인명갇힘,자살추정,잠금장치개방,폭발사고,화재
2006-01-01,강남구,378,134,11,0,153,19,5,0,0,0,0,0,95,53
2006-01-01,강동구,174,92,7,0,254,14,3,0,0,0,0,0,78,46
2006-01-01,강북구,62,12,1,0,95,0,55,0,0,0,0,0,28,14
2006-01-01,강서구,203,205,6,0,297,22,6,0,0,9,0,0,102,224
2006-01-01,관악구,159,31,7,0,204,1,139,0,0,0,0,0,61,11
2006-01-01,광진구,65,48,3,0,105,29,36,0,0,0,0,0,35,23
2006-01-01,구로구,109,57,4,0,211,1,6,0,0,0,0,0,54,7
2006-01-01,금천구,53,35,8,0,75,0,7,0,0,1,0,0,27,1
2006-01-01,노원구,106,24,4,0,184,2,126,0,0,0,0,0,53,5
2006-01-01,도봉구,119,46,3,0,126,2,77,0,0,1,0,0,44,17
2006-01-01,동대문구,118,51,6,0,81,3,5,0,0,0,0,0,35,33
2006-01-01,동작구,105,51,2,0,97,21,4,0,0,0,0,0,47,38
2006-01-01,마포구,109,68,9,0,156,28,0,0,0,2,0,0,65,2
2006-01-01,서대문구,233,95,1,0,181,0,14,0,0,0,0,0,44,28
2006-01-01,서초구,162,99,2,0,80,14,30,0,0,2,0,0,34,47
2006-01-01,성동구,34,22,2,0,45,17,1,0,0,0,0,0,53,36
2006-01-01,성북구,80,36,6,0,101,1,18,0,0,0,0,0,39,11
2006-01-01,송파구,211,99,7,0,195,28,23,0,0,0,0,0,96,22
2006-01-01,양천구,189,57,5,0,175,0,1,0,0,0,0,0,51,10
2006-01-01,영등포구,215,87,6,0,194,84,0,0,0,0,0,0,82,20
2006-01-01,용산구,76,143,3,0,109,49,0,0,0,0,0,0,104,195
2006-01-01,은평구,103,65,7,0,225,0,88,0,0,1,0,0,86,27
2006-01-01,종로구,87,116,8,0,79,0,46,0,0,0,0,0,95,80
2006-01-01,중구,99,41,7,0,74,0,0,0,0,0,0,0,28,12
2006-01-01,중랑구,120,36,6,0,215,1,25,0,0,1,0,0,61,22
2007-01-01,강남구,0,102,10,74,12,16,270,0,0,149,0,0,1,150
2007-01-01,강동구,0,81,5,97,3,12,197,0,0,284,0,0,1,90
2007-01-01,강북구,0,30,2,24,36,0,52,0,0,54,0,0,0,14
2007-01-01,강서구,0,135,7,160,11,14,312,0,0,434,0,0,0,44
2007-01-01,관악구,0,45,15,85,139,0,245,0,0,217,0,0,0,2
2007-01-01,광진구,0,54,8,45,26,35,82,0,0,116,0,0,0,34
2007-01-01,구로구,0,72,8,64,2,0,162,0,0,160,0,0,0,204
2007-01-01,금천구,0,27,5,31,9,0,49,0,0,71,0,0,0,11
2007-01-01,노원구,0,27,5,65,156,0,209,0,0,194,0,0,0,1
2007-01-01,도봉구,0,42,4,31,93,1,93,0,0,115,0,0,0,3
2007-01-01,동대문구,0,41,9,48,2,2,142,0,0,131,0,0,0,38
2007-01-01,동작구,0,61,6,67,1,15,149,0,0,98,0,0,1,64
2007-01-01,마포구,0,164,5,139,0,38,242,0,0,203,0,0,0,38
2007-01-01,서대문구,0,70,5,110,24,0,142,0,0,172,0,0,0,59
2007-01-01,서초구,0,106,6,72,18,15,186,0,0,92,0,0,1,117
2007-01-01,성동구,0,47,7,103,1,24,49,0,0,59,0,0,0,10
2007-01-01,성북구,0,19,2,73,19,0,94,0,0,146,0,0,0,47
2007-01-01,송파구,0,110,11,119,21,26,213,0,0,294,0,0,0,51
2007-01-01,양천구,0,77,4,66,5,0,268,0,0,233,0,0,0,11
2007-01-01,영등포구,0,213,8,108,0,107,311,0,0,204,0,0,4,61
2007-01-01,용산구,0,269,14,133,0,89,82,0,0,141,0,0,0,71
2007-01-01,은평구,0,65,4,76,74,0,142,0,0,199,0,0,0,27
2007-01-01,종로구,0,44,5,73,63,0,114,0,0,120,0,0,0,19
2007-01-01,중구,0,45,9,39,0,0,138,0,0,88,0,0,4,7
2007-01-01,중랑구,0,82,2,54,28,0,142,0,0,162,0,0,1,20
2008-01-01,강남구,0,85,11,113,17,30,286,0,0,171,0,0,1,62
2008-01-01,강동구,0,70,10,93,5,10,184,0,0,247,0,0,0,63
2008-01-01,강북구,0,29,5,86,88,0,82,0,0,115,0,0,0,52
2008-01-01,강서구,0,200,16,143,8,22,358,0,0,389,0,0,0,33
2008-01-01,관악구,0,25,3,61,157,0,212,0,0,244,0,0,0,34
2008-01-01,광진구,0,67,8,59,36,39,97,0,0,156,0,0,0,2
2008-01-01,구로구,0,48,6,116,2,0,237,0,0,192,0,0,0,18
2008-01-01,금천구,0,68,3,67,14,0,122,0,0,120,0,0,0,2
2008-01-01,노원구,0,44,6,95,155,0,176,0,0,174,0,0,0,7
2008-01-01,도봉구,0,61,2,88,147,2,130,0,0,179,0,0,0,43
2008-01-01,동대문구,0,47,7,55,2,5,103,0,0,158,0,0,0,100
2008-01-01,동작구,0,103,6,102,3,13,126,0,0,122,0,0,1,25
2008-01-01,마포구,0,76,8,153,0,35,184,0,0,247,0,0,0,36
2008-01-01,서대문구,0,45,11,180,12,0,105,0,0,118,0,0,0,39
2008-01-01,서초구,0,296,12,58,41,44,203,0,0,104,0,0,0,128
2008-01-01,성동구,0,33,2,38,1,29,68,0,0,87,0,0,0,9
2008-01-01,성북구,0,15,6,64,33,0,124,0,0,100,0,0,0,10
2008-01-01,송파구,0,46,9,126,13,23,197,0,0,222,0,0,0,12
2008-01-01,양천구,0,38,8,50,0,0,141,0,0,156,0,0,0,13
2008-01-01,영등포구,0,135,6,53,0,110,154,0,0,202,0,0,0,90
2008-01-01,용산구,0,166,2,95,0,74,43,0,0,112,0,0,0,30
2008-01-01,은평구,0,86,6,369,91,0,119,0,0,225,0,0,1,27
2008-01-01,종로구,0,42,9,53,77,1,84,0,0,82,0,0,0,10
2008-01-01,중구,0,30,7,50,0,0,133,0,0,100,0,0,0,24
2008-01-01,중랑구,0,45,11,62,23,0,108,0,0,152,0,0,0,20
2009-01-01,강남구,0,111,10,110,17,25,238,0,0,199,0,0,2,55
2009-01-01,강동구,1,36,8,78,3,4,164,0,0,208,0,0,0,13
2009-01-01,강북구,1,68,0,79,80,1,107,0,0,121,0,0,0,12
2009-01-01,강서구,2,108,12,111,10,18,341,0,0,342,0,0,0,57
2009-01-01,관악구,0,53,3,102,146,4,168,0,0,175,0,0,0,9
2009-01-01,광진구,0,57,11,69,38,57,124,0,0,178,0,0,0,37
2009-01-01,구로구,5,39,5,220,3,0,336,0,0,248,0,0,1,32
2009-01-01,금천구,1,39,6,74,22,0,122,0,0,97,0,0,0,69
2009-01-01,노원구,3,73,6,92,188,9,217,0,0,229,0,0,0,25
2009-01-01,도봉구,0,56,2,110,192,0,133,0,0,184,0,0,0,32
2009-01-01,동대문구,0,44,12,49,4,1,82,0,0,97,0,0,0,22
2009-01-01,동작구,0,54,7,74,7,18,132,0,0,113,0,0,0,95
2009-01-01,마포구,0,51,14,94,0,38,182,0,0,215,0,0,0,12
2009-01-01,서대문구,0,80,9,168,18,0,145,0,0,164,0,0,0,23
2009-01-01,서초구,1,244,7,220,44,18,257,0,0,89,0,0,0,77
2009-01-01,성동구,3,30,4,40,1,26,82,0,0,60,0,0,0,37
2009-01-01,성북구,32,24,5,62,34,0,155,0,0,162,0,0,2,24
2009-01-01,송파구,1,97,6,106,12,37,140,0,0,168,0,0,0,23
2009-01-01,양천구,0,60,6,74,4,1,223,0,0,198,0,0,0,7
2009-01-01,영등포구,16,120,9,140,0,118,179,0,0,173,0,0,0,25
2009-01-01,용산구,0,99,10,148,0,54,64,0,0,152,0,0,0,58
2009-01-01,은평구,2,42,3,315,101,0,95,0,0,212,0,0,4,12
2009-01-01,종로구,2,39,2,51,102,0,72,0,0,79,0,0,0,25
2009-01-01,중구,1,57,5,66,1,1,128,0,0,98,0,0,1,57
2009-01-01,중랑구,1,72,2,58,37,2,83,0,0,142,0,0,0,44
2010-01-01,강남구,4,86,13,71,21,20,296,0,0,182,0,0,0,70
2010-01-01,강동구,2,23,6,88,5,7,149,0,0,204,0,0,0,14
2010-01-01,강북구,0,44,5,71,72,1,69,0,0,72,0,0,0,47
2010-01-01,강서구,0,179,15,123,10,19,768,0,0,296,0,0,0,169
2010-01-01,관악구,1,24,11,92,194,0,196,0,0,210,0,0,0,22
2010-01-01,광진구,0,48,8,75,43,30,113,0,0,196,0,0,0,86
2010-01-01,구로구,0,48,9,145,2,1,383,0,0,227,0,0,0,12
2010-01-01,금천구,2,89,6,56,14,0,130,0,0,76,0,0,0,26
2010-01-01,노원구,6,83,4,235,192,1,330,0,0,333,0,0,0,56
2010-01-01,도봉구,0,25,2,62,216,2,122,0,0,172,0,0,0,19
2010-01-01,동대문구,0,46,5,40,3,7,128,0,0,112,0,0,0,117
2010-01-01,동작구,1,33,6,78,1,11,104,0,0,114,0,0,0,25
2010-01-01,마포구,2,95,4,107,3,41,130,0,0,196,0,0,0,45
2010-01-01,서대문구,2,102,0,106,25,1,193,0,0,211,0,0,2,278
2010-01-01,서초구,2,111,2,97,39,15,186,0,0,64,0,0,0,21
2010-01-01,성동구,0,26,5,34,0,24,87,0,0,65,0,0,1,73
2010-01-01,성북구,2,40,9,85,37,0,152,0,0,172,0,0,0,130
2010-01-01,송파구,0,107,14,132,9,54,183,0,0,148,0,0,0,49
2010-01-01,양천구,0,46,3,65,1,1,168,0,0,139,0,0,1,6
2010-01-01,영등포구,1,102,3,159,0,130,305,0,0,189,0,0,0,122
2010-01-01,용산구,1,40,4,74,0,64,85,0,0,132,0,0,1,25
2010-01-01,은평구,12,73,6,414,89,0,92,0,0,250,0,0,0,59
2010-01-01,종로구,0,34,4,54,110,0,257,0,0,109,0,0,0,32
2010-01-01,중구,0,118,10,49,1,0,140,0,0,74,0,0,0,33
2010-01-01,중랑구,0,36,6,50,27,1,110,0,0,71,0,0,0,13
2011-01-01,강남구,34,108,12,135,15,26,444,0,0,264,0,0,3,141
2011-01-01,강동구,15,30,7,66,2,8,225,0,0,101,0,0,0,16
2011-01-01,강북구,26,14,11,49,77,0,99,0,0,75,0,0,4,54
2011-01-01,강서구,30,190,8,100,7,37,866,0,0,283,0,0,0,120
2011-01-01,관악구,79,29,7,119,237,0,319,0,0,203,0,0,0,48
2011-01-01,광진구,46,46,10,50,32,54,170,0,0,157,0,0,4,57
2011-01-01,구로구,44,53,3,180,4,1,374,0,0,180,0,0,0,42
2011-01-01,금천구,29,24,5,66,13,0,241,0,0,108,0,0,0,12
2011-01-01,노원구,72,94,7,222,154,3,332,0,0,285,0,0,2,26
2011-01-01,도봉구,22,80,8,83,173,3,165,0,0,130,0,0,0,39
2011-01-01,동대문구,19,70,4,77,1,2,264,0,0,131,0,0,0,36
2011-01-01,동작구,72,67,7,259,7,17,264,0,0,105,0,0,4,80
2011-01-01,마포구,24,98,11,149,1,134,239,0,0,158,0,0,0,27
2011-01-01,서대문구,81,119,2,116,24,6,184,0,0,134,0,0,0,35
2011-01-01,서초구,42,97,8,129,32,18,183,0,0,103,0,0,0,37
2011-01-01,성동구,27,52,5,59,0,28,168,0,0,52,0,0,0,27
2011-01-01,성북구,33,52,0,51,37,0,256,0,0,148,0,0,0,30
2011-01-01,송파구,38,52,9,74,10,29,317,0,0,124,0,0,0,14
2011-01-01,양천구,65,41,4,72,1,1,179,0,0,136,0,0,0,74
2011-01-01,영등포구,68,94,13,159,0,107,436,0,0,163,0,0,1,639
2011-01-01,용산구,13,47,6,57,0,54,162,0,0,111,0,0,0,92
2011-01-01,은평구,34,32,10,377,112,1,208,0,0,179,0,0,0,27
2011-01-01,종로구,32,39,4,105,132,0,324,0,0,59,0,0,0,26
2011-01-01,중구,8,30,10,38,2,0,230,0,0,54,0,0,0,23
2011-01-01,중랑구,38,40,5,88,36,1,166,0,0,129,0,0,0,51
2012-01-01,강남구,12,117,9,219,10,16,479,0,0,270,0,0,1,198
2012-01-01,강동구,0,34,3,58,6,8,200,0,0,99,0,0,0,3
2012-01-01,강북구,0,31,1,44,66,0,86,0,0,79,0,0,0,61
2012-01-01,강서구,3,211,9,136,9,33,504,0,0,333,0,0,0,39
2012-01-01,관악구,0,30,4,122,156,0,320,0,0,296,0,0,1,56
2012-01-01,광진구,0,54,8,35,31,42,154,0,0,161,0,0,0,48
2012-01-01,구로구,0,29,1,71,3,2,256,0,0,193,0,0,0,29
2012-01-01,금천구,12,39,5,47,19,0,111,0,0,96,0,0,0,5
2012-01-01,노원구,0,77,5,285,147,0,364,0,0,400,0,0,1,40
2012-01-01,도봉구,2,37,8,71,179,0,169,0,0,155,0,0,1,65
2012-01-01,동대문구,2,47,4,52,0,0,291,0,0,120,0,0,0,106
2012-01-01,동작구,0,42,8,87,3,13,160,0,0,118,0,0,0,75
2012-01-01,마포구,8,130,4,108,0,52,296,0,0,271,0,0,4,12
2012-01-01,서대문구,0,147,5,75,18,0,208,0,0,187,0,0,0,204
2012-01-01,서초구,1,54,1,57,31,10,261,0,0,95,0,0,0,35
2012-01-01,성동구,0,49,7,30,1,16,137,0,0,63,0,0,0,79
2012-01-01,성북구,0,37,4,140,25,0,271,0,0,204,0,0,0,77
2012-01-01,송파구,0,90,27,101,17,26,381,0,0,207,0,0,2,939
2012-01-01,양천구,1,28,5,71,4,3,212,0,0,177,0,0,1,110
2012-01-01,영등포구,0,98,6,142,0,110,482,0,0,177,0,0,0,556
2012-01-01,용산구,1,86,2,83,0,94,150,0,0,140,0,0,0,106
2012-01-01,은평구,0,60,8,303,119,0,243,0,0,182,0,0,0,13
2012-01-01,종로구,0,53,14,59,85,0,263,0,0,85,0,0,0,46
2012-01-01,중구,3,25,7,158,0,4,224,0,0,115,0,0,0,18
2012-01-01,중랑구,1,61,2,65,39,2,200,0,0,157,0,0,0,44
2013-01-01,강남구,0,106,7,205,10,28,379,0,0,264,0,0,0,29
2013-01-01,강동구,1,42,3,58,6,17,371,0,0,176,0,0,0,248
2013-01-01,강북구,0,28,5,44,84,0,114,0,0,90,0,0,0,48
2013-01-01,강서구,6,407,11,156,6,29,488,0,0,331,0,0,0,118
2013-01-01,관악구,1,21,3,70,176,0,129,0,0,207,0,0,0,178
2013-01-01,광진구,0,45,4,88,45,50,122,0,0,140,0,0,0,74
2013-01-01,구로구,0,72,3,97,1,0,253,0,0,217,0,0,0,66
2013-01-01,금천구,0,52,7,35,18,1,113,0,0,98,0,0,2,15
2013-01-01,노원구,0,67,12,262,154,2,317,0,0,358,0,0,1,15
2013-01-01,도봉구,0,32,15,72,238,1,234,0,0,187,0,0,0,0
2013-01-01,동대문구,2,49,9,77,4,1,186,0,0,144,0,0,2,5
2013-01-01,동작구,43,73,9,919,1,12,318,0,0,380,0,0,0,87
2013-01-01,마포구,0,178,4,138,2,108,322,0,0,233,0,0,0,98
2013-01-01,서대문구,0,103,6,99,18,0,156,0,0,111,0,0,0,50
2013-01-01,서초구,0,99,5,73,49,25,335,0,0,173,0,0,0,34
2013-01-01,성동구,0,37,4,37,2,22,99,0,0,35,0,0,0,33
2013-01-01,성북구,0,71,6,107,17,0,272,0,0,210,0,0,0,99
2013-01-01,송파구,6,161,7,124,9,27,360,0,0,226,0,0,31,1245
2013-01-01,양천구,0,52,7,78,2,1,272,0,0,178,0,0,2,220
2013-01-01,영등포구,0,114,8,135,0,253,294,0,0,190,0,0,0,147
2013-01-01,용산구,0,99,8,68,1,85,122,0,0,118,0,0,0,23
2013-01-01,은평구,1,43,9,402,117,0,335,0,0,286,0,0,0,56
2013-01-01,종로구,2,77,6,63,92,0,184,0,0,84,0,0,0,60
2013-01-01,중구,2,48,26,100,1,0,173,0,0,84,0,0,0,109
2013-01-01,중랑구,0,61,6,75,36,2,190,0,0,112,0,0,0,83
2014-01-01,강남구,1,130,4,250,23,44,352,0,0,360,0,0,0,131
2014-01-01,강동구,2,69,4,85,6,34,203,0,0,177,0,0,0,126
2014-01-01,강북구,0,44,3,49,110,0,150,0,0,110,0,0,0,45
2014-01-01,강서구,0,227,9,134,8,35,362,0,0,395,0,0,0,136
2014-01-01,관악구,0,35,7,101,127,0,159,0,0,210,0,0,0,29
2014-01-01,광진구,0,68,3,151,41,53,145,0,0,214,0,0,0,150
2014-01-01,구로구,0,94,10,118,5,0,255,0,0,251,0,0,0,96
2014-01-01,금천구,0,75,4,36,27,0,100,0,0,90,0,0,1,10
2014-01-01,노원구,0,81,14,177,146,0,497,0,0,342,0,0,0,11
2014-01-01,도봉구,1,48,3,98,194,0,143,0,0,252,0,0,0,47
2014-01-01,동대문구,0,60,5,157,1,4,362,0,0,268,0,0,0,42
2014-01-01,동작구,0,45,7,127,4,20,214,0,0,220,0,0,0,34
2014-01-01,마포구,0,107,14,131,2,157,297,0,0,261,0,0,0,34
2014-01-01,서대문구,0,130,7,83,39,0,119,0,0,114,0,0,1,107
2014-01-01,서초구,0,156,7,104,47,37,256,0,0,198,0,0,0,54
2014-01-01,성동구,0,686,10,86,0,55,83,0,0,72,0,0,0,35
2014-01-01,성북구,0,17,2,94,22,0,155,0,0,174,0,0,0,104
2014-01-01,송파구,1,135,20,113,22,39,249,0,0,286,0,0,0,426
2014-01-01,양천구,0,33,5,99,2,1,169,0,0,163,0,0,0,371
2014-01-01,영등포구,2,108,12,153,0,448,324,0,0,225,0,0,1,216
2014-01-01,용산구,0,91,3,88,2,133,122,0,0,163,0,0,0,21
2014-01-01,은평구,0,53,12,175,180,0,132,0,0,199,0,0,8,51
2014-01-01,종로구,0,49,15,65,128,0,161,0,0,84,0,0,0,20
2014-01-01,중구,0,56,9,62,1,0,183,0,0,114,0,0,1,255
2014-01-01,중랑구,1,39,9,71,57,2,171,0,0,110,0,0,0,54
2015-01-01,강남구,10,187,12,543,9,38,485,0,0,119,0,0,0,111
2015-01-01,강동구,0,72,9,232,2,28,206,0,0,73,0,0,0,15
2015-01-01,강북구,0,40,7,128,86,0,95,0,0,60,0,0,0,24
2015-01-01,강서구,4,138,11,434,8,16,242,0,0,90,0,0,0,8
2015-01-01,관악구,2,49,4,915,184,2,203,0,0,162,0,0,0,39
2015-01-01,광진구,0,74,5,329,49,75,200,0,0,63,0,0,0,55
2015-01-01,구로구,0,34,10,220,4,1,285,0,0,143,0,0,0,20
2015-01-01,금천구,6,15,7,82,18,0,103,0,0,58,0,0,0,2
2015-01-01,노원구,0,55,15,296,145,4,342,0,0,103,0,0,0,27
2015-01-01,도봉구,1,29,8,290,221,0,236,0,0,89,0,0,0,34
2015-01-01,동대문구,1,54,3,171,1,2,203,0,0,88,0,0,0,23
2015-01-01,동작구,65,31,9,181,3,21,195,0,0,110,0,0,0,17
2015-01-01,마포구,5,110,11,318,1,131,273,0,0,106,0,0,0,33
2015-01-01,서대문구,2,66,7,120,35,0,140,0,0,101,0,0,1,23
2015-01-01,서초구,0,123,4,224,64,41,230,0,0,102,0,0,0,27
2015-01-01,성동구,0,50,6,111,0,32,169,0,0,38,0,0,0,23
2015-01-01,성북구,0,30,6,185,23,0,126,0,0,101,0,0,0,7
2015-01-01,송파구,0,114,10,308,9,54,191,0,0,68,0,0,0,42
2015-01-01,양천구,0,43,2,235,1,0,275,0,0,111,0,0,0,48
2015-01-01,영등포구,4,157,4,411,0,344,439,0,0,91,0,0,0,75
2015-01-01,용산구,3,94,1,284,3,110,187,0,0,30,0,0,0,53
2015-01-01,은평구,1,46,10,316,186,0,193,0,0,81,0,0,0,7
2015-01-01,종로구,0,59,5,230,109,0,214,0,0,55,0,0,3,5
2015-01-01,중구,1,97,19,213,3,0,265,0,0,38,0,0,1,51
2015-01-01,중랑구,0,30,1,163,26,0,177,0,0,46,0,0,0,23
2016-01-01,강남구,3,92,20,222,9,40,401,0,0,350,0,0,0,70
2016-01-01,강동구,5,68,4,101,0,27,345,0,0,254,0,0,0,17
2016-01-01,강북구,1,13,7,75,102,0,147,0,0,173,0,0,0,4
2016-01-01,강서구,7,126,7,111,4,47,430,0,0,268,0,0,0,63
2016-01-01,관악구,1,39,4,322,173,0,354,0,0,342,0,0,0,101
2016-01-01,광진구,0,111,8,142,44,41,265,0,0,240,0,0,0,75
2016-01-01,구로구,0,45,5,73,3,2,265,0,0,184,0,0,0,22
2016-01-01,금천구,0,35,4,46,17,0,154,0,0,107,0,0,1,7
2016-01-01,노원구,1,104,7,233,123,11,557,0,0,514,0,0,0,33
2016-01-01,도봉구,1,46,7,358,180,2,156,0,0,242,0,0,0,41
2016-01-01,동대문구,0,44,8,140,2,0,284,0,0,257,0,0,0,43
2016-01-01,동작구,0,75,11,77,2,12,223,0,0,203,0,0,0,18
2016-01-01,마포구,0,119,5,160,1,122,311,0,0,290,0,0,1,24
2016-01-01,서대문구,5,76,6,98,23,1,258,0,0,193,0,0,0,7
2016-01-01,서초구,1,90,14,129,38,30,339,0,0,140,0,0,0,58
2016-01-01,성동구,1,309,8,80,0,69,182,0,0,144,0,0,2,60
2016-01-01,성북구,0,44,6,141,22,0,189,0,0,191,0,0,0,29
2016-01-01,송파구,0,81,9,129,5,65,270,0,0,309,0,0,4,32
2016-01-01,양천구,5,39,9,96,0,3,437,0,0,167,0,0,0,5
2016-01-01,영등포구,6,104,9,180,0,329,511,0,0,290,0,0,0,66
2016-01-01,용산구,0,120,5,109,0,92,175,0,0,194,0,0,0,79
2016-01-01,은평구,0,42,10,117,196,1,176,0,0,307,0,0,0,22
2016-01-01,종로구,6,52,8,356,131,0,287,0,0,135,0,0,1,18
2016-01-01,중구,0,48,16,98,0,0,200,0,0,149,0,0,0,10
2016-01-01,중랑구,2,38,6,77,39,0,191,0,0,190,0,0,0,128
2017-01-01,강남구,6,169,8,268,8,32,580,0,0,337,0,0,0,36
2017-01-01,강동구,0,58,3,158,2,26,356,0,0,301,0,0,0,13
2017-01-01,강북구,1,25,5,90,56,0,199,0,0,148,0,0,0,17
2017-01-01,강서구,0,97,4,116,6,21,407,0,0,286,0,0,0,27
2017-01-01,관악구,0,64,3,288,202,4,346,0,0,348,0,0,0,48
2017-01-01,광진구,3,113,3,165,34,59,294,0,0,282,0,0,0,68
2017-01-01,구로구,1,57,7,125,3,1,389,0,0,256,0,0,0,62
2017-01-01,금천구,0,26,5,40,24,0,182,0,0,119,0,0,1,33
2017-01-01,노원구,1,108,4,274,77,5,663,0,0,467,0,0,0,85
2017-01-01,도봉구,2,59,0,367,201,3,212,0,0,234,0,0,0,46
2017-01-01,동대문구,0,80,5,104,4,0,365,0,0,222,0,0,0,31
2017-01-01,동작구,0,90,7,88,3,28,158,0,0,178,0,0,0,39
2017-01-01,마포구,0,111,2,201,0,128,533,0,0,258,0,0,0,26
2017-01-01,서대문구,0,62,2,107,21,1,244,0,0,158,0,0,0,35
2017-01-01,서초구,0,85,5,126,33,30,398,0,0,167,0,0,0,48
2017-01-01,성동구,2,89,10,127,0,33,233,0,0,165,0,0,0,60
2017-01-01,성북구,0,81,3,117,28,0,271,0,0,197,0,0,0,20
2017-01-01,송파구,0,161,146,136,8,44,369,0,0,236,0,0,0,77
2017-01-01,양천구,0,39,0,89,0,2,439,0,0,200,0,0,0,100
2017-01-01,영등포구,0,186,13,341,0,274,376,0,0,327,0,0,0,134
2017-01-01,용산구,0,60,1,110,0,125,357,0,0,163,0,0,0,29
2017-01-01,은평구,0,50,2,107,128,0,276,0,0,267,0,0,0,16
2017-01-01,종로구,10,44,5,200,106,9,151,0,0,110,0,0,0,8
2017-01-01,중구,0,37,7,79,0,0,432,0,0,130,0,0,0,17
2017-01-01,중랑구,0,45,5,91,29,2,234,0,0,178,0,0,0,108
2018-01-01,강남구,0,53,6,167,4,28,467,0,0,268,0,0,0,42
2018-01-01,강동구,0,53,5,129,5,39,359,0,0,171,0,0,0,25
2018-01-01,강북구,0,15,1,67,80,0,180,0,0,113,0,0,0,12
2018-01-01,강서구,0,72,3,116,3,19,364,0,0,243,0,0,0,25
2018-01-01,관악구,1,43,5,125,188,1,313,0,0,272,0,0,0,40
2018-01-01,광진구,0,40,4,120,31,61,176,0,0,202,0,0,1,82
2018-01-01,구로구,3,28,6,77,8,0,434,0,0,194,0,0,0,17
2018-01-01,금천구,0,23,11,38,24,0,180,0,0,100,0,0,0,33
2018-01-01,노원구,0,82,3,126,93,11,464,0,0,235,0,0,0,40
2018-01-01,도봉구,0,30,1,465,168,2,245,0,0,219,0,0,0,47
2018-01-01,동대문구,0,58,4,107,4,1,340,0,0,188,0,0,0,10
2018-01-01,동작구,1,26,3,77,3,28,239,0,0,176,0,0,0,14
2018-01-01,마포구,0,48,2,135,0,142,297,0,0,184,0,0,0,12
2018-01-01,서대문구,0,72,7,138,28,0,186,0,0,174,0,0,0,25
2018-01-01,서초구,0,76,1,115,28,13,350,0,0,121,0,0,0,41
2018-01-01,성동구,0,56,7,96,0,29,253,0,0,151,0,0,0,12
2018-01-01,성북구,0,34,3,62,27,1,162,0,0,118,0,0,0,6
2018-01-01,송파구,0,89,9,157,2,47,372,0,0,202,0,0,0,38
2018-01-01,양천구,0,20,1,69,2,0,351,0,0,91,0,0,0,13
2018-01-01,영등포구,0,102,8,305,0,364,511,0,0,292,0,0,0,72
2018-01-01,용산구,0,25,1,120,0,103,193,0,0,92,0,0,0,24
2018-01-01,은평구,0,24,1,86,171,0,216,0,0,233,0,0,0,14
2018-01-01,종로구,0,28,4,114,77,0,181,0,0,84,0,0,0,26
2018-01-01,중구,0,24,11,115,2,0,351,0,0,147,0,0,0,38
2018-01-01,중랑구,1,36,5,80,18,6,163,0,0,152,0,0,0,35
2019-01-01,강남구,0,29,1,174,8,71,434,0,0,226,0,0,0,7
2019-01-01,강동구,0,47,2,67,5,54,255,0,0,140,0,0,0,61
2019-01-01,강북구,0,6,0,71,77,1,100,0,0,108,0,0,0,4
2019-01-01,강서구,0,34,3,74,1,26,139,0,0,109,0,0,0,6
2019-01-01,관악구,0,32,0,114,164,4,192,0,0,285,0,0,0,32
2019-01-01,광진구,0,34,2,92,28,89,182,0,0,179,0,0,0,29
2019-01-01,구로구,0,66,3,74,1,0,304,0,0,166,0,0,0,17
2019-01-01,금천구,0,81,7,54,21,0,219,0,0,81,0,0,0,23
2019-01-01,노원구,0,39,2,123,78,4,277,0,0,234,0,0,0,43
2019-01-01,도봉구,0,522,2,299,103,1,270,0,0,191,0,0,0,89
2019-01-01,동대문구,0,28,3,75,3,0,222,0,0,158,0,0,0,26
2019-01-01,동작구,0,23,4,67,13,66,190,0,0,152,0,0,0,9
2019-01-01,마포구,0,74,5,194,3,242,246,0,0,203,0,0,0,18
2019-01-01,서대문구,0,44,2,112,16,1,130,0,0,161,0,0,0,9
2019-01-01,서초구,0,46,3,77,12,84,260,0,0,89,0,0,0,36
2019-01-01,성동구,0,50,1,102,0,46,246,0,0,151,0,0,0,15
2019-01-01,성북구,0,17,4,78,20,2,147,0,0,106,0,0,0,19
2019-01-01,송파구,0,52,2,117,10,66,285,0,0,183,0,0,0,19
2019-01-01,양천구,0,32,3,55,3,11,229,0,0,92,0,0,0,13
2019-01-01,영등포구,0,172,0,412,0,506,430,0,0,272,0,0,1,107
2019-01-01,용산구,0,32,2,123,0,205,177,0,0,85,0,0,0,15
2019-01-01,은평구,0,36,4,74,219,0,166,0,0,166,0,0,0,24
2019-01-01,종로구,0,22,1,69,86,0,130,0,0,97,0,0,2,14
2019-01-01,중구,0,22,8,77,1,1,240,0,0,106,0,0,2,21
2019-01-01,중랑구,0,32,1,84,15,1,192,0,0,153,0,0,0,16
2020-01-01,강남구,0,33,0,154,13,76,286,0,0,204,0,0,0,43
2020-01-01,강동구,0,26,3,66,5,34,153,0,0,76,0,0,0,11
2020-01-01,강북구,8,8,0,43,88,0,63,0,0,92,0,0,0,16
2020-01-01,강서구,0,18,0,46,5,27,107,0,0,88,0,0,0,2
2020-01-01,관악구,0,27,1,87,214,10,170,0,0,185,0,0,0,8
2020-01-01,광진구,0,35,1,64,34,109,72,0,0,106,0,0,0,4
2020-01-01,구로구,0,18,2,43,6,2,198,0,0,110,0,0,1,12
2020-01-01,금천구,0,27,0,30,19,0,91,0,0,78,0,0,0,3
2020-01-01,노원구,0,29,0,67,122,3,160,0,0,140,0,0,1,53
2020-01-01,도봉구,0,44,0,60,158,4,154,0,0,98,0,0,0,28
2020-01-01,동대문구,0,22,1,76,7,1,150,0,0,108,0,0,0,9
2020-01-01,동작구,0,22,1,48,18,85,133,0,0,104,0,0,0,2
2020-01-01,마포구,0,60,1,166,2,264,194,0,0,153,0,0,0,17
2020-01-01,서대문구,1,16,1,62,31,1,75,0,0,119,0,0,0,24
2020-01-01,서초구,0,24,1,90,27,98,181,0,0,77,0,0,0,16
2020-01-01,성동구,0,18,2,67,1,63,90,0,0,92,0,0,0,27
2020-01-01,성북구,0,23,1,53,19,2,131,0,0,92,0,0,0,2
2020-01-01,송파구,0,32,8,94,5,95,225,0,0,151,0,0,1,15
2020-01-01,양천구,0,10,2,24,2,0,147,0,0,53,0,0,0,1
2020-01-01,영등포구,3,43,2,235,0,422,308,0,0,166,0,0,0,20
2020-01-01,용산구,0,20,0,50,1,210,69,0,0,35,0,0,0,7
2020-01-01,은평구,0,24,1,68,163,10,159,0,0,143,0,0,0,10
2020-01-01,종로구,0,15,2,52,121,0,119,0,0,65,0,0,0,5
2020-01-01,중구,0,34,4,56,0,0,101,0,0,55,0,0,0,131
2020-01-01,중랑구,0,28,2,74,29,2,121,0,0,96,0,0,0,10
2021-01-01,강남구,0,51,4,246,18,144,313,0,0,258,0,0,0,51
2021-01-01,강동구,0,16,1,55,0,26,127,0,0,73,0,0,0,9
2021-01-01,강북구,1,14,1,74,129,3,82,0,0,129,0,0,0,7
2021-01-01,강서구,0,10,2,48,10,24,143,0,0,86,0,0,0,11
2021-01-01,관악구,0,35,1,187,265,2,251,0,0,304,0,0,1,23
2021-01-01,광진구,0,23,4,120,78,152,64,0,0,144,0,0,1,21
2021-01-01,구로구,1,8,0,54,3,0,193,0,0,73,0,0,0,7
2021-01-01,금천구,0,20,0,58,23,0,66,0,0,73,0,0,0,1
2021-01-01,노원구,0,16,2,70,137,1,109,0,0,140,0,0,0,24
2021-01-01,도봉구,0,13,0,84,180,0,105,0,0,81,0,0,0,1
2021-01-01,동대문구,0,10,4,72,8,1,100,0,0,96,0,0,0,14
2021-01-01,동작구,0,11,0,60,8,76,115,0,0,90,0,0,0,13
2021-01-01,마포구,0,30,0,109,5,312,174,0,0,101,0,0,0,10
2021-01-01,서대문구,0,12,1,39,18,0,59,0,0,60,0,0,0,0
2021-01-01,서초구,0,19,1,72,28,141,168,0,0,53,0,0,0,12
2021-01-01,성동구,0,31,3,93,1,85,90,0,0,117,0,0,1,9
2021-01-01,성북구,2,11,1,60,23,1,100,0,0,78,0,0,0,40
2021-01-01,송파구,1,28,3,144,0,102,189,0,0,148,0,0,0,20
2021-01-01,양천구,0,7,2,34,4,0,130,0,0,49,0,0,0,10
2021-01-01,영등포구,0,44,2,127,0,693,337,0,0,172,0,0,0,29
2021-01-01,용산구,0,20,2,72,0,340,143,0,0,60,0,0,0,6
2021-01-01,은평구,0,11,1,56,167,0,119,0,0,113,0,0,0,11
2021-01-01,종로구,2,6,2,53,116,1,114,0,0,69,0,0,1,39
2021-01-01,중구,1,6,0,34,5,0,93,0,0,36,0,0,0,82
2021-01-01,중랑구,0,9,3,43,13,5,81,0,0,67,0,0,0,3
2022-01-01,강남구,3,34,32,490,32,95,447,0,0,253,0,0,0,51
2022-01-01,강동구,2,19,15,254,15,48,215,0,0,142,0,0,0,12
2022-01-01,강북구,1,16,18,280,55,2,212,0,0,101,0,0,0,13
2022-01-01,강서구,1,18,15,273,15,18,210,0,0,100,0,0,0,12
2022-01-01,관악구,3,32,34,433,176,4,375,0,0,214,0,0,0,37
2022-01-01,광진구,0,26,11,215,34,28,359,0,0,57,0,0,0,17
2022-01-01,구로구,1,17,15,269,14,2,204,0,0,97,0,0,0,12
2022-01-01,금천구,2,22,18,319,18,3,251,0,0,119,0,0,0,14
2022-01-01,노원구,1,22,17,275,67,2,218,0,0,104,0,0,0,13
2022-01-01,도봉구,3,11,15,188,181,1,145,0,0,69,0,0,0,16
2022-01-01,동대문구,1,14,13,239,13,22,183,0,0,103,0,0,0,12
2022-01-01,동작구,1,16,15,279,50,99,212,0,0,134,0,0,0,12
2022-01-01,마포구,3,19,19,249,26,319,234,0,0,111,0,0,0,18
2022-01-01,서대문구,1,19,12,226,22,2,172,0,0,83,0,0,0,14
2022-01-01,서초구,3,18,18,239,33,88,188,0,0,139,0,0,0,16
2022-01-01,성동구,1,14,15,227,22,32,173,0,0,98,0,0,0,11
2022-01-01,성북구,1,13,12,205,28,1,143,0,0,84,0,0,0,11
2022-01-01,송파구,2,24,23,405,41,65,262,0,0,164,0,0,0,18
2022-01-01,양천구,1,18,11,215,11,2,157,0,0,75,0,0,0,14
2022-01-01,영등포구,3,38,45,410,32,291,453,0,0,256,0,0,0,27
2022-01-01,용산구,1,24,13,544,0,59,352,0,0,85,0,0,0,18
2022-01-01,은평구,1,25,13,213,137,1,152,0,0,63,0,0,0,20
2022-01-01,종로구,2,21,20,84,59,0,388,0,0,60,0,0,0,13
2022-01-01,중구,0,12,12,38,0,0,186,0,0,37,0,0,0,11
2022-01-01,중랑구,1,12,11,218,11,2,164,0,0,94,0,0,0,12
2023-01-01,강남구,2,56,18,632,14,57,428,0,0,136,0,0,0,10
2023-01-01,강동구,1,33,21,270,9,10,256,0,0,59,0,0,0,18
2023-01-01,강북구,0,12,18,196,128,0,132,0,0,51,0,0,0,5
2023-01-01,강서구,0,53,18,202,10,21,229,0,0,78,0,0,0,13
2023-01-01,관악구,0,38,11,601,244,0,259,0,0,136,0,0,0,128
2023-01-01,광진구,0,35,9,200,50,41,144,0,0,87,0,0,0,16
2023-01-01,구로구,1,20,11,169,2,1,246,0,0,65,0,0,0,21
2023-01-01,금천구,0,23,8,230,20,2,179,0,0,73,0,0,0,5
2023-01-01,노원구,2,18,13,149,125,1,191,0,0,66,0,0,0,13
2023-01-01,도봉구,3,16,11,159,186,3,132,0,0,44,0,0,0,19
2023-01-01,동대문구,1,17,17,212,10,1,224,0,0,107,0,0,0,10
2023-01-01,동작구,0,8,5,245,11,49,223,0,0,78,0,0,0,36
2023-01-01,마포구,0,31,15,684,5,213,252,0,0,87,0,0,0,24
2023-01-01,서대문구,0,16,7,170,32,9,232,0,0,90,0,0,0,20
2023-01-01,서초구,1,32,13,397,37,62,232,0,0,74,0,0,0,18
2023-01-01,성동구,2,41,14,138,0,27,210,0,0,60,0,0,0,9
2023-01-01,성북구,2,19,13,242,22,0,167,0,0,109,0,0,0,10
2023-01-01,송파구,0,58,33,415,3,281,338,0,0,130,0,0,0,34
2023-01-01,양천구,0,21,6,225,3,0,209,0,0,27,0,0,0,2
2023-01-01,영등포구,2,67,18,657,0,131,409,0,0,130,0,0,0,36
2023-01-01,용산구,0,37,11,362,3,95,171,0,0,58,0,0,0,17
2023-01-01,은평구,3,44,22,262,218,1,210,0,0,111,0,0,0,17
2023-01-01,종로구,2,34,5,203,102,0,125,0,0,79,0,0,0,17
2023-01-01,중구,0,9,12,286,1,1,114,0,0,32,0,0,0,13
2023-01-01,중랑구,6,26,10,157,34,0,197,0,0,78,0,0,0,34
2024-01-01,강남구,0,38,0,80,10,36,356,29,155,103,82,19,0,43
2024-01-01,강동구,0,13,0,38,0,31,219,7,54,59,80,16,0,60
2024-01-01,강북구,0,20,0,51,158,1,124,4,101,97,26,8,0,6
2024-01-01,강서구,0,39,0,52,9,9,311,11,94,87,104,30,0,20
2024-01-01,관악구,0,53,0,307,302,0,381,12,313,155,66,64,0,118
2024-01-01,광진구,0,27,0,26,36,14,128,5,80,105,58,10,0,16
2024-01-01,구로구,0,31,0,33,3,1,322,15,92,78,40,14,0,13
2024-01-01,금천구,0,33,0,12,17,1,134,6,70,60,28,6,0,28
2024-01-01,노원구,0,10,0,88,109,0,156,6,138,71,20,12,0,3
2024-01-01,도봉구,0,22,0,33,185,0,90,6,39,43,19,16,0,2
2024-01-01,동대문구,0,20,0,102,5,1,236,10,121,112,35,36,0,52
2024-01-01,동작구,0,30,0,79,13,37,270,4,110,65,115,19,0,55
2024-01-01,마포구,0,19,0,70,11,42,207,5,90,97,480,22,0,8
2024-01-01,서대문구,0,15,0,22,33,0,152,7,72,102,25,9,0,22
2024-01-01,서초구,0,45,0,82,38,82,221,9,95,80,133,17,0,20
2024-01-01,성동구,0,71,0,47,0,10,173,1,54,70,43,21,0,19
2024-01-01,성북구,0,47,0,89,24,0,205,6,98,90,36,25,0,8
2024-01-01,송파구,0,62,0,118,2,72,342,10,188,92,115,37,0,74
2024-01-01,양천구,0,27,0,53,1,0,209,11,27,33,12,27,0,50
2024-01-01,영등포구,0,56,0,80,0,36,350,12,185,135,201,37,0,10
2024-01-01,용산구,0,18,0,54,0,51,125,6,68,48,127,13,0,11
2024-01-01,은평구,0,22,0,68,159,0,190,13,84,92,24,41,0,25
2024-01-01,종로구,0,24,0,68,100,0,93,12,38,42,18,9,0,12
2024-01-01,중구,0,19,0,27,0,0,160,4,25,32,21,12,0,1
2024-01-01,중랑구,0,23,0,53,15,1,178,13,89,55,30,5,0,13
2025-01-01,강남구,0,38,0,49,13,53,321,26,88,102,83,8,0,37
2025-01-01,강동구,0,18,0,22,3,35,174,7,41,58,64,11,0,15
2025-01-01,강북구,0,7,0,41,142,0,96,0,58,25,29,23,0,9
2025-01-01,강서구,0,35,0,39,18,29,281,4,96,75,85,16,0,33
2025-01-01,관악구,0,25,0,313,200,0,210,10,267,162,69,69,0,137
2025-01-01,광진구,0,20,0,29,27,30,177,8,83,104,37,12,0,8
2025-01-01,구로구,0,23,0,40,6,2,320,18,103,65,20,13,0,12
2025-01-01,금천구,0,43,0,15,19,2,214,6,63,51,30,4,0,23
2025-01-01,노원구,0,17,0,31,110,1,143,7,108,53,24,17,0,8
2025-01-01,도봉구,0,3,0,32,123,2,91,3,41,31,9,19,0,8
2025-01-01,동대문구,0,20,0,53,5,1,184,12,110,98,29,21,0,19
2025-01-01,동작구,0,20,0,50,3,57,201,11,89,80,92,14,0,36
2025-01-01,마포구,0,10,0,29,2,188,154,6,99,77,469,18,0,9
2025-01-01,서대문구,0,28,0,34,27,2,120,6,47,100,20,6,0,15
2025-01-01,서초구,0,29,0,53,20,74,206,10,56,64,145,8,0,30
2025-01-01,성동구,0,32,0,26,1,27,156,4,60,64,26,21,0,18
2025-01-01,성북구,0,19,0,29,24,0,165,2,68,77,13,18,0,8
2025-01-01,송파구,0,34,0,51,2,114,307,7,124,96,80,19,0,33
2025-01-01,양천구,0,27,0,9,0,0,246,13,28,21,9,21,0,19
2025-01-01,영등포구,0,58,0,48,0,99,388,23,131,120,192,33,0,11
2025-01-01,용산구,0,27,0,42,0,58,129,9,46,48,117,24,0,4
2025-01-01,은평구,0,20,0,46,111,9,183,10,121,83,32,39,0,84
2025-01-01,종로구,0,30,0,49,81,0,103,5,29,70,17,19,0,7
2025-01-01,중구,0,23,0,45,3,0,115,4,32,60,19,11,0,5
2025-01-01,중랑구,0,16,0,36,20,1,109,6,65,42,13,9,0,7
