ds,district,y,transport_cnt,no_transport_cnt,fire_activity_cnt,disease_cnt,non_disease_cnt,etc_cnt
2021-01-01,강남구,2327,1307,777,243,870,1370,87
2021-02-01,강남구,2173,1191,753,229,791,1294,88
2021-03-01,강남구,2595,1373,967,255,902,1560,133
2021-04-01,강남구,2646,1473,919,254,960,1554,132
2021-05-01,강남구,2929,1637,937,355,1121,1710,98
2021-06-01,강남구,3267,1779,1099,389,1151,1920,196
2021-07-01,강남구,3184,1805,1041,338,1217,1736,231
2021-08-01,강남구,3061,1776,1027,258,1241,1644,176
2021-09-01,강남구,2994,1632,1154,208,1190,1663,141
2021-10-01,강남구,2917,1694,1009,214,1172,1576,169
2021-11-01,강남구,3054,1656,1162,236,1327,1473,254
2021-12-01,강남구,2955,1508,1171,276,1301,1131,523
2022-01-01,강남구,2600,1417,955,228,1039,1424,137
2022-02-01,강남구,2667,1282,1174,211,1145,1412,110
2022-03-01,강남구,3465,1523,1742,200,1483,1805,177
2022-04-01,강남구,3048,1588,1220,240,1292,1611,145
2022-05-01,강남구,3226,1752,1243,231,1298,1760,168
2022-06-01,강남구,3163,1651,1273,239,1196,1803,164
2022-07-01,강남구,3614,1854,1514,246,1419,2027,168
2022-08-01,강남구,3782,1931,1544,307,1544,2073,165
2022-09-01,강남구,3232,1663,1317,252,1233,1853,146
2022-10-01,강남구,2916,1560,1136,220,1085,1711,120
2022-11-01,강남구,3139,1716,1224,199,1233,1758,148
2022-12-01,강남구,3572,1828,1441,303,1321,2111,140
2021-01-01,강동구,1464,898,446,120,709,721,34
2021-02-01,강동구,1403,844,442,117,681,669,53
2021-03-01,강동구,1660,993,545,122,810,782,68
2021-04-01,강동구,1671,995,530,146,775,826,70
2021-05-01,강동구,1886,1123,535,228,919,905,62
2021-06-01,강동구,2046,1196,650,200,967,987,92
2021-07-01,강동구,2244,1364,632,248,1134,1015,95
2021-08-01,강동구,2009,1251,654,104,1110,822,77
2021-09-01,강동구,2055,1235,691,129,1108,882,65
2021-10-01,강동구,2052,1210,679,163,999,992,61
2021-11-01,강동구,2135,1231,767,137,1127,832,176
2021-12-01,강동구,2054,1151,733,170,1158,607,289
2022-01-01,강동구,1848,1069,635,144,920,857,71
2022-02-01,강동구,2080,1173,769,138,1131,879,70
2022-03-01,강동구,2519,1230,1192,97,1404,1047,68
2022-04-01,강동구,2037,1152,768,117,1052,929,56
2022-05-01,강동구,1960,1189,652,119,982,923,55
2022-06-01,강동구,2005,1215,675,115,955,975,75
2022-07-01,강동구,2259,1336,788,135,1107,1079,73
2022-08-01,강동구,2348,1372,832,144,1217,1068,63
2022-09-01,강동구,2029,1187,744,98,996,970,63
2022-10-01,강동구,1940,1202,645,93,966,927,47
2022-11-01,강동구,2075,1282,673,120,1055,964,56
2022-12-01,강동구,2159,1282,707,170,1004,1090,65
2021-01-01,강북구,1395,902,400,93,671,690,34
2021-02-01,강북구,1324,799,461,64,632,647,45
2021-03-01,강북구,1460,885,502,73,734,687,39
2021-04-01,강북구,1532,949,483,100,720,755,57
2021-05-01,강북구,1646,1002,522,122,776,801,69
2021-06-01,강북구,1944,1188,622,134,906,939,99
2021-07-01,강북구,1788,1105,543,140,948,771,69
2021-08-01,강북구,1732,1110,533,89,845,774,113
2021-09-01,강북구,1866,1100,642,124,857,908,101
2021-10-01,강북구,1741,1140,509,92,840,829,72
2021-11-01,강북구,1683,933,632,118,851,694,138
2021-12-01,강북구,1793,988,696,109,1013,538,242
2022-01-01,강북구,1637,963,562,112,825,741,71
2022-02-01,강북구,1731,957,693,81,860,813,58
2022-03-01,강북구,2301,1166,1055,80,1212,983,106
2022-04-01,강북구,1830,1039,693,98,958,813,59
2022-05-01,강북구,1898,1130,661,107,899,916,83
2022-06-01,강북구,1711,1025,603,83,886,763,62
2022-07-01,강북구,2035,1249,692,94,1034,912,89
2022-08-01,강북구,2151,1256,786,109,1066,991,94
2022-09-01,강북구,1836,1113,657,66,925,818,93
2022-10-01,강북구,1640,1064,513,63,856,725,59
2022-11-01,강북구,1826,1170,571,85,959,812,55
2022-12-01,강북구,1833,1140,556,137,990,775,68
2021-01-01,강서구,2183,1293,689,201,1043,1088,52
2021-02-01,강서구,2068,1274,639,155,1024,1006,38
2021-03-01,강서구,2263,1399,706,158,1110,1104,49
2021-04-01,강서구,2425,1531,724,170,1194,1168,63
2021-05-01,강서구,2696,1607,779,310,1257,1365,74
2021-06-01,강서구,2764,1694,806,264,1383,1303,78
2021-07-01,강서구,2977,1900,853,224,1496,1403,78
2021-08-01,강서구,2714,1725,829,160,1436,1222,56
2021-09-01,강서구,2781,1728,919,134,1470,1265,46
2021-10-01,강서구,2787,1706,902,179,1358,1392,37
2021-11-01,강서구,2797,1588,1038,171,1568,1107,122
2021-12-01,강서구,2904,1563,1148,193,1773,785,346
2022-01-01,강서구,2547,1468,910,169,1334,1097,116
2022-02-01,강서구,2680,1406,1117,157,1406,1180,94
2022-03-01,강서구,3520,1607,1770,143,1929,1526,65
2022-04-01,강서구,2820,1615,1009,196,1548,1204,68
2022-05-01,강서구,2767,1662,932,173,1513,1176,78
2022-06-01,강서구,2693,1588,914,191,1347,1281,65
2022-07-01,강서구,3134,1791,1131,212,1597,1449,88
2022-08-01,강서구,3277,1797,1276,204,1750,1443,84
2022-09-01,강서구,2825,1620,1032,173,1429,1325,71
2022-10-01,강서구,2730,1594,955,181,1353,1326,51
2022-11-01,강서구,2884,1705,1004,175,1393,1427,64
2022-12-01,강서구,2960,1685,1051,224,1352,1549,59
2021-01-01,관악구,2041,1215,595,231,881,1095,65
2021-02-01,관악구,1783,1105,556,122,850,867,66
2021-03-01,관악구,1929,1189,602,138,954,908,67
2021-04-01,관악구,1997,1227,610,160,972,954,71
2021-05-01,관악구,2291,1383,644,264,1038,1192,61
2021-06-01,관악구,2335,1478,671,186,1155,1083,97
2021-07-01,관악구,2581,1628,741,212,1304,1145,132
2021-08-01,관악구,2336,1490,679,167,1179,1069,88
2021-09-01,관악구,2267,1426,713,128,1193,971,103
2021-10-01,관악구,2358,1465,727,166,1197,1089,72
2021-11-01,관악구,2441,1479,797,165,1302,935,204
2021-12-01,관악구,2381,1352,860,169,1394,617,370
2022-01-01,관악구,2361,1392,791,178,1141,1025,195
2022-02-01,관악구,2334,1219,957,158,1162,1065,107
2022-03-01,관악구,3016,1370,1547,99,1593,1334,89
2022-04-01,관악구,2550,1446,967,137,1318,1135,97
2022-05-01,관악구,2498,1436,905,157,1182,1193,123
2022-06-01,관악구,2388,1399,814,175,1172,1119,97
2022-07-01,관악구,2743,1653,930,160,1465,1161,117
2022-08-01,관악구,3132,1767,1148,217,1641,1370,121
2022-09-01,관악구,2604,1573,861,170,1335,1175,94
2022-10-01,관악구,2428,1474,797,157,1244,1091,93
2022-11-01,관악구,2476,1549,760,167,1313,1082,81
2022-12-01,관악구,2776,1748,841,187,1431,1223,122
2021-01-01,광진구,1224,684,414,126,504,664,56
2021-02-01,광진구,1202,702,405,95,537,630,35
2021-03-01,광진구,1280,755,417,108,587,647,46
2021-04-01,광진구,1321,782,432,107,572,709,40
2021-05-01,광진구,1545,850,520,175,611,872,62
2021-06-01,광진구,1561,900,514,147,709,807,45
2021-07-01,광진구,1562,938,491,133,736,770,56
2021-08-01,광진구,1640,1034,507,99,807,786,47
2021-09-01,광진구,1739,1037,574,128,839,853,47
2021-10-01,광진구,1546,930,502,114,724,776,46
2021-11-01,광진구,1565,894,521,150,750,695,120
2021-12-01,광진구,1563,890,559,114,793,591,179
2022-01-01,광진구,1539,908,524,107,710,753,76
2022-02-01,광진구,1487,838,554,95,755,690,42
2022-03-01,광진구,1897,884,914,99,876,961,60
2022-04-01,광진구,1769,984,684,101,794,909,66
2022-05-01,광진구,1724,1009,597,118,809,864,51
2022-06-01,광진구,1660,947,575,138,750,864,46
2022-07-01,광진구,1856,1119,609,128,882,913,61
2022-08-01,광진구,1865,1082,706,77,899,922,44
2022-09-01,광진구,1707,1012,615,80,733,917,57
2022-10-01,광진구,1534,971,481,82,760,740,34
2022-11-01,광진구,1630,975,568,87,747,841,42
2022-12-01,광진구,1696,1064,542,90,790,862,44
2021-01-01,구로구,1524,893,508,123,671,827,26
2021-02-01,구로구,1428,790,552,86,659,734,35
2021-03-01,구로구,1658,963,599,96,801,809,48
2021-04-01,구로구,1725,963,632,130,744,938,43
2021-05-01,구로구,1859,1149,572,138,874,917,68
2021-06-01,구로구,2012,1209,663,140,934,997,81
2021-07-01,구로구,2106,1247,662,197,1011,1013,82
2021-08-01,구로구,1978,1213,667,98,1047,870,61
2021-09-01,구로구,2318,1442,748,128,1221,1013,84
2021-10-01,구로구,2135,1293,711,131,1083,965,87
2021-11-01,구로구,2063,1171,770,122,1126,814,123
2021-12-01,구로구,2085,1095,860,130,1291,549,245
2022-01-01,구로구,1919,1086,700,133,993,848,78
2022-02-01,구로구,1961,1058,792,111,1000,867,94
2022-03-01,구로구,2582,1204,1274,104,1280,1228,74
2022-04-01,구로구,2140,1124,893,123,1052,1026,62
2022-05-01,구로구,2085,1247,714,124,1025,1027,33
2022-06-01,구로구,1992,1121,709,162,946,992,54
2022-07-01,구로구,2270,1289,810,171,1100,1115,55
2022-08-01,구로구,2402,1359,917,126,1210,1146,46
2022-09-01,구로구,2161,1263,787,111,1043,1067,51
2022-10-01,구로구,2000,1251,646,103,1006,963,31
2022-11-01,구로구,2107,1296,688,123,1042,1015,50
2022-12-01,구로구,2224,1335,764,125,1060,1127,37
2021-01-01,금천구,1094,603,377,114,455,610,29
2021-02-01,금천구,962,490,388,84,409,511,42
2021-03-01,금천구,1160,601,440,119,499,628,33
2021-04-01,금천구,1225,643,493,89,504,685,36
2021-05-01,금천구,1277,683,466,128,527,698,52
2021-06-01,금천구,1392,723,518,151,593,755,44
2021-07-01,금천구,1390,744,521,125,589,760,41
2021-08-01,금천구,1321,762,469,90,635,654,32
2021-09-01,금천구,1339,773,472,94,640,676,23
2021-10-01,금천구,1302,746,465,91,623,648,31
2021-11-01,금천구,1335,729,524,82,666,569,100
2021-12-01,금천구,1315,694,540,81,748,384,183
2022-01-01,금천구,1195,660,446,89,594,519,82
2022-02-01,금천구,1318,730,500,88,707,547,64
2022-03-01,금천구,1682,711,864,107,837,807,38
2022-04-01,금천구,1415,748,577,90,678,705,32
2022-05-01,금천구,1412,766,525,121,639,746,27
2022-06-01,금천구,1407,820,455,132,656,726,25
2022-07-01,금천구,1531,815,579,137,718,782,31
2022-08-01,금천구,1618,876,649,93,812,768,38
2022-09-01,금천구,1475,831,564,80,745,681,49
2022-10-01,금천구,1238,683,456,99,600,606,32
2022-11-01,금천구,1440,823,517,100,662,734,44
2022-12-01,금천구,1532,814,557,161,679,816,37
2021-01-01,노원구,1914,1170,620,124,1027,801,86
2021-02-01,노원구,1823,1109,597,117,983,750,90
2021-03-01,노원구,1925,1200,627,98,1035,802,88
2021-04-01,노원구,2073,1274,688,111,1077,885,111
2021-05-01,노원구,2338,1451,734,153,1229,994,115
2021-06-01,노원구,2452,1514,771,167,1278,1009,165
2021-07-01,노원구,2335,1473,684,178,1235,949,151
2021-08-01,노원구,2232,1441,673,118,1192,946,94
2021-09-01,노원구,2201,1376,716,109,1148,936,117
2021-10-01,노원구,2256,1407,756,93,1221,929,106
2021-11-01,노원구,2271,1374,797,100,1313,800,158
2021-12-01,노원구,2173,1175,878,120,1325,565,283
2022-01-01,노원구,2038,1179,731,128,1114,827,97
2022-02-01,노원구,2223,1257,885,81,1311,821,91
2022-03-01,노원구,2868,1419,1362,87,1657,1094,117
2022-04-01,노원구,2340,1361,866,113,1297,950,93
2022-05-01,노원구,2291,1406,763,122,1211,988,92
2022-06-01,노원구,2139,1344,672,123,1185,851,103
2022-07-01,노원구,2525,1598,836,91,1457,969,99
2022-08-01,노원구,2734,1649,962,123,1624,980,130
2022-09-01,노원구,2526,1509,899,118,1432,982,112
2022-10-01,노원구,2138,1382,658,98,1212,846,80
2022-11-01,노원구,2213,1411,668,134,1258,871,84
2022-12-01,노원구,2478,1560,762,156,1336,1044,98
2021-01-01,도봉구,1189,753,345,91,588,563,38
2021-02-01,도봉구,1155,722,381,52,586,528,41
2021-03-01,도봉구,1269,777,418,74,609,616,44
2021-04-01,도봉구,1306,833,395,78,676,595,35
2021-05-01,도봉구,1503,918,487,98,728,723,52
2021-06-01,도봉구,1610,1017,492,101,831,727,52
2021-07-01,도봉구,1493,952,446,95,793,652,48
2021-08-01,도봉구,1628,1020,519,89,827,753,48
2021-09-01,도봉구,1556,1008,478,70,804,690,62
2021-10-01,도봉구,1469,916,475,78,732,674,63
2021-11-01,도봉구,1582,930,559,93,804,660,118
2021-12-01,도봉구,1562,871,604,87,905,435,222
2022-01-01,도봉구,1441,861,483,97,754,590,97
2022-02-01,도봉구,1481,838,580,63,798,622,61
2022-03-01,도봉구,1895,930,908,57,1022,792,81
2022-04-01,도봉구,1603,929,571,103,846,681,76
2022-05-01,도봉구,1481,961,460,60,779,633,69
2022-06-01,도봉구,1498,953,454,91,800,613,85
2022-07-01,도봉구,1650,1061,507,82,890,683,77
2022-08-01,도봉구,1955,1194,663,98,1086,783,86
2022-09-01,도봉구,1654,1013,560,81,908,674,72
2022-10-01,도봉구,1474,983,423,68,795,630,49
2022-11-01,도봉구,1534,975,479,80,858,630,46
2022-12-01,도봉구,1655,1033,527,95,865,724,66
2021-01-01,동대문구,1596,887,559,150,665,872,59
2021-02-01,동대문구,1403,777,541,85,603,708,92
2021-03-01,동대문구,1595,907,607,81,684,834,77
2021-04-01,동대문구,1582,921,546,115,700,799,83
2021-05-01,동대문구,1778,986,631,161,758,937,83
2021-06-01,동대문구,1999,1189,663,147,927,976,96
2021-07-01,동대문구,2175,1235,746,194,993,1044,138
2021-08-01,동대문구,1915,1187,621,107,984,829,102
2021-09-01,동대문구,2116,1266,740,110,1024,969,123
2021-10-01,동대문구,2023,1196,708,119,978,959,86
2021-11-01,동대문구,1969,1188,696,85,1037,759,173
2021-12-01,동대문구,2110,1187,801,122,1227,591,292
2022-01-01,동대문구,1900,1097,692,111,915,884,101
2022-02-01,동대문구,1785,946,734,105,852,855,78
2022-03-01,동대문구,2411,1207,1085,119,1236,1081,94
2022-04-01,동대문구,2051,1131,776,144,991,991,69
2022-05-01,동대문구,1958,1155,685,118,922,971,65
2022-06-01,동대문구,1796,1025,636,135,846,903,47
2022-07-01,동대문구,2110,1232,759,119,1045,1015,50
2022-08-01,동대문구,2176,1270,751,155,1104,1006,66
2022-09-01,동대문구,2084,1220,734,130,981,1047,56
2022-10-01,동대문구,1863,1105,639,119,875,944,44
2022-11-01,동대문구,1889,1133,642,114,928,915,46
2022-12-01,동대문구,1963,1181,694,88,935,968,60
2021-01-01,동작구,1349,832,427,90,619,705,25
2021-02-01,동작구,1245,772,404,69,609,620,16
2021-03-01,동작구,1348,817,450,81,649,670,29
2021-04-01,동작구,1489,943,452,94,712,740,37
2021-05-01,동작구,1563,947,471,145,708,836,19
2021-06-01,동작구,1650,1038,484,128,808,808,34
2021-07-01,동작구,1629,982,503,144,793,808,28
2021-08-01,동작구,1544,983,471,90,784,722,38
2021-09-01,동작구,1640,997,550,93,841,768,31
2021-10-01,동작구,1588,984,512,92,809,758,21
2021-11-01,동작구,1601,964,554,83,882,639,80
2021-12-01,동작구,1595,866,615,114,916,514,165
2022-01-01,동작구,1575,925,560,90,763,751,61
2022-02-01,동작구,1603,842,639,122,783,759,61
2022-03-01,동작구,2045,907,1038,100,1024,964,57
2022-04-01,동작구,1827,1074,699,54,926,854,47
2022-05-01,동작구,1780,1045,632,103,857,878,45
2022-06-01,동작구,1747,999,656,92,835,870,42
2022-07-01,동작구,1938,1216,619,103,975,925,38
2022-08-01,동작구,2258,1237,871,150,1102,1097,59
2022-09-01,동작구,1996,1182,722,92,994,953,49
2022-10-01,동작구,1700,1030,575,95,814,845,41
2022-11-01,동작구,1789,1080,590,119,868,890,31
2022-12-01,동작구,1928,1162,655,111,901,975,52
2021-01-01,마포구,1571,912,516,143,614,926,31
2021-02-01,마포구,1482,853,487,142,620,835,27
2021-03-01,마포구,1818,1064,595,159,712,1085,21
2021-04-01,마포구,1809,1045,597,167,668,1103,38
2021-05-01,마포구,1945,1100,646,199,744,1154,47
2021-06-01,마포구,2229,1310,693,226,910,1277,42
2021-07-01,마포구,2123,1151,733,239,832,1257,34
2021-08-01,마포구,2001,1203,647,151,910,1064,27
2021-09-01,마포구,2319,1319,823,177,997,1295,27
2021-10-01,마포구,2189,1232,761,196,896,1241,52
2021-11-01,마포구,2153,1158,857,138,945,1027,181
2021-12-01,마포구,2031,1060,820,151,1026,663,342
2022-01-01,마포구,1908,1050,709,149,757,1081,70
2022-02-01,마포구,1924,1014,759,151,823,1062,39
2022-03-01,마포구,2451,1122,1175,154,1011,1392,48
2022-04-01,마포구,2233,1140,934,159,862,1331,40
2022-05-01,마포구,2280,1231,883,166,812,1435,33
2022-06-01,마포구,2069,1133,784,152,780,1257,32
2022-07-01,마포구,2564,1301,1068,195,949,1563,52
2022-08-01,마포구,2680,1367,1121,192,1013,1619,48
2022-09-01,마포구,2490,1294,1011,185,932,1504,54
2022-10-01,마포구,2138,1201,815,122,867,1241,30
2022-11-01,마포구,2234,1204,878,152,880,1315,39
2022-12-01,마포구,2313,1303,847,163,894,1387,32
2021-01-01,서대문구,1261,825,339,97,597,635,29
2021-02-01,서대문구,1187,763,349,75,548,598,41
2021-03-01,서대문구,1259,778,392,89,584,636,39
2021-04-01,서대문구,1339,831,409,99,626,676,37
2021-05-01,서대문구,1513,960,409,144,697,765,51
2021-06-01,서대문구,1603,974,483,146,785,783,35
2021-07-01,서대문구,1606,968,502,136,796,744,66
2021-08-01,서대문구,1563,1009,468,86,817,702,44
2021-09-01,서대문구,1653,1019,500,134,824,788,41
2021-10-01,서대문구,1575,982,495,98,803,731,41
2021-11-01,서대문구,1611,931,588,92,822,654,135
2021-12-01,서대문구,1606,919,570,117,940,453,213
2022-01-01,서대문구,1516,928,493,95,769,685,62
2022-02-01,서대문구,1466,836,545,85,756,662,48
2022-03-01,서대문구,2022,1006,930,86,1045,901,76
2022-04-01,서대문구,1654,972,607,75,865,741,48
2022-05-01,서대문구,1639,999,577,63,818,766,55
2022-06-01,서대문구,1428,926,441,61,748,622,58
2022-07-01,서대문구,1713,1066,554,93,891,772,50
2022-08-01,서대문구,1775,1093,605,77,943,782,50
2022-09-01,서대문구,1618,992,547,79,845,720,53
2022-10-01,서대문구,1493,979,453,61,765,678,50
2022-11-01,서대문구,1519,968,471,80,795,686,38
2022-12-01,서대문구,1722,1072,545,105,875,800,47
2021-01-01,서초구,1570,889,517,164,600,932,38
2021-02-01,서초구,1412,770,505,137,585,798,29
2021-03-01,서초구,1631,891,635,105,655,944,32
2021-04-01,서초구,1668,923,613,132,625,994,49
2021-05-01,서초구,1915,1019,655,241,779,1086,50
2021-06-01,서초구,2078,1163,689,226,914,1072,92
2021-07-01,서초구,2103,1212,664,227,953,1068,82
2021-08-01,서초구,1929,1162,605,162,855,1006,68
2021-09-01,서초구,1980,1146,698,136,847,1059,74
2021-10-01,서초구,1938,1102,671,165,819,1038,81
2021-11-01,서초구,2010,1100,774,136,875,1018,117
2021-12-01,서초구,2002,1100,773,129,960,777,265
2022-01-01,서초구,1828,1006,684,138,765,982,81
2022-02-01,서초구,1730,851,764,115,786,887,57
2022-03-01,서초구,2289,992,1176,121,1021,1193,75
2022-04-01,서초구,2071,1020,890,161,905,1092,74
2022-05-01,서초구,2137,1184,796,157,875,1184,78
2022-06-01,서초구,2047,1130,752,165,816,1158,73
2022-07-01,서초구,2520,1322,1010,188,1059,1378,83
2022-08-01,서초구,2535,1311,1042,182,1024,1426,85
2022-09-01,서초구,2042,1146,769,127,825,1155,62
2022-10-01,서초구,1976,1143,709,124,786,1136,54
2022-11-01,서초구,2084,1157,750,177,884,1149,51
2022-12-01,서초구,2318,1244,908,166,835,1425,58
2021-01-01,성동구,1093,670,338,85,483,579,31
2021-02-01,성동구,1138,631,408,99,471,630,37
2021-03-01,성동구,1150,663,410,77,477,618,55
2021-04-01,성동구,1244,732,412,100,535,659,50
2021-05-01,성동구,1389,846,414,129,585,750,54
2021-06-01,성동구,1416,846,439,131,644,723,49
2021-07-01,성동구,1431,850,443,138,641,754,36
2021-08-01,성동구,1382,820,454,108,610,739,33
2021-09-01,성동구,1349,824,466,59,618,700,31
2021-10-01,성동구,1375,808,454,113,624,719,32
2021-11-01,성동구,1407,857,465,85,676,651,80
2021-12-01,성동구,1444,759,601,84,783,493,168
2022-01-01,성동구,1312,721,504,87,578,693,41
2022-02-01,성동구,1384,714,539,131,619,738,27
2022-03-01,성동구,1717,825,781,111,792,886,39
2022-04-01,성동구,1438,796,547,95,656,749,33
2022-05-01,성동구,1516,900,510,106,669,807,40
2022-06-01,성동구,1331,832,405,94,635,665,31
2022-07-01,성동구,1651,990,558,103,767,848,36
2022-08-01,성동구,1671,943,621,107,798,841,32
2022-09-01,성동구,1568,914,544,110,688,844,36
2022-10-01,성동구,1280,799,404,77,586,681,13
2022-11-01,성동구,1461,894,465,102,719,717,25
2022-12-01,성동구,1657,986,541,130,747,890,20
2021-01-01,성북구,1601,944,516,141,762,795,44
2021-02-01,성북구,1551,918,535,98,746,763,42
2021-03-01,성북구,1552,929,524,99,767,746,39
2021-04-01,성북구,1601,957,524,120,776,759,66
2021-05-01,성북구,1898,1182,543,173,913,933,52
2021-06-01,성북구,1900,1146,621,133,927,899,74
2021-07-01,성북구,1886,1170,581,135,1010,817,59
2021-08-01,성북구,1827,1167,534,126,990,790,47
2021-09-01,성북구,1954,1212,658,84,1046,862,46
2021-10-01,성북구,1869,1147,615,107,979,838,52
2021-11-01,성북구,1899,1115,686,98,1048,746,105
2021-12-01,성북구,2009,1064,823,122,1181,618,210
2022-01-01,성북구,1838,1102,627,109,989,800,49
2022-02-01,성북구,1712,933,703,76,901,778,33
2022-03-01,성북구,2311,1088,1160,63,1243,1022,46
2022-04-01,성북구,1948,1135,707,106,1027,888,33
2022-05-01,성북구,1841,1131,609,101,986,811,44
2022-06-01,성북구,1820,1150,578,92,943,835,42
2022-07-01,성북구,2038,1268,659,111,1145,858,35
2022-08-01,성북구,2192,1298,808,86,1203,932,57
2022-09-01,성북구,2015,1236,672,107,1053,922,40
2022-10-01,성북구,1845,1152,597,96,941,867,37
2022-11-01,성북구,1953,1201,631,121,1032,887,34
2022-12-01,성북구,2106,1322,659,125,1100,968,38
2021-01-01,송파구,2215,1316,705,194,947,1237,31
2021-02-01,송파구,2013,1201,671,141,880,1110,23
2021-03-01,송파구,2361,1351,798,212,992,1331,38
2021-04-01,송파구,2320,1414,718,188,1002,1278,40
2021-05-01,송파구,2539,1580,716,243,1115,1371,53
2021-06-01,송파구,2934,1695,991,248,1260,1604,70
2021-07-01,송파구,2703,1589,875,239,1210,1430,63
2021-08-01,송파구,2657,1607,838,212,1229,1387,41
2021-09-01,송파구,2930,1697,1051,182,1351,1521,58
2021-10-01,송파구,2698,1697,874,127,1286,1350,62
2021-11-01,송파구,2815,1690,949,176,1430,1200,185
2021-12-01,송파구,2885,1611,1083,191,1596,1004,285
2022-01-01,송파구,2439,1503,769,167,1179,1181,79
2022-02-01,송파구,2671,1486,1017,168,1415,1183,73
2022-03-01,송파구,3554,1670,1725,159,1813,1641,100
2022-04-01,송파구,2958,1599,1174,185,1439,1396,123
2022-05-01,송파구,2840,1650,1034,156,1318,1434,88
2022-06-01,송파구,2790,1583,991,216,1238,1480,72
2022-07-01,송파구,3331,1817,1245,269,1541,1713,77
2022-08-01,송파구,3256,1881,1160,215,1569,1614,73
2022-09-01,송파구,3107,1832,1106,169,1466,1563,78
2022-10-01,송파구,2550,1571,836,143,1202,1301,47
2022-11-01,송파구,2877,1716,991,170,1340,1479,58
2022-12-01,송파구,3215,1880,1114,221,1459,1716,40
2021-01-01,양천구,1404,883,407,114,700,678,26
2021-02-01,양천구,1353,837,430,86,642,697,14
2021-03-01,양천구,1393,903,422,68,678,691,24
2021-04-01,양천구,1500,886,483,131,652,819,29
2021-05-01,양천구,1644,1056,441,147,759,853,32
2021-06-01,양천구,1853,1167,472,214,881,920,52
2021-07-01,양천구,1910,1240,499,171,971,898,41
2021-08-01,양천구,1878,1240,534,104,1021,811,46
2021-09-01,양천구,1909,1210,596,103,977,891,41
2021-10-01,양천구,1786,1139,533,114,897,849,40
2021-11-01,양천구,1811,1108,619,84,995,725,91
2021-12-01,양천구,1898,1119,656,123,1129,554,215
2022-01-01,양천구,1626,1027,497,102,842,734,50
2022-02-01,양천구,1862,1059,658,145,991,819,52
2022-03-01,양천구,2370,1165,1094,111,1211,1114,45
2022-04-01,양천구,1876,1114,671,91,944,897,35
2022-05-01,양천구,1798,1124,563,111,889,866,43
2022-06-01,양천구,1685,1036,515,134,778,870,37
2022-07-01,양천구,1984,1245,630,109,970,978,36
2022-08-01,양천구,2101,1229,733,139,1054,1011,36
2022-09-01,양천구,1830,1120,594,116,873,934,23
2022-10-01,양천구,1597,1024,487,86,773,802,22
2022-11-01,양천구,1760,1128,533,99,887,843,30
2022-12-01,양천구,1891,1154,581,156,908,959,24
2021-01-01,영등포구,1829,907,745,177,632,1172,25
2021-02-01,영등포구,1761,892,699,170,654,1085,22
2021-03-01,영등포구,2027,970,905,152,715,1282,30
2021-04-01,영등포구,2038,1014,847,177,691,1303,44
2021-05-01,영등포구,2309,1160,898,251,807,1460,42
2021-06-01,영등포구,2509,1244,956,309,912,1533,64
2021-07-01,영등포구,2554,1263,973,318,953,1522,79
2021-08-01,영등포구,2430,1310,911,209,1033,1354,43
2021-09-01,영등포구,2582,1367,1021,194,1042,1486,54
2021-10-01,영등포구,2386,1262,921,203,968,1373,45
2021-11-01,영등포구,2607,1263,1106,238,1127,1266,214
2021-12-01,영등포구,2350,1099,1060,191,1123,889,338
2022-01-01,영등포구,2205,1156,849,200,894,1215,96
2022-02-01,영등포구,2230,1120,947,163,1026,1074,130
2022-03-01,영등포구,2927,1218,1530,179,1278,1563,86
2022-04-01,영등포구,2609,1266,1144,199,1027,1501,81
2022-05-01,영등포구,2613,1384,1012,217,991,1545,77
2022-06-01,영등포구,2438,1248,992,198,932,1435,71
2022-07-01,영등포구,2638,1321,1114,203,1049,1513,76
2022-08-01,영등포구,2781,1378,1234,169,1164,1544,73
2022-09-01,영등포구,2618,1306,1113,199,996,1574,48
2022-10-01,영등포구,2173,1224,810,139,911,1223,39
2022-11-01,영등포구,2333,1260,889,184,921,1374,38
2022-12-01,영등포구,2659,1430,1022,207,1059,1568,32
2021-01-01,용산구,1110,603,445,62,426,663,21
2021-02-01,용산구,1166,617,444,105,465,676,25
2021-03-01,용산구,1205,638,478,89,457,724,24
2021-04-01,용산구,1317,683,540,94,509,774,34
2021-05-01,용산구,1392,766,529,97,513,851,28
2021-06-01,용산구,1398,792,477,129,586,772,40
2021-07-01,용산구,1446,802,517,127,615,811,20
2021-08-01,용산구,1324,755,472,97,576,721,27
2021-09-01,용산구,1415,756,557,102,559,834,22
2021-10-01,용산구,1455,724,623,108,516,916,23
2021-11-01,용산구,1438,691,650,97,584,765,89
2021-12-01,용산구,1397,655,640,102,721,507,169
2022-01-01,용산구,1261,625,520,116,446,796,19
2022-02-01,용산구,1161,526,567,68,437,696,28
2022-03-01,용산구,1474,618,765,91,569,878,27
2022-04-01,용산구,1497,720,673,104,573,904,20
2022-05-01,용산구,1619,875,628,116,617,969,33
2022-06-01,용산구,1486,789,595,102,568,892,26
2022-07-01,용산구,1740,867,770,103,715,988,37
2022-08-01,용산구,1899,896,872,131,730,1144,25
2022-09-01,용산구,1620,819,736,65,655,938,27
2022-10-01,용산구,1515,783,638,94,574,921,20
2022-11-01,용산구,1473,742,608,123,596,864,13
2022-12-01,용산구,1671,900,654,117,668,990,13
2021-01-01,은평구,1791,1130,500,161,858,923,10
2021-02-01,은평구,1575,1012,470,93,802,750,23
2021-03-01,은평구,1857,1179,574,104,942,892,23
2021-04-01,은평구,1840,1217,538,85,981,820,39
2021-05-01,은평구,2105,1335,611,159,1045,1023,37
2021-06-01,은평구,2284,1538,588,158,1178,1071,35
2021-07-01,은평구,2333,1502,680,151,1232,1070,31
2021-08-01,은평구,2373,1600,666,107,1326,1002,45
2021-09-01,은평구,2439,1581,751,107,1307,1110,22
2021-10-01,은평구,2146,1409,640,97,1152,980,14
2021-11-01,은평구,2279,1444,737,98,1330,835,114
2021-12-01,은평구,2384,1321,933,130,1435,669,280
2022-01-01,은평구,2026,1254,646,126,1082,875,69
2022-02-01,은평구,2092,1209,785,98,1141,924,27
2022-03-01,은평구,2877,1423,1358,96,1541,1279,57
2022-04-01,은평구,2163,1293,774,96,1175,955,33
2022-05-01,은평구,2104,1325,674,105,1090,980,34
2022-06-01,은평구,2118,1346,642,130,1126,948,44
2022-07-01,은평구,2387,1492,801,94,1232,1098,57
2022-08-01,은평구,2615,1618,868,129,1388,1178,49
2022-09-01,은평구,2283,1400,771,112,1160,1059,64
2022-10-01,은평구,2147,1394,662,91,1118,983,46
2022-11-01,은평구,2243,1389,730,124,1159,1041,43
2022-12-01,은평구,2459,1535,784,140,1206,1207,46
2021-01-01,종로구,1113,570,437,106,430,612,71
2021-02-01,종로구,1032,534,443,55,420,543,69
2021-03-01,종로구,1135,590,456,89,451,599,85
2021-04-01,종로구,1185,609,504,72,457,631,97
2021-05-01,종로구,1344,689,513,142,508,754,82
2021-06-01,종로구,1443,744,560,139,620,741,82
2021-07-01,종로구,1456,808,513,135,717,648,91
2021-08-01,종로구,1511,908,497,106,801,636,74
2021-09-01,종로구,1573,894,590,89,785,713,75
2021-10-01,종로구,1518,872,572,74,700,738,80
2021-11-01,종로구,1559,856,644,59,781,630,148
2021-12-01,종로구,1413,705,615,93,750,395,268
2022-01-01,종로구,1170,593,500,77,504,564,102
2022-02-01,종로구,1194,604,505,85,567,571,56
2022-03-01,종로구,1512,652,790,70,687,751,74
2022-04-01,종로구,1362,636,647,79,551,718,93
2022-05-01,종로구,1576,751,737,88,620,828,128
2022-06-01,종로구,1477,773,631,73,622,762,93
2022-07-01,종로구,1700,876,732,92,753,854,93
2022-08-01,종로구,1587,803,689,95,671,840,76
2022-09-01,종로구,1536,802,665,69,635,819,82
2022-10-01,종로구,1434,767,584,83,551,795,88
2022-11-01,종로구,1443,766,584,93,566,791,86
2022-12-01,종로구,1623,809,701,113,585,918,120
2021-01-01,중구,1148,619,420,109,420,666,62
2021-02-01,중구,1055,576,421,58,421,559,75
2021-03-01,중구,1207,617,470,120,461,690,56
2021-04-01,중구,1229,655,497,77,498,667,64
2021-05-01,중구,1354,775,451,128,546,701,107
2021-06-01,중구,1459,776,565,118,624,770,65
2021-07-01,중구,1398,791,453,154,678,658,62
2021-08-01,중구,1362,840,446,76,674,627,61
2021-09-01,중구,1418,798,532,88,672,700,46
2021-10-01,중구,1321,782,458,81,609,667,45
2021-11-01,중구,1593,858,646,89,741,719,133
2021-12-01,중구,1437,721,619,97,682,485,270
2022-01-01,중구,1333,761,486,86,631,630,72
2022-02-01,중구,1242,709,452,81,633,558,51
2022-03-01,중구,1483,748,671,64,722,703,58
2022-04-01,중구,1229,636,531,62,511,657,61
2022-05-01,중구,1377,744,551,82,561,764,52
2022-06-01,중구,1409,783,533,93,604,751,54
2022-07-01,중구,1463,759,616,88,620,793,50
2022-08-01,중구,1535,825,612,98,691,786,58
2022-09-01,중구,1426,742,621,63,575,797,54
2022-10-01,중구,1341,723,545,73,546,756,39
2022-11-01,중구,1453,801,592,60,628,767,58
2022-12-01,중구,1565,852,614,99,663,839,63
2021-01-01,중랑구,1606,958,530,118,787,745,74
2021-02-01,중랑구,1602,963,554,85,763,774,65
2021-03-01,중랑구,1606,992,523,91,767,781,58
2021-04-01,중랑구,1641,1057,516,68,818,744,79
2021-05-01,중랑구,1884,1178,596,110,892,898,94
2021-06-01,중랑구,1937,1199,595,143,973,868,96
2021-07-01,중랑구,2056,1293,596,167,1042,898,116
2021-08-01,중랑구,2061,1310,648,103,1080,897,84
2021-09-01,중랑구,1968,1230,645,93,1050,796,122
2021-10-01,중랑구,1887,1206,589,92,994,800,93
2021-11-01,중랑구,1927,1179,643,105,1060,744,123
2021-12-01,중랑구,1964,1104,753,107,1127,571,266
2022-01-01,중랑구,1775,1083,609,83,967,695,113
2022-02-01,중랑구,1821,1011,740,70,998,750,73
2022-03-01,중랑구,2438,1306,1032,100,1383,959,96
2022-04-01,중랑구,2050,1260,723,67,1141,829,80
2022-05-01,중랑구,2108,1260,734,114,1023,965,120
2022-06-01,중랑구,2022,1249,655,118,1037,872,113
2022-07-01,중랑구,2181,1400,690,91,1212,856,113
2022-08-01,중랑구,2316,1457,765,94,1300,930,86
2022-09-01,중랑구,2115,1301,724,90,1099,926,90
2022-10-01,중랑구,1882,1212,593,77,1000,813,69
2022-11-01,중랑구,2058,1299,692,67,1079,895,84
2022-12-01,중랑구,2136,1333,697,106,1123,915,98
