ds,환자_district,병원_district,입원연인원
2019-01-01,강남구,강남구,226980
2019-01-01,강남구,강동구,34935
2019-01-01,강남구,강북구,4821
2019-01-01,강남구,강서구,3329
2019-01-01,강남구,관악구,5381
2019-01-01,강남구,광진구,22516
2019-01-01,강남구,구로구,12325
2019-01-01,강남구,금천구,2579
2019-01-01,강남구,노원구,4212
2019-01-01,강남구,도봉구,4644
2019-01-01,강남구,동대문구,16434
2019-01-01,강남구,동작구,7060
2019-01-01,강남구,마포구,718
2019-01-01,강남구,서대문구,9920
2019-01-01,강남구,서초구,57035
2019-01-01,강남구,성동구,11714
2019-01-01,강남구,성북구,10048
2019-01-01,강남구,송파구,82497
2019-01-01,강남구,양천구,3256
2019-01-01,강남구,영등포구,15845
2019-01-01,강남구,용산구,11098
2019-01-01,강남구,은평구,5825
2019-01-01,강남구,종로구,15246
2019-01-01,강남구,중구,4628
2019-01-01,강남구,중랑구,9186
2019-01-01,강동구,강남구,25735
2019-01-01,강동구,강동구,388212
2019-01-01,강동구,강북구,2859
2019-01-01,강동구,강서구,1971
2019-01-01,강동구,관악구,1000
2019-01-01,강동구,광진구,17413
2019-01-01,강동구,구로구,3239
2019-01-01,강동구,금천구,1266
2019-01-01,강동구,노원구,4835
2019-01-01,강동구,도봉구,7020
2019-01-01,강동구,동대문구,26567
2019-01-01,강동구,동작구,1607
2019-01-01,강동구,마포구,360
2019-01-01,강동구,서대문구,3427
2019-01-01,강동구,서초구,8275
2019-01-01,강동구,성동구,11428
2019-01-01,강동구,성북구,4351
2019-01-01,강동구,송파구,97300
2019-01-01,강동구,양천구,1318
2019-01-01,강동구,영등포구,5285
2019-01-01,강동구,용산구,2168
2019-01-01,강동구,은평구,1768
2019-01-01,강동구,종로구,6315
2019-01-01,강동구,중구,2460
2019-01-01,강동구,중랑구,11202
2019-01-01,강북구,강남구,10508
2019-01-01,강북구,강동구,11145
2019-01-01,강북구,강북구,191491
2019-01-01,강북구,강서구,2451
2019-01-01,강북구,관악구,1937
2019-01-01,강북구,광진구,5064
2019-01-01,강북구,구로구,4109
2019-01-01,강북구,금천구,1400
2019-01-01,강북구,노원구,42611
2019-01-01,강북구,도봉구,154643
2019-01-01,강북구,동대문구,40841
2019-01-01,강북구,동작구,2812
2019-01-01,강북구,마포구,606
2019-01-01,강북구,서대문구,8803
2019-01-01,강북구,서초구,4943
2019-01-01,강북구,성동구,7495
2019-01-01,강북구,성북구,115276
2019-01-01,강북구,송파구,7569
2019-01-01,강북구,양천구,2125
2019-01-01,강북구,영등포구,5085
2019-01-01,강북구,용산구,3324
2019-01-01,강북구,은평구,5575
2019-01-01,강북구,종로구,39239
2019-01-01,강북구,중구,8495
2019-01-01,강북구,중랑구,15088
2019-01-01,강서구,강남구,16811
2019-01-01,강서구,강동구,12409
2019-01-01,강서구,강북구,3524
2019-01-01,강서구,강서구,374668
2019-01-01,강서구,관악구,7409
2019-01-01,강서구,광진구,7159
2019-01-01,강서구,구로구,59007
2019-01-01,강서구,금천구,8154
2019-01-01,강서구,노원구,3455
2019-01-01,강서구,도봉구,5643
2019-01-01,강서구,동대문구,11457
2019-01-01,강서구,동작구,13789
2019-01-01,강서구,마포구,3976
2019-01-01,강서구,서대문구,63522
2019-01-01,강서구,서초구,11593
2019-01-01,강서구,성동구,2073
2019-01-01,강서구,성북구,4982
2019-01-01,강서구,송파구,14356
2019-01-01,강서구,양천구,137572
2019-01-01,강서구,영등포구,91877
2019-01-01,강서구,용산구,3975
2019-01-01,강서구,은평구,13628
2019-01-01,강서구,종로구,17824
2019-01-01,강서구,중구,4065
2019-01-01,강서구,중랑구,2677
2019-01-01,관악구,강남구,28957
2019-01-01,관악구,강동구,13751
2019-01-01,관악구,강북구,2730
2019-01-01,관악구,강서구,10504
2019-01-01,관악구,관악구,245913
2019-01-01,관악구,광진구,7172
2019-01-01,관악구,구로구,77143
2019-01-01,관악구,금천구,51486
2019-01-01,관악구,노원구,1600
2019-01-01,관악구,도봉구,3186
2019-01-01,관악구,동대문구,9108
2019-01-01,관악구,동작구,162275
2019-01-01,관악구,마포구,1284
2019-01-01,관악구,서대문구,12302
2019-01-01,관악구,서초구,34110
2019-01-01,관악구,성동구,2897
2019-01-01,관악구,성북구,3195
2019-01-01,관악구,송파구,13588
2019-01-01,관악구,양천구,8799
2019-01-01,관악구,영등포구,87466
2019-01-01,관악구,용산구,3238
2019-01-01,관악구,은평구,4887
2019-01-01,관악구,종로구,13433
2019-01-01,관악구,중구,2580
2019-01-01,관악구,중랑구,2695
2019-01-01,광진구,강남구,31309
2019-01-01,광진구,강동구,45167
2019-01-01,광진구,강북구,3050
2019-01-01,광진구,강서구,1161
2019-01-01,광진구,관악구,772
2019-01-01,광진구,광진구,199858
2019-01-01,광진구,구로구,4331
2019-01-01,광진구,금천구,1028
2019-01-01,광진구,노원구,6705
2019-01-01,광진구,도봉구,3747
2019-01-01,광진구,동대문구,50664
2019-01-01,광진구,동작구,1994
2019-01-01,광진구,마포구,958
2019-01-01,광진구,서대문구,3932
2019-01-01,광진구,서초구,8961
2019-01-01,광진구,성동구,37218
2019-01-01,광진구,성북구,9290
2019-01-01,광진구,송파구,47975
2019-01-01,광진구,양천구,1109
2019-01-01,광진구,영등포구,5764
2019-01-01,광진구,용산구,2597
2019-01-01,광진구,은평구,4487
2019-01-01,광진구,종로구,6657
2019-01-01,광진구,중구,3373
2019-01-01,광진구,중랑구,22120
2019-01-01,구로구,강남구,14124
2019-01-01,구로구,강동구,8508
2019-01-01,구로구,강북구,1105
2019-01-01,구로구,강서구,15321
2019-01-01,구로구,관악구,13726
2019-01-01,구로구,광진구,3108
2019-01-01,구로구,구로구,368813
2019-01-01,구로구,금천구,20260
2019-01-01,구로구,노원구,1589
2019-01-01,구로구,도봉구,2535
2019-01-01,구로구,동대문구,5517
2019-01-01,구로구,동작구,23087
2019-01-01,구로구,마포구,1517
2019-01-01,구로구,서대문구,14740
2019-01-01,구로구,서초구,9372
2019-01-01,구로구,성동구,2217
2019-01-01,구로구,성북구,2533
2019-01-01,구로구,송파구,8737
2019-01-01,구로구,양천구,31094
2019-01-01,구로구,영등포구,96052
2019-01-01,구로구,용산구,1863
2019-01-01,구로구,은평구,4377
2019-01-01,구로구,종로구,10545
2019-01-01,구로구,중구,2298
2019-01-01,구로구,중랑구,2784
2019-01-01,금천구,강남구,8111
2019-01-01,금천구,강동구,4184
2019-01-01,금천구,강북구,748
2019-01-01,금천구,강서구,4339
2019-01-01,금천구,관악구,22849
2019-01-01,금천구,광진구,1458
2019-01-01,금천구,구로구,74038
2019-01-01,금천구,금천구,189143
2019-01-01,금천구,노원구,1252
2019-01-01,금천구,도봉구,1687
2019-01-01,금천구,동대문구,2591
2019-01-01,금천구,동작구,32318
2019-01-01,금천구,마포구,605
2019-01-01,금천구,서대문구,7880
2019-01-01,금천구,서초구,5949
2019-01-01,금천구,성동구,1706
2019-01-01,금천구,성북구,1541
2019-01-01,금천구,송파구,5392
2019-01-01,금천구,양천구,5349
2019-01-01,금천구,영등포구,94954
2019-01-01,금천구,용산구,956
2019-01-01,금천구,은평구,1687
2019-01-01,금천구,종로구,4493
2019-01-01,금천구,중구,700
2019-01-01,금천구,중랑구,1325
2019-01-01,노원구,강남구,22312
2019-01-01,노원구,강동구,21906
2019-01-01,노원구,강북구,32643
2019-01-01,노원구,강서구,4909
2019-01-01,노원구,관악구,1250
2019-01-01,노원구,광진구,15236
2019-01-01,노원구,구로구,4188
2019-01-01,노원구,금천구,1026
2019-01-01,노원구,노원구,395909
2019-01-01,노원구,도봉구,81694
2019-01-01,노원구,동대문구,54715
2019-01-01,노원구,동작구,2706
2019-01-01,노원구,마포구,1345
2019-01-01,노원구,서대문구,9199
2019-01-01,노원구,서초구,10658
2019-01-01,노원구,성동구,11522
2019-01-01,노원구,성북구,54781
2019-01-01,노원구,송파구,21514
2019-01-01,노원구,양천구,2228
2019-01-01,노원구,영등포구,8005
2019-01-01,노원구,용산구,3409
2019-01-01,노원구,은평구,6623
2019-01-01,노원구,종로구,29217
2019-01-01,노원구,중구,6183
2019-01-01,노원구,중랑구,53078
2019-01-01,도봉구,강남구,11877
2019-01-01,도봉구,강동구,9762
2019-01-01,도봉구,강북구,50683
2019-01-01,도봉구,강서구,1445
2019-01-01,도봉구,관악구,1026
2019-01-01,도봉구,광진구,7850
2019-01-01,도봉구,구로구,1059
2019-01-01,도봉구,금천구,1167
2019-01-01,도봉구,노원구,97418
2019-01-01,도봉구,도봉구,241186
2019-01-01,도봉구,동대문구,27799
2019-01-01,도봉구,동작구,2220
2019-01-01,도봉구,마포구,855
2019-01-01,도봉구,서대문구,5453
2019-01-01,도봉구,서초구,4782
2019-01-01,도봉구,성동구,4972
2019-01-01,도봉구,성북구,47855
2019-01-01,도봉구,송파구,10575
2019-01-01,도봉구,양천구,2159
2019-01-01,도봉구,영등포구,3591
2019-01-01,도봉구,용산구,1780
2019-01-01,도봉구,은평구,2510
2019-01-01,도봉구,종로구,30679
2019-01-01,도봉구,중구,4474
2019-01-01,도봉구,중랑구,13512
2019-01-01,동대문구,강남구,16452
2019-01-01,동대문구,강동구,22986
2019-01-01,동대문구,강북구,10151
2019-01-01,동대문구,강서구,1571
2019-01-01,동대문구,관악구,1157
2019-01-01,동대문구,광진구,26254
2019-01-01,동대문구,구로구,2953
2019-01-01,동대문구,금천구,665
2019-01-01,동대문구,노원구,16311
2019-01-01,동대문구,도봉구,10061
2019-01-01,동대문구,동대문구,359676
2019-01-01,동대문구,동작구,3816
2019-01-01,동대문구,마포구,559
2019-01-01,동대문구,서대문구,7334
2019-01-01,동대문구,서초구,6315
2019-01-01,동대문구,성동구,43605
2019-01-01,동대문구,성북구,63145
2019-01-01,동대문구,송파구,18930
2019-01-01,동대문구,양천구,1683
2019-01-01,동대문구,영등포구,5778
2019-01-01,동대문구,용산구,2571
2019-01-01,동대문구,은평구,6555
2019-01-01,동대문구,종로구,18114
2019-01-01,동대문구,중구,11339
2019-01-01,동대문구,중랑구,32073
2019-01-01,동작구,강남구,31718
2019-01-01,동작구,강동구,11562
2019-01-01,동작구,강북구,2436
2019-01-01,동작구,강서구,7553
2019-01-01,동작구,관악구,56117
2019-01-01,동작구,광진구,5898
2019-01-01,동작구,구로구,37803
2019-01-01,동작구,금천구,10145
2019-01-01,동작구,노원구,2020
2019-01-01,동작구,도봉구,3423
2019-01-01,동작구,동대문구,8981
2019-01-01,동작구,동작구,203466
2019-01-01,동작구,마포구,1430
2019-01-01,동작구,서대문구,10390
2019-01-01,동작구,서초구,55221
2019-01-01,동작구,성동구,2950
2019-01-01,동작구,성북구,4545
2019-01-01,동작구,송파구,13499
2019-01-01,동작구,양천구,5098
2019-01-01,동작구,영등포구,114932
2019-01-01,동작구,용산구,3888
2019-01-01,동작구,은평구,4110
2019-01-01,동작구,종로구,13019
2019-01-01,동작구,중구,2450
2019-01-01,동작구,중랑구,2836
2019-01-01,마포구,강남구,16764
2019-01-01,마포구,강동구,11502
2019-01-01,마포구,강북구,3000
2019-01-01,마포구,강서구,18836
2019-01-01,마포구,관악구,5110
2019-01-01,마포구,광진구,3718
2019-01-01,마포구,구로구,21860
2019-01-01,마포구,금천구,3541
2019-01-01,마포구,노원구,4385
2019-01-01,마포구,도봉구,2527
2019-01-01,마포구,동대문구,14635
2019-01-01,마포구,동작구,10376
2019-01-01,마포구,마포구,52270
2019-01-01,마포구,서대문구,103023
2019-01-01,마포구,서초구,13291
2019-01-01,마포구,성동구,3657
2019-01-01,마포구,성북구,8064
2019-01-01,마포구,송파구,7489
2019-01-01,마포구,양천구,12713
2019-01-01,마포구,영등포구,70024
2019-01-01,마포구,용산구,4975
2019-01-01,마포구,은평구,33041
2019-01-01,마포구,종로구,52950
2019-01-01,마포구,중구,7562
2019-01-01,마포구,중랑구,3404
2019-01-01,서대문구,강남구,12111
2019-01-01,서대문구,강동구,8017
2019-01-01,서대문구,강북구,3082
2019-01-01,서대문구,강서구,8380
2019-01-01,서대문구,관악구,1404
2019-01-01,서대문구,광진구,3696
2019-01-01,서대문구,구로구,9372
2019-01-01,서대문구,금천구,1383
2019-01-01,서대문구,노원구,2040
2019-01-01,서대문구,도봉구,4207
2019-01-01,서대문구,동대문구,17480
2019-01-01,서대문구,동작구,4115
2019-01-01,서대문구,마포구,13585
2019-01-01,서대문구,서대문구,176927
2019-01-01,서대문구,서초구,4627
2019-01-01,서대문구,성동구,3647
2019-01-01,서대문구,성북구,9500
2019-01-01,서대문구,송파구,6377
2019-01-01,서대문구,양천구,5309
2019-01-01,서대문구,영등포구,26189
2019-01-01,서대문구,용산구,3564
2019-01-01,서대문구,은평구,74520
2019-01-01,서대문구,종로구,85822
2019-01-01,서대문구,중구,5937
2019-01-01,서대문구,중랑구,4011
2019-01-01,서초구,강남구,106143
2019-01-01,서초구,강동구,15155
2019-01-01,서초구,강북구,2966
2019-01-01,서초구,강서구,3245
2019-01-01,서초구,관악구,14158
2019-01-01,서초구,광진구,7866
2019-01-01,서초구,구로구,13018
2019-01-01,서초구,금천구,2590
2019-01-01,서초구,노원구,2703
2019-01-01,서초구,도봉구,1831
2019-01-01,서초구,동대문구,13838
2019-01-01,서초구,동작구,20766
2019-01-01,서초구,마포구,945
2019-01-01,서초구,서대문구,10368
2019-01-01,서초구,서초구,149518
2019-01-01,서초구,성동구,5625
2019-01-01,서초구,성북구,7917
2019-01-01,서초구,송파구,28100
2019-01-01,서초구,양천구,3095
2019-01-01,서초구,영등포구,23289
2019-01-01,서초구,용산구,9698
2019-01-01,서초구,은평구,3937
2019-01-01,서초구,종로구,15678
2019-01-01,서초구,중구,2803
2019-01-01,서초구,중랑구,3374
2019-01-01,성동구,강남구,37700
2019-01-01,성동구,강동구,17728
2019-01-01,성동구,강북구,4272
2019-01-01,성동구,강서구,2673
2019-01-01,성동구,관악구,1920
2019-01-01,성동구,광진구,47705
2019-01-01,성동구,구로구,5480
2019-01-01,성동구,금천구,1562
2019-01-01,성동구,노원구,5040
2019-01-01,성동구,도봉구,5110
2019-01-01,성동구,동대문구,93071
2019-01-01,성동구,동작구,3699
2019-01-01,성동구,마포구,1116
2019-01-01,성동구,서대문구,6790
2019-01-01,성동구,서초구,11994
2019-01-01,성동구,성동구,109387
2019-01-01,성동구,성북구,22621
2019-01-01,성동구,송파구,21851
2019-01-01,성동구,양천구,1509
2019-01-01,성동구,영등포구,8295
2019-01-01,성동구,용산구,23953
2019-01-01,성동구,은평구,4426
2019-01-01,성동구,종로구,16893
2019-01-01,성동구,중구,17743
2019-01-01,성동구,중랑구,11103
2019-01-01,성북구,강남구,16932
2019-01-01,성북구,강동구,14213
2019-01-01,성북구,강북구,49429
2019-01-01,성북구,강서구,4197
2019-01-01,성북구,관악구,2223
2019-01-01,성북구,광진구,7587
2019-01-01,성북구,구로구,7591
2019-01-01,성북구,금천구,1927
2019-01-01,성북구,노원구,44630
2019-01-01,성북구,도봉구,46183
2019-01-01,성북구,동대문구,77934
2019-01-01,성북구,동작구,3358
2019-01-01,성북구,마포구,1296
2019-01-01,성북구,서대문구,10215
2019-01-01,성북구,서초구,10012
2019-01-01,성북구,성동구,7501
2019-01-01,성북구,성북구,306386
2019-01-01,성북구,송파구,10642
2019-01-01,성북구,양천구,2242
2019-01-01,성북구,영등포구,7643
2019-01-01,성북구,용산구,3721
2019-01-01,성북구,은평구,8378
2019-01-01,성북구,종로구,55824
2019-01-01,성북구,중구,12735
2019-01-01,성북구,중랑구,22084
2019-01-01,송파구,강남구,101267
2019-01-01,송파구,강동구,152513
2019-01-01,송파구,강북구,6677
2019-01-01,송파구,강서구,2908
2019-01-01,송파구,관악구,3840
2019-01-01,송파구,광진구,32195
2019-01-01,송파구,구로구,4858
2019-01-01,송파구,금천구,1631
2019-01-01,송파구,노원구,3648
2019-01-01,송파구,도봉구,4211
2019-01-01,송파구,동대문구,25318
2019-01-01,송파구,동작구,4824
2019-01-01,송파구,마포구,962
2019-01-01,송파구,서대문구,8063
2019-01-01,송파구,서초구,19356
2019-01-01,송파구,성동구,14975
2019-01-01,송파구,성북구,5289
2019-01-01,송파구,송파구,372189
2019-01-01,송파구,양천구,2201
2019-01-01,송파구,영등포구,11669
2019-01-01,송파구,용산구,3929
2019-01-01,송파구,은평구,3469
2019-01-01,송파구,종로구,10492
2019-01-01,송파구,중구,3576
2019-01-01,송파구,중랑구,11372
2019-01-01,양천구,강남구,14418
2019-01-01,양천구,강동구,10163
2019-01-01,양천구,강북구,1548
2019-01-01,양천구,강서구,104709
2019-01-01,양천구,관악구,5218
2019-01-01,양천구,광진구,4576
2019-01-01,양천구,구로구,97297
2019-01-01,양천구,금천구,7595
2019-01-01,양천구,노원구,2551
2019-01-01,양천구,도봉구,3750
2019-01-01,양천구,동대문구,6437
2019-01-01,양천구,동작구,9950
2019-01-01,양천구,마포구,2164
2019-01-01,양천구,서대문구,37522
2019-01-01,양천구,서초구,10140
2019-01-01,양천구,성동구,2509
2019-01-01,양천구,성북구,3660
2019-01-01,양천구,송파구,7957
2019-01-01,양천구,양천구,210201
2019-01-01,양천구,영등포구,72609
2019-01-01,양천구,용산구,2468
2019-01-01,양천구,은평구,5006
2019-01-01,양천구,종로구,12083
2019-01-01,양천구,중구,2485
2019-01-01,양천구,중랑구,1991
2019-01-01,영등포구,강남구,19769
2019-01-01,영등포구,강동구,8213
2019-01-01,영등포구,강북구,1120
2019-01-01,영등포구,강서구,18152
2019-01-01,영등포구,관악구,14086
2019-01-01,영등포구,광진구,2524
2019-01-01,영등포구,구로구,83006
2019-01-01,영등포구,금천구,19447
2019-01-01,영등포구,노원구,1692
2019-01-01,영등포구,도봉구,3224
2019-01-01,영등포구,동대문구,6041
2019-01-01,영등포구,동작구,44802
2019-01-01,영등포구,마포구,2758
2019-01-01,영등포구,서대문구,25731
2019-01-01,영등포구,서초구,14995
2019-01-01,영등포구,성동구,3508
2019-01-01,영등포구,성북구,3129
2019-01-01,영등포구,송파구,11385
2019-01-01,영등포구,양천구,26940
2019-01-01,영등포구,영등포구,405668
2019-01-01,영등포구,용산구,3119
2019-01-01,영등포구,은평구,8510
2019-01-01,영등포구,종로구,12752
2019-01-01,영등포구,중구,2781
2019-01-01,영등포구,중랑구,2843
2019-01-01,용산구,강남구,26629
2019-01-01,용산구,강동구,10899
2019-01-01,용산구,강북구,3569
2019-01-01,용산구,강서구,4241
2019-01-01,용산구,관악구,4450
2019-01-01,용산구,광진구,4225
2019-01-01,용산구,구로구,11668
2019-01-01,용산구,금천구,4503
2019-01-01,용산구,노원구,3850
2019-01-01,용산구,도봉구,3664
2019-01-01,용산구,동대문구,25718
2019-01-01,용산구,동작구,24646
2019-01-01,용산구,마포구,3830
2019-01-01,용산구,서대문구,17155
2019-01-01,용산구,서초구,22141
2019-01-01,용산구,성동구,7341
2019-01-01,용산구,성북구,10327
2019-01-01,용산구,송파구,11026
2019-01-01,용산구,양천구,3394
2019-01-01,용산구,영등포구,41607
2019-01-01,용산구,용산구,60120
2019-01-01,용산구,은평구,13650
2019-01-01,용산구,종로구,27702
2019-01-01,용산구,중구,13025
2019-01-01,용산구,중랑구,4703
2019-01-01,은평구,강남구,14616
2019-01-01,은평구,강동구,10601
2019-01-01,은평구,강북구,5242
2019-01-01,은평구,강서구,10919
2019-01-01,은평구,관악구,3463
2019-01-01,은평구,광진구,3900
2019-01-01,은평구,구로구,10649
2019-01-01,은평구,금천구,2965
2019-01-01,은평구,노원구,3848
2019-01-01,은평구,도봉구,8338
2019-01-01,은평구,동대문구,97504
2019-01-01,은평구,동작구,4474
2019-01-01,은평구,마포구,7661
2019-01-01,은평구,서대문구,91110
2019-01-01,은평구,서초구,8375
2019-01-01,은평구,성동구,5709
2019-01-01,은평구,성북구,9373
2019-01-01,은평구,송파구,7802
2019-01-01,은평구,양천구,19572
2019-01-01,은평구,영등포구,16921
2019-01-01,은평구,용산구,3876
2019-01-01,은평구,은평구,321441
2019-01-01,은평구,종로구,97197
2019-01-01,은평구,중구,7683
2019-01-01,은평구,중랑구,8720
2019-01-01,종로구,강남구,10076
2019-01-01,종로구,강동구,6386
2019-01-01,종로구,강북구,5037
2019-01-01,종로구,강서구,2913
2019-01-01,종로구,관악구,1167
2019-01-01,종로구,광진구,4038
2019-01-01,종로구,구로구,8286
2019-01-01,종로구,금천구,593
2019-01-01,종로구,노원구,5595
2019-01-01,종로구,도봉구,4674
2019-01-01,종로구,동대문구,29167
2019-01-01,종로구,동작구,1815
2019-01-01,종로구,마포구,1392
2019-01-01,종로구,서대문구,18429
2019-01-01,종로구,서초구,5949
2019-01-01,종로구,성동구,5943
2019-01-01,종로구,성북구,43737
2019-01-01,종로구,송파구,2768
2019-01-01,종로구,양천구,1922
2019-01-01,종로구,영등포구,8297
2019-01-01,종로구,용산구,2198
2019-01-01,종로구,은평구,15595
2019-01-01,종로구,종로구,55288
2019-01-01,종로구,중구,17767
2019-01-01,종로구,중랑구,4392
2019-01-01,중구,강남구,14332
2019-01-01,중구,강동구,6745
2019-01-01,중구,강북구,4389
2019-01-01,중구,강서구,1938
2019-01-01,중구,관악구,1164
2019-01-01,중구,광진구,4760
2019-01-01,중구,구로구,3870
2019-01-01,중구,금천구,756
2019-01-01,중구,노원구,2008
2019-01-01,중구,도봉구,3387
2019-01-01,중구,동대문구,40287
2019-01-01,중구,동작구,3191
2019-01-01,중구,마포구,1196
2019-01-01,중구,서대문구,5180
2019-01-01,중구,서초구,5253
2019-01-01,중구,성동구,15827
2019-01-01,중구,성북구,21615
2019-01-01,중구,송파구,5869
2019-01-01,중구,양천구,2107
2019-01-01,중구,영등포구,9096
2019-01-01,중구,용산구,16529
2019-01-01,중구,은평구,6150
2019-01-01,중구,종로구,19506
2019-01-01,중구,중구,40566
2019-01-01,중구,중랑구,4487
2019-01-01,중랑구,강남구,18000
2019-01-01,중랑구,강동구,22891
2019-01-01,중랑구,강북구,8569
2019-01-01,중랑구,강서구,3307
2019-01-01,중랑구,관악구,2060
2019-01-01,중랑구,광진구,42948
2019-01-01,중랑구,구로구,2955
2019-01-01,중랑구,금천구,496
2019-01-01,중랑구,노원구,72701
2019-01-01,중랑구,도봉구,12397
2019-01-01,중랑구,동대문구,146977
2019-01-01,중랑구,동작구,3118
2019-01-01,중랑구,마포구,393
2019-01-01,중랑구,서대문구,5881
2019-01-01,중랑구,서초구,9370
2019-01-01,중랑구,성동구,27536
2019-01-01,중랑구,성북구,24770
2019-01-01,중랑구,송파구,21987
2019-01-01,중랑구,양천구,1657
2019-01-01,중랑구,영등포구,5633
2019-01-01,중랑구,용산구,3015
2019-01-01,중랑구,은평구,3475
2019-01-01,중랑구,종로구,15939
2019-01-01,중랑구,중구,4635
2019-01-01,중랑구,중랑구,273834
2020-01-01,강남구,강남구,218696
2020-01-01,강남구,강동구,33752
2020-01-01,강남구,강북구,5843
2020-01-01,강남구,강서구,4461
2020-01-01,강남구,관악구,4448
2020-01-01,강남구,광진구,21710
2020-01-01,강남구,구로구,13004
2020-01-01,강남구,금천구,1698
2020-01-01,강남구,노원구,4634
2020-01-01,강남구,도봉구,4937
2020-01-01,강남구,동대문구,18449
2020-01-01,강남구,동작구,8669
2020-01-01,강남구,마포구,490
2020-01-01,강남구,서대문구,9285
2020-01-01,강남구,서초구,58005
2020-01-01,강남구,성동구,11850
2020-01-01,강남구,성북구,10059
2020-01-01,강남구,송파구,93274
2020-01-01,강남구,양천구,4157
2020-01-01,강남구,영등포구,16252
2020-01-01,강남구,용산구,8767
2020-01-01,강남구,은평구,5154
2020-01-01,강남구,종로구,16044
2020-01-01,강남구,중구,4105
2020-01-01,강남구,중랑구,11082
2020-01-01,강동구,강남구,25529
2020-01-01,강동구,강동구,357391
2020-01-01,강동구,강북구,3252
2020-01-01,강동구,강서구,1557
2020-01-01,강동구,관악구,909
2020-01-01,강동구,광진구,19711
2020-01-01,강동구,구로구,3169
2020-01-01,강동구,금천구,1878
2020-01-01,강동구,노원구,3535
2020-01-01,강동구,도봉구,5129
2020-01-01,강동구,동대문구,24758
2020-01-01,강동구,동작구,2704
2020-01-01,강동구,마포구,823
2020-01-01,강동구,서대문구,3546
2020-01-01,강동구,서초구,8063
2020-01-01,강동구,성동구,11343
2020-01-01,강동구,성북구,4500
2020-01-01,강동구,송파구,115879
2020-01-01,강동구,양천구,2300
2020-01-01,강동구,영등포구,5352
2020-01-01,강동구,용산구,2228
2020-01-01,강동구,은평구,2069
2020-01-01,강동구,종로구,6855
2020-01-01,강동구,중구,1814
2020-01-01,강동구,중랑구,9500
2020-01-01,강북구,강남구,9520
2020-01-01,강북구,강동구,9430
2020-01-01,강북구,강북구,187125
2020-01-01,강북구,강서구,3505
2020-01-01,강북구,관악구,1343
2020-01-01,강북구,광진구,6490
2020-01-01,강북구,구로구,2902
2020-01-01,강북구,금천구,1157
2020-01-01,강북구,노원구,41286
2020-01-01,강북구,도봉구,137401
2020-01-01,강북구,동대문구,37633
2020-01-01,강북구,동작구,3769
2020-01-01,강북구,마포구,791
2020-01-01,강북구,서대문구,8242
2020-01-01,강북구,서초구,4783
2020-01-01,강북구,성동구,7786
2020-01-01,강북구,성북구,112600
2020-01-01,강북구,송파구,9363
2020-01-01,강북구,양천구,2731
2020-01-01,강북구,영등포구,6590
2020-01-01,강북구,용산구,2604
2020-01-01,강북구,은평구,8249
2020-01-01,강북구,종로구,36589
2020-01-01,강북구,중구,6111
2020-01-01,강북구,중랑구,13597
2020-01-01,강서구,강남구,17978
2020-01-01,강서구,강동구,11959
2020-01-01,강서구,강북구,3770
2020-01-01,강서구,강서구,410594
2020-01-01,강서구,관악구,6105
2020-01-01,강서구,광진구,6585
2020-01-01,강서구,구로구,57541
2020-01-01,강서구,금천구,7927
2020-01-01,강서구,노원구,3489
2020-01-01,강서구,도봉구,5521
2020-01-01,강서구,동대문구,10386
2020-01-01,강서구,동작구,14713
2020-01-01,강서구,마포구,3877
2020-01-01,강서구,서대문구,56351
2020-01-01,강서구,서초구,9175
2020-01-01,강서구,성동구,2403
2020-01-01,강서구,성북구,5185
2020-01-01,강서구,송파구,17421
2020-01-01,강서구,양천구,107888
2020-01-01,강서구,영등포구,91652
2020-01-01,강서구,용산구,4020
2020-01-01,강서구,은평구,15265
2020-01-01,강서구,종로구,17306
2020-01-01,강서구,중구,3376
2020-01-01,강서구,중랑구,8225
2020-01-01,관악구,강남구,30698
2020-01-01,관악구,강동구,13106
2020-01-01,관악구,강북구,2346
2020-01-01,관악구,강서구,9789
2020-01-01,관악구,관악구,231742
2020-01-01,관악구,광진구,5452
2020-01-01,관악구,구로구,80670
2020-01-01,관악구,금천구,53489
2020-01-01,관악구,노원구,1551
2020-01-01,관악구,도봉구,2601
2020-01-01,관악구,동대문구,8662
2020-01-01,관악구,동작구,133342
2020-01-01,관악구,마포구,1345
2020-01-01,관악구,서대문구,10405
2020-01-01,관악구,서초구,33346
2020-01-01,관악구,성동구,3210
2020-01-01,관악구,성북구,3290
2020-01-01,관악구,송파구,17512
2020-01-01,관악구,양천구,10514
2020-01-01,관악구,영등포구,85114
2020-01-01,관악구,용산구,3704
2020-01-01,관악구,은평구,5434
2020-01-01,관악구,종로구,12252
2020-01-01,관악구,중구,2335
2020-01-01,관악구,중랑구,7053
2020-01-01,광진구,강남구,29114
2020-01-01,광진구,강동구,36986
2020-01-01,광진구,강북구,3289
2020-01-01,광진구,강서구,1771
2020-01-01,광진구,관악구,1061
2020-01-01,광진구,광진구,187151
2020-01-01,광진구,구로구,3425
2020-01-01,광진구,금천구,1770
2020-01-01,광진구,노원구,7255
2020-01-01,광진구,도봉구,3497
2020-01-01,광진구,동대문구,48681
2020-01-01,광진구,동작구,3227
2020-01-01,광진구,마포구,561
2020-01-01,광진구,서대문구,4593
2020-01-01,광진구,서초구,6429
2020-01-01,광진구,성동구,35615
2020-01-01,광진구,성북구,8709
2020-01-01,광진구,송파구,61479
2020-01-01,광진구,양천구,2293
2020-01-01,광진구,영등포구,4855
2020-01-01,광진구,용산구,2426
2020-01-01,광진구,은평구,4922
2020-01-01,광진구,종로구,8485
2020-01-01,광진구,중구,2495
2020-01-01,광진구,중랑구,17298
2020-01-01,구로구,강남구,15175
2020-01-01,구로구,강동구,8577
2020-01-01,구로구,강북구,878
2020-01-01,구로구,강서구,15703
2020-01-01,구로구,관악구,13142
2020-01-01,구로구,광진구,2495
2020-01-01,구로구,구로구,359976
2020-01-01,구로구,금천구,20721
2020-01-01,구로구,노원구,1493
2020-01-01,구로구,도봉구,3808
2020-01-01,구로구,동대문구,5960
2020-01-01,구로구,동작구,23490
2020-01-01,구로구,마포구,1749
2020-01-01,구로구,서대문구,15325
2020-01-01,구로구,서초구,9419
2020-01-01,구로구,성동구,2927
2020-01-01,구로구,성북구,2241
2020-01-01,구로구,송파구,10640
2020-01-01,구로구,양천구,31627
2020-01-01,구로구,영등포구,94390
2020-01-01,구로구,용산구,2103
2020-01-01,구로구,은평구,5020
2020-01-01,구로구,종로구,11146
2020-01-01,구로구,중구,2245
2020-01-01,구로구,중랑구,3879
2020-01-01,금천구,강남구,8166
2020-01-01,금천구,강동구,4932
2020-01-01,금천구,강북구,828
2020-01-01,금천구,강서구,5202
2020-01-01,금천구,관악구,21019
2020-01-01,금천구,광진구,1187
2020-01-01,금천구,구로구,74289
2020-01-01,금천구,금천구,185543
2020-01-01,금천구,노원구,579
2020-01-01,금천구,도봉구,1350
2020-01-01,금천구,동대문구,3199
2020-01-01,금천구,동작구,26798
2020-01-01,금천구,마포구,581
2020-01-01,금천구,서대문구,7044
2020-01-01,금천구,서초구,5069
2020-01-01,금천구,성동구,990
2020-01-01,금천구,성북구,561
2020-01-01,금천구,송파구,7860
2020-01-01,금천구,양천구,6932
2020-01-01,금천구,영등포구,80854
2020-01-01,금천구,용산구,788
2020-01-01,금천구,은평구,1721
2020-01-01,금천구,종로구,5073
2020-01-01,금천구,중구,718
2020-01-01,금천구,중랑구,1406
2020-01-01,노원구,강남구,21285
2020-01-01,노원구,강동구,19737
2020-01-01,노원구,강북구,40962
2020-01-01,노원구,강서구,3974
2020-01-01,노원구,관악구,1817
2020-01-01,노원구,광진구,14440
2020-01-01,노원구,구로구,5814
2020-01-01,노원구,금천구,1337
2020-01-01,노원구,노원구,360886
2020-01-01,노원구,도봉구,78961
2020-01-01,노원구,동대문구,57322
2020-01-01,노원구,동작구,3815
2020-01-01,노원구,마포구,651
2020-01-01,노원구,서대문구,9065
2020-01-01,노원구,서초구,9237
2020-01-01,노원구,성동구,11846
2020-01-01,노원구,성북구,59082
2020-01-01,노원구,송파구,25768
2020-01-01,노원구,양천구,2662
2020-01-01,노원구,영등포구,7680
2020-01-01,노원구,용산구,3464
2020-01-01,노원구,은평구,8710
2020-01-01,노원구,종로구,32217
2020-01-01,노원구,중구,4850
2020-01-01,노원구,중랑구,44264
2020-01-01,도봉구,강남구,10765
2020-01-01,도봉구,강동구,9614
2020-01-01,도봉구,강북구,57408
2020-01-01,도봉구,강서구,2045
2020-01-01,도봉구,관악구,931
2020-01-01,도봉구,광진구,6518
2020-01-01,도봉구,구로구,2141
2020-01-01,도봉구,금천구,1436
2020-01-01,도봉구,노원구,85984
2020-01-01,도봉구,도봉구,220968
2020-01-01,도봉구,동대문구,29225
2020-01-01,도봉구,동작구,3182
2020-01-01,도봉구,마포구,1020
2020-01-01,도봉구,서대문구,5043
2020-01-01,도봉구,서초구,5488
2020-01-01,도봉구,성동구,4519
2020-01-01,도봉구,성북구,45397
2020-01-01,도봉구,송파구,11795
2020-01-01,도봉구,양천구,1885
2020-01-01,도봉구,영등포구,4567
2020-01-01,도봉구,용산구,2045
2020-01-01,도봉구,은평구,6259
2020-01-01,도봉구,종로구,30326
2020-01-01,도봉구,중구,3475
2020-01-01,도봉구,중랑구,13903
2020-01-01,동대문구,강남구,17051
2020-01-01,동대문구,강동구,20353
2020-01-01,동대문구,강북구,11411
2020-01-01,동대문구,강서구,1572
2020-01-01,동대문구,관악구,1316
2020-01-01,동대문구,광진구,23007
2020-01-01,동대문구,구로구,3295
2020-01-01,동대문구,금천구,967
2020-01-01,동대문구,노원구,15830
2020-01-01,동대문구,도봉구,8841
2020-01-01,동대문구,동대문구,356768
2020-01-01,동대문구,동작구,5632
2020-01-01,동대문구,마포구,648
2020-01-01,동대문구,서대문구,6634
2020-01-01,동대문구,서초구,6575
2020-01-01,동대문구,성동구,39384
2020-01-01,동대문구,성북구,67376
2020-01-01,동대문구,송파구,22268
2020-01-01,동대문구,양천구,3724
2020-01-01,동대문구,영등포구,5847
2020-01-01,동대문구,용산구,2467
2020-01-01,동대문구,은평구,11341
2020-01-01,동대문구,종로구,21199
2020-01-01,동대문구,중구,7707
2020-01-01,동대문구,중랑구,28723
2020-01-01,동작구,강남구,31142
2020-01-01,동작구,강동구,8079
2020-01-01,동작구,강북구,2935
2020-01-01,동작구,강서구,9086
2020-01-01,동작구,관악구,52608
2020-01-01,동작구,광진구,4690
2020-01-01,동작구,구로구,40036
2020-01-01,동작구,금천구,15403
2020-01-01,동작구,노원구,1741
2020-01-01,동작구,도봉구,3351
2020-01-01,동작구,동대문구,7591
2020-01-01,동작구,동작구,178704
2020-01-01,동작구,마포구,1326
2020-01-01,동작구,서대문구,9471
2020-01-01,동작구,서초구,53627
2020-01-01,동작구,성동구,4853
2020-01-01,동작구,성북구,3716
2020-01-01,동작구,송파구,16841
2020-01-01,동작구,양천구,6806
2020-01-01,동작구,영등포구,108591
2020-01-01,동작구,용산구,4293
2020-01-01,동작구,은평구,5581
2020-01-01,동작구,종로구,14379
2020-01-01,동작구,중구,2394
2020-01-01,동작구,중랑구,5048
2020-01-01,마포구,강남구,15682
2020-01-01,마포구,강동구,10286
2020-01-01,마포구,강북구,2719
2020-01-01,마포구,강서구,19894
2020-01-01,마포구,관악구,4194
2020-01-01,마포구,광진구,3343
2020-01-01,마포구,구로구,22298
2020-01-01,마포구,금천구,4056
2020-01-01,마포구,노원구,4102
2020-01-01,마포구,도봉구,3568
2020-01-01,마포구,동대문구,14335
2020-01-01,마포구,동작구,9763
2020-01-01,마포구,마포구,61069
2020-01-01,마포구,서대문구,107804
2020-01-01,마포구,서초구,10557
2020-01-01,마포구,성동구,2831
2020-01-01,마포구,성북구,7622
2020-01-01,마포구,송파구,8895
2020-01-01,마포구,양천구,13185
2020-01-01,마포구,영등포구,65993
2020-01-01,마포구,용산구,5067
2020-01-01,마포구,은평구,35939
2020-01-01,마포구,종로구,50212
2020-01-01,마포구,중구,6365
2020-01-01,마포구,중랑구,4529
2020-01-01,서대문구,강남구,9966
2020-01-01,서대문구,강동구,7143
2020-01-01,서대문구,강북구,2861
2020-01-01,서대문구,강서구,10629
2020-01-01,서대문구,관악구,1523
2020-01-01,서대문구,광진구,3856
2020-01-01,서대문구,구로구,9567
2020-01-01,서대문구,금천구,1957
2020-01-01,서대문구,노원구,1782
2020-01-01,서대문구,도봉구,2616
2020-01-01,서대문구,동대문구,11552
2020-01-01,서대문구,동작구,4800
2020-01-01,서대문구,마포구,16512
2020-01-01,서대문구,서대문구,178983
2020-01-01,서대문구,서초구,4643
2020-01-01,서대문구,성동구,3249
2020-01-01,서대문구,성북구,9369
2020-01-01,서대문구,송파구,7847
2020-01-01,서대문구,양천구,6217
2020-01-01,서대문구,영등포구,23280
2020-01-01,서대문구,용산구,2369
2020-01-01,서대문구,은평구,84948
2020-01-01,서대문구,종로구,80908
2020-01-01,서대문구,중구,5037
2020-01-01,서대문구,중랑구,5435
2020-01-01,서초구,강남구,102115
2020-01-01,서초구,강동구,13841
2020-01-01,서초구,강북구,2715
2020-01-01,서초구,강서구,3141
2020-01-01,서초구,관악구,15226
2020-01-01,서초구,광진구,6352
2020-01-01,서초구,구로구,14478
2020-01-01,서초구,금천구,3380
2020-01-01,서초구,노원구,2068
2020-01-01,서초구,도봉구,1855
2020-01-01,서초구,동대문구,12259
2020-01-01,서초구,동작구,18871
2020-01-01,서초구,마포구,1095
2020-01-01,서초구,서대문구,10367
2020-01-01,서초구,서초구,133200
2020-01-01,서초구,성동구,6315
2020-01-01,서초구,성북구,7438
2020-01-01,서초구,송파구,33495
2020-01-01,서초구,양천구,3730
2020-01-01,서초구,영등포구,24253
2020-01-01,서초구,용산구,8360
2020-01-01,서초구,은평구,5751
2020-01-01,서초구,종로구,16261
2020-01-01,서초구,중구,2795
2020-01-01,서초구,중랑구,6710
2020-01-01,성동구,강남구,38552
2020-01-01,성동구,강동구,19266
2020-01-01,성동구,강북구,5784
2020-01-01,성동구,강서구,2378
2020-01-01,성동구,관악구,2027
2020-01-01,성동구,광진구,45652
2020-01-01,성동구,구로구,5541
2020-01-01,성동구,금천구,2503
2020-01-01,성동구,노원구,5022
2020-01-01,성동구,도봉구,6155
2020-01-01,성동구,동대문구,86253
2020-01-01,성동구,동작구,4556
2020-01-01,성동구,마포구,767
2020-01-01,성동구,서대문구,6638
2020-01-01,성동구,서초구,12577
2020-01-01,성동구,성동구,99288
2020-01-01,성동구,성북구,23168
2020-01-01,성동구,송파구,27150
2020-01-01,성동구,양천구,3390
2020-01-01,성동구,영등포구,7253
2020-01-01,성동구,용산구,17966
2020-01-01,성동구,은평구,5142
2020-01-01,성동구,종로구,17633
2020-01-01,성동구,중구,11106
2020-01-01,성동구,중랑구,12293
2020-01-01,성북구,강남구,17250
2020-01-01,성북구,강동구,12444
2020-01-01,성북구,강북구,57504
2020-01-01,성북구,강서구,4339
2020-01-01,성북구,관악구,1898
2020-01-01,성북구,광진구,7285
2020-01-01,성북구,구로구,6995
2020-01-01,성북구,금천구,1847
2020-01-01,성북구,노원구,38525
2020-01-01,성북구,도봉구,37878
2020-01-01,성북구,동대문구,78306
2020-01-01,성북구,동작구,4732
2020-01-01,성북구,마포구,1807
2020-01-01,성북구,서대문구,8253
2020-01-01,성북구,서초구,7933
2020-01-01,성북구,성동구,9687
2020-01-01,성북구,성북구,291771
2020-01-01,성북구,송파구,14463
2020-01-01,성북구,양천구,2209
2020-01-01,성북구,영등포구,7773
2020-01-01,성북구,용산구,3417
2020-01-01,성북구,은평구,10827
2020-01-01,성북구,종로구,53339
2020-01-01,성북구,중구,8843
2020-01-01,성북구,중랑구,20729
2020-01-01,송파구,강남구,95094
2020-01-01,송파구,강동구,135835
2020-01-01,송파구,강북구,4854
2020-01-01,송파구,강서구,3686
2020-01-01,송파구,관악구,4096
2020-01-01,송파구,광진구,31048
2020-01-01,송파구,구로구,5352
2020-01-01,송파구,금천구,2855
2020-01-01,송파구,노원구,3057
2020-01-01,송파구,도봉구,3030
2020-01-01,송파구,동대문구,24637
2020-01-01,송파구,동작구,6598
2020-01-01,송파구,마포구,792
2020-01-01,송파구,서대문구,9354
2020-01-01,송파구,서초구,19071
2020-01-01,송파구,성동구,12765
2020-01-01,송파구,성북구,6014
2020-01-01,송파구,송파구,409604
2020-01-01,송파구,양천구,3738
2020-01-01,송파구,영등포구,10286
2020-01-01,송파구,용산구,4167
2020-01-01,송파구,은평구,5499
2020-01-01,송파구,종로구,12887
2020-01-01,송파구,중구,2953
2020-01-01,송파구,중랑구,14256
2020-01-01,양천구,강남구,14174
2020-01-01,양천구,강동구,7703
2020-01-01,양천구,강북구,1575
2020-01-01,양천구,강서구,115984
2020-01-01,양천구,관악구,5905
2020-01-01,양천구,광진구,4755
2020-01-01,양천구,구로구,94609
2020-01-01,양천구,금천구,8060
2020-01-01,양천구,노원구,2781
2020-01-01,양천구,도봉구,2732
2020-01-01,양천구,동대문구,6598
2020-01-01,양천구,동작구,11196
2020-01-01,양천구,마포구,2657
2020-01-01,양천구,서대문구,35806
2020-01-01,양천구,서초구,8859
2020-01-01,양천구,성동구,1711
2020-01-01,양천구,성북구,2983
2020-01-01,양천구,송파구,10399
2020-01-01,양천구,양천구,188842
2020-01-01,양천구,영등포구,68387
2020-01-01,양천구,용산구,2554
2020-01-01,양천구,은평구,5186
2020-01-01,양천구,종로구,13707
2020-01-01,양천구,중구,1919
2020-01-01,양천구,중랑구,4867
2020-01-01,영등포구,강남구,18774
2020-01-01,영등포구,강동구,7302
2020-01-01,영등포구,강북구,2139
2020-01-01,영등포구,강서구,16986
2020-01-01,영등포구,관악구,14296
2020-01-01,영등포구,광진구,2026
2020-01-01,영등포구,구로구,80060
2020-01-01,영등포구,금천구,20097
2020-01-01,영등포구,노원구,1224
2020-01-01,영등포구,도봉구,1937
2020-01-01,영등포구,동대문구,5597
2020-01-01,영등포구,동작구,39948
2020-01-01,영등포구,마포구,2480
2020-01-01,영등포구,서대문구,24267
2020-01-01,영등포구,서초구,14651
2020-01-01,영등포구,성동구,2866
2020-01-01,영등포구,성북구,3458
2020-01-01,영등포구,송파구,12650
2020-01-01,영등포구,양천구,28482
2020-01-01,영등포구,영등포구,362317
2020-01-01,영등포구,용산구,2531
2020-01-01,영등포구,은평구,7074
2020-01-01,영등포구,종로구,14315
2020-01-01,영등포구,중구,2578
2020-01-01,영등포구,중랑구,4591
2020-01-01,용산구,강남구,25450
2020-01-01,용산구,강동구,8041
2020-01-01,용산구,강북구,3566
2020-01-01,용산구,강서구,4101
2020-01-01,용산구,관악구,4990
2020-01-01,용산구,광진구,4494
2020-01-01,용산구,구로구,15218
2020-01-01,용산구,금천구,4086
2020-01-01,용산구,노원구,3820
2020-01-01,용산구,도봉구,3578
2020-01-01,용산구,동대문구,22194
2020-01-01,용산구,동작구,23709
2020-01-01,용산구,마포구,6260
2020-01-01,용산구,서대문구,18262
2020-01-01,용산구,서초구,23471
2020-01-01,용산구,성동구,8199
2020-01-01,용산구,성북구,11501
2020-01-01,용산구,송파구,12984
2020-01-01,용산구,양천구,4295
2020-01-01,용산구,영등포구,39326
2020-01-01,용산구,용산구,49386
2020-01-01,용산구,은평구,10444
2020-01-01,용산구,종로구,24683
2020-01-01,용산구,중구,9246
2020-01-01,용산구,중랑구,5004
2020-01-01,은평구,강남구,13210
2020-01-01,은평구,강동구,9466
2020-01-01,은평구,강북구,3604
2020-01-01,은평구,강서구,9936
2020-01-01,은평구,관악구,3174
2020-01-01,은평구,광진구,4698
2020-01-01,은평구,구로구,9927
2020-01-01,은평구,금천구,2555
2020-01-01,은평구,노원구,2271
2020-01-01,은평구,도봉구,6829
2020-01-01,은평구,동대문구,32048
2020-01-01,은평구,동작구,5857
2020-01-01,은평구,마포구,9242
2020-01-01,은평구,서대문구,82594
2020-01-01,은평구,서초구,7024
2020-01-01,은평구,성동구,4676
2020-01-01,은평구,성북구,8846
2020-01-01,은평구,송파구,8851
2020-01-01,은평구,양천구,10654
2020-01-01,은평구,영등포구,16844
2020-01-01,은평구,용산구,4338
2020-01-01,은평구,은평구,400317
2020-01-01,은평구,종로구,83527
2020-01-01,은평구,중구,5160
2020-01-01,은평구,중랑구,7194
2020-01-01,종로구,강남구,9581
2020-01-01,종로구,강동구,5704
2020-01-01,종로구,강북구,6532
2020-01-01,종로구,강서구,2966
2020-01-01,종로구,관악구,1230
2020-01-01,종로구,광진구,4474
2020-01-01,종로구,구로구,9256
2020-01-01,종로구,금천구,286
2020-01-01,종로구,노원구,4086
2020-01-01,종로구,도봉구,3590
2020-01-01,종로구,동대문구,25290
2020-01-01,종로구,동작구,2399
2020-01-01,종로구,마포구,2566
2020-01-01,종로구,서대문구,18141
2020-01-01,종로구,서초구,6070
2020-01-01,종로구,성동구,5441
2020-01-01,종로구,성북구,44182
2020-01-01,종로구,송파구,4550
2020-01-01,종로구,양천구,2732
2020-01-01,종로구,영등포구,8682
2020-01-01,종로구,용산구,2306
2020-01-01,종로구,은평구,18727
2020-01-01,종로구,종로구,50470
2020-01-01,종로구,중구,11003
2020-01-01,종로구,중랑구,5089
2020-01-01,중구,강남구,14513
2020-01-01,중구,강동구,5011
2020-01-01,중구,강북구,4922
2020-01-01,중구,강서구,1973
2020-01-01,중구,관악구,454
2020-01-01,중구,광진구,4876
2020-01-01,중구,구로구,5616
2020-01-01,중구,금천구,1118
2020-01-01,중구,노원구,1730
2020-01-01,중구,도봉구,2248
2020-01-01,중구,동대문구,38561
2020-01-01,중구,동작구,3800
2020-01-01,중구,마포구,2198
2020-01-01,중구,서대문구,6262
2020-01-01,중구,서초구,5053
2020-01-01,중구,성동구,13626
2020-01-01,중구,성북구,19510
2020-01-01,중구,송파구,7691
2020-01-01,중구,양천구,2105
2020-01-01,중구,영등포구,9500
2020-01-01,중구,용산구,15936
2020-01-01,중구,은평구,6536
2020-01-01,중구,종로구,18544
2020-01-01,중구,중구,28052
2020-01-01,중구,중랑구,4938
2020-01-01,중랑구,강남구,18028
2020-01-01,중랑구,강동구,25702
2020-01-01,중랑구,강북구,9169
2020-01-01,중랑구,강서구,3358
2020-01-01,중랑구,관악구,1818
2020-01-01,중랑구,광진구,41573
2020-01-01,중랑구,구로구,3379
2020-01-01,중랑구,금천구,619
2020-01-01,중랑구,노원구,73777
2020-01-01,중랑구,도봉구,11266
2020-01-01,중랑구,동대문구,163764
2020-01-01,중랑구,동작구,3235
2020-01-01,중랑구,마포구,368
2020-01-01,중랑구,서대문구,6559
2020-01-01,중랑구,서초구,8638
2020-01-01,중랑구,성동구,27005
2020-01-01,중랑구,성북구,33105
2020-01-01,중랑구,송파구,30388
2020-01-01,중랑구,양천구,2275
2020-01-01,중랑구,영등포구,6241
2020-01-01,중랑구,용산구,3696
2020-01-01,중랑구,은평구,7520
2020-01-01,중랑구,종로구,15528
2020-01-01,중랑구,중구,3565
2020-01-01,중랑구,중랑구,200949
2021-01-01,강남구,강남구,217581
2021-01-01,강남구,강동구,37814
2021-01-01,강남구,강북구,4554
2021-01-01,강남구,강서구,3964
2021-01-01,강남구,관악구,3820
2021-01-01,강남구,광진구,21700
2021-01-01,강남구,구로구,8159
2021-01-01,강남구,금천구,1852
2021-01-01,강남구,노원구,5115
2021-01-01,강남구,도봉구,5788
2021-01-01,강남구,동대문구,27719
2021-01-01,강남구,동작구,11826
2021-01-01,강남구,마포구,404
2021-01-01,강남구,서대문구,10980
2021-01-01,강남구,서초구,55208
2021-01-01,강남구,성동구,13202
2021-01-01,강남구,성북구,9773
2021-01-01,강남구,송파구,101279
2021-01-01,강남구,양천구,8327
2021-01-01,강남구,영등포구,15179
2021-01-01,강남구,용산구,7828
2021-01-01,강남구,은평구,6526
2021-01-01,강남구,종로구,23710
2021-01-01,강남구,중구,5696
2021-01-01,강남구,중랑구,17192
2021-01-01,강동구,강남구,29535
2021-01-01,강동구,강동구,368654
2021-01-01,강동구,강북구,3281
2021-01-01,강동구,강서구,2768
2021-01-01,강동구,관악구,2494
2021-01-01,강동구,광진구,20634
2021-01-01,강동구,구로구,4827
2021-01-01,강동구,금천구,1279
2021-01-01,강동구,노원구,3872
2021-01-01,강동구,도봉구,6333
2021-01-01,강동구,동대문구,29858
2021-01-01,강동구,동작구,6982
2021-01-01,강동구,마포구,630
2021-01-01,강동구,서대문구,5195
2021-01-01,강동구,서초구,8795
2021-01-01,강동구,성동구,13445
2021-01-01,강동구,성북구,5337
2021-01-01,강동구,송파구,136013
2021-01-01,강동구,양천구,5573
2021-01-01,강동구,영등포구,7302
2021-01-01,강동구,용산구,3046
2021-01-01,강동구,은평구,5103
2021-01-01,강동구,종로구,11601
2021-01-01,강동구,중구,3060
2021-01-01,강동구,중랑구,20077
2021-01-01,강북구,강남구,10009
2021-01-01,강북구,강동구,10396
2021-01-01,강북구,강북구,185876
2021-01-01,강북구,강서구,3143
2021-01-01,강북구,관악구,1737
2021-01-01,강북구,광진구,7784
2021-01-01,강북구,구로구,4554
2021-01-01,강북구,금천구,1470
2021-01-01,강북구,노원구,46186
2021-01-01,강북구,도봉구,125361
2021-01-01,강북구,동대문구,44877
2021-01-01,강북구,동작구,6571
2021-01-01,강북구,마포구,916
2021-01-01,강북구,서대문구,8814
2021-01-01,강북구,서초구,5644
2021-01-01,강북구,성동구,6384
2021-01-01,강북구,성북구,115505
2021-01-01,강북구,송파구,10906
2021-01-01,강북구,양천구,3306
2021-01-01,강북구,영등포구,10223
2021-01-01,강북구,용산구,3037
2021-01-01,강북구,은평구,10827
2021-01-01,강북구,종로구,42779
2021-01-01,강북구,중구,6852
2021-01-01,강북구,중랑구,23552
2021-01-01,강서구,강남구,16600
2021-01-01,강서구,강동구,12483
2021-01-01,강서구,강북구,4279
2021-01-01,강서구,강서구,426831
2021-01-01,강서구,관악구,4762
2021-01-01,강서구,광진구,6948
2021-01-01,강서구,구로구,41759
2021-01-01,강서구,금천구,9027
2021-01-01,강서구,노원구,4058
2021-01-01,강서구,도봉구,5622
2021-01-01,강서구,동대문구,14430
2021-01-01,강서구,동작구,14824
2021-01-01,강서구,마포구,4243
2021-01-01,강서구,서대문구,59958
2021-01-01,강서구,서초구,10331
2021-01-01,강서구,성동구,3178
2021-01-01,강서구,성북구,5145
2021-01-01,강서구,송파구,15914
2021-01-01,강서구,양천구,106280
2021-01-01,강서구,영등포구,79158
2021-01-01,강서구,용산구,3005
2021-01-01,강서구,은평구,19705
2021-01-01,강서구,종로구,22420
2021-01-01,강서구,중구,2863
2021-01-01,강서구,중랑구,11707
2021-01-01,관악구,강남구,33297
2021-01-01,관악구,강동구,13881
2021-01-01,관악구,강북구,1674
2021-01-01,관악구,강서구,13071
2021-01-01,관악구,관악구,226665
2021-01-01,관악구,광진구,9828
2021-01-01,관악구,구로구,62663
2021-01-01,관악구,금천구,57936
2021-01-01,관악구,노원구,2366
2021-01-01,관악구,도봉구,3577
2021-01-01,관악구,동대문구,12631
2021-01-01,관악구,동작구,125053
2021-01-01,관악구,마포구,1736
2021-01-01,관악구,서대문구,14315
2021-01-01,관악구,서초구,36014
2021-01-01,관악구,성동구,3146
2021-01-01,관악구,성북구,4739
2021-01-01,관악구,송파구,24705
2021-01-01,관악구,양천구,17835
2021-01-01,관악구,영등포구,94290
2021-01-01,관악구,용산구,3432
2021-01-01,관악구,은평구,10392
2021-01-01,관악구,종로구,20423
2021-01-01,관악구,중구,4308
2021-01-01,관악구,중랑구,12299
2021-01-01,광진구,강남구,29339
2021-01-01,광진구,강동구,38123
2021-01-01,광진구,강북구,2662
2021-01-01,광진구,강서구,1791
2021-01-01,광진구,관악구,1664
2021-01-01,광진구,광진구,179619
2021-01-01,광진구,구로구,2965
2021-01-01,광진구,금천구,1706
2021-01-01,광진구,노원구,8621
2021-01-01,광진구,도봉구,4399
2021-01-01,광진구,동대문구,61079
2021-01-01,광진구,동작구,6068
2021-01-01,광진구,마포구,489
2021-01-01,광진구,서대문구,6872
2021-01-01,광진구,서초구,6900
2021-01-01,광진구,성동구,39577
2021-01-01,광진구,성북구,9486
2021-01-01,광진구,송파구,67147
2021-01-01,광진구,양천구,3619
2021-01-01,광진구,영등포구,6353
2021-01-01,광진구,용산구,2306
2021-01-01,광진구,은평구,5236
2021-01-01,광진구,종로구,11734
2021-01-01,광진구,중구,4028
2021-01-01,광진구,중랑구,24812
2021-01-01,구로구,강남구,16764
2021-01-01,구로구,강동구,9611
2021-01-01,구로구,강북구,1419
2021-01-01,구로구,강서구,19519
2021-01-01,구로구,관악구,11868
2021-01-01,구로구,광진구,5563
2021-01-01,구로구,구로구,339232
2021-01-01,구로구,금천구,20390
2021-01-01,구로구,노원구,1857
2021-01-01,구로구,도봉구,4514
2021-01-01,구로구,동대문구,12183
2021-01-01,구로구,동작구,32784
2021-01-01,구로구,마포구,2219
2021-01-01,구로구,서대문구,20253
2021-01-01,구로구,서초구,12021
2021-01-01,구로구,성동구,3039
2021-01-01,구로구,성북구,3627
2021-01-01,구로구,송파구,13385
2021-01-01,구로구,양천구,39992
2021-01-01,구로구,영등포구,100586
2021-01-01,구로구,용산구,2032
2021-01-01,구로구,은평구,12783
2021-01-01,구로구,종로구,15927
2021-01-01,구로구,중구,2827
2021-01-01,구로구,중랑구,11359
2021-01-01,금천구,강남구,9579
2021-01-01,금천구,강동구,5185
2021-01-01,금천구,강북구,1000
2021-01-01,금천구,강서구,7036
2021-01-01,금천구,관악구,22039
2021-01-01,금천구,광진구,1369
2021-01-01,금천구,구로구,69750
2021-01-01,금천구,금천구,176645
2021-01-01,금천구,노원구,633
2021-01-01,금천구,도봉구,1921
2021-01-01,금천구,동대문구,4880
2021-01-01,금천구,동작구,29686
2021-01-01,금천구,마포구,655
2021-01-01,금천구,서대문구,6986
2021-01-01,금천구,서초구,6276
2021-01-01,금천구,성동구,1332
2021-01-01,금천구,성북구,1147
2021-01-01,금천구,송파구,11124
2021-01-01,금천구,양천구,12369
2021-01-01,금천구,영등포구,81682
2021-01-01,금천구,용산구,1122
2021-01-01,금천구,은평구,4426
2021-01-01,금천구,종로구,8651
2021-01-01,금천구,중구,1801
2021-01-01,금천구,중랑구,5290
2021-01-01,노원구,강남구,22721
2021-01-01,노원구,강동구,19979
2021-01-01,노원구,강북구,43520
2021-01-01,노원구,강서구,4634
2021-01-01,노원구,관악구,1705
2021-01-01,노원구,광진구,17083
2021-01-01,노원구,구로구,7452
2021-01-01,노원구,금천구,1651
2021-01-01,노원구,노원구,363363
2021-01-01,노원구,도봉구,71176
2021-01-01,노원구,동대문구,65624
2021-01-01,노원구,동작구,7182
2021-01-01,노원구,마포구,811
2021-01-01,노원구,서대문구,11029
2021-01-01,노원구,서초구,9002
2021-01-01,노원구,성동구,13472
2021-01-01,노원구,성북구,61756
2021-01-01,노원구,송파구,30345
2021-01-01,노원구,양천구,5365
2021-01-01,노원구,영등포구,7595
2021-01-01,노원구,용산구,3025
2021-01-01,노원구,은평구,12233
2021-01-01,노원구,종로구,38361
2021-01-01,노원구,중구,5232
2021-01-01,노원구,중랑구,57345
2021-01-01,도봉구,강남구,12621
2021-01-01,도봉구,강동구,11218
2021-01-01,도봉구,강북구,62819
2021-01-01,도봉구,강서구,1929
2021-01-01,도봉구,관악구,1125
2021-01-01,도봉구,광진구,7985
2021-01-01,도봉구,구로구,3359
2021-01-01,도봉구,금천구,574
2021-01-01,도봉구,노원구,88240
2021-01-01,도봉구,도봉구,211370
2021-01-01,도봉구,동대문구,32293
2021-01-01,도봉구,동작구,5642
2021-01-01,도봉구,마포구,787
2021-01-01,도봉구,서대문구,6487
2021-01-01,도봉구,서초구,5675
2021-01-01,도봉구,성동구,6753
2021-01-01,도봉구,성북구,52661
2021-01-01,도봉구,송파구,14954
2021-01-01,도봉구,양천구,2672
2021-01-01,도봉구,영등포구,3583
2021-01-01,도봉구,용산구,2296
2021-01-01,도봉구,은평구,8555
2021-01-01,도봉구,종로구,34966
2021-01-01,도봉구,중구,4085
2021-01-01,도봉구,중랑구,21067
2021-01-01,동대문구,강남구,20472
2021-01-01,동대문구,강동구,21662
2021-01-01,동대문구,강북구,9969
2021-01-01,동대문구,강서구,2913
2021-01-01,동대문구,관악구,1008
2021-01-01,동대문구,광진구,25032
2021-01-01,동대문구,구로구,3798
2021-01-01,동대문구,금천구,945
2021-01-01,동대문구,노원구,18110
2021-01-01,동대문구,도봉구,10930
2021-01-01,동대문구,동대문구,361453
2021-01-01,동대문구,동작구,6956
2021-01-01,동대문구,마포구,1194
2021-01-01,동대문구,서대문구,8164
2021-01-01,동대문구,서초구,7504
2021-01-01,동대문구,성동구,41888
2021-01-01,동대문구,성북구,69723
2021-01-01,동대문구,송파구,26906
2021-01-01,동대문구,양천구,4263
2021-01-01,동대문구,영등포구,6334
2021-01-01,동대문구,용산구,2409
2021-01-01,동대문구,은평구,13734
2021-01-01,동대문구,종로구,25477
2021-01-01,동대문구,중구,9258
2021-01-01,동대문구,중랑구,36918
2021-01-01,동작구,강남구,33572
2021-01-01,동작구,강동구,10277
2021-01-01,동작구,강북구,3015
2021-01-01,동작구,강서구,11442
2021-01-01,동작구,관악구,53398
2021-01-01,동작구,광진구,6627
2021-01-01,동작구,구로구,34415
2021-01-01,동작구,금천구,16551
2021-01-01,동작구,노원구,1985
2021-01-01,동작구,도봉구,3943
2021-01-01,동작구,동대문구,13791
2021-01-01,동작구,동작구,165821
2021-01-01,동작구,마포구,2023
2021-01-01,동작구,서대문구,11276
2021-01-01,동작구,서초구,54981
2021-01-01,동작구,성동구,4616
2021-01-01,동작구,성북구,3560
2021-01-01,동작구,송파구,19977
2021-01-01,동작구,양천구,12291
2021-01-01,동작구,영등포구,114320
2021-01-01,동작구,용산구,3826
2021-01-01,동작구,은평구,10602
2021-01-01,동작구,종로구,18639
2021-01-01,동작구,중구,3826
2021-01-01,동작구,중랑구,10330
2021-01-01,마포구,강남구,18592
2021-01-01,마포구,강동구,10984
2021-01-01,마포구,강북구,3605
2021-01-01,마포구,강서구,28782
2021-01-01,마포구,관악구,4755
2021-01-01,마포구,광진구,4225
2021-01-01,마포구,구로구,14596
2021-01-01,마포구,금천구,3543
2021-01-01,마포구,노원구,4656
2021-01-01,마포구,도봉구,4426
2021-01-01,마포구,동대문구,16066
2021-01-01,마포구,동작구,12973
2021-01-01,마포구,마포구,60428
2021-01-01,마포구,서대문구,107396
2021-01-01,마포구,서초구,11161
2021-01-01,마포구,성동구,3827
2021-01-01,마포구,성북구,8300
2021-01-01,마포구,송파구,12109
2021-01-01,마포구,양천구,16301
2021-01-01,마포구,영등포구,60441
2021-01-01,마포구,용산구,4616
2021-01-01,마포구,은평구,41869
2021-01-01,마포구,종로구,61206
2021-01-01,마포구,중구,6975
2021-01-01,마포구,중랑구,8267
2021-01-01,서대문구,강남구,10439
2021-01-01,서대문구,강동구,6701
2021-01-01,서대문구,강북구,2619
2021-01-01,서대문구,강서구,12669
2021-01-01,서대문구,관악구,1595
2021-01-01,서대문구,광진구,4567
2021-01-01,서대문구,구로구,9215
2021-01-01,서대문구,금천구,2684
2021-01-01,서대문구,노원구,2036
2021-01-01,서대문구,도봉구,4088
2021-01-01,서대문구,동대문구,14791
2021-01-01,서대문구,동작구,8345
2021-01-01,서대문구,마포구,18125
2021-01-01,서대문구,서대문구,171941
2021-01-01,서대문구,서초구,5352
2021-01-01,서대문구,성동구,3708
2021-01-01,서대문구,성북구,9685
2021-01-01,서대문구,송파구,8735
2021-01-01,서대문구,양천구,7188
2021-01-01,서대문구,영등포구,24900
2021-01-01,서대문구,용산구,2758
2021-01-01,서대문구,은평구,92840
2021-01-01,서대문구,종로구,89037
2021-01-01,서대문구,중구,6127
2021-01-01,서대문구,중랑구,7635
2021-01-01,서초구,강남구,102718
2021-01-01,서초구,강동구,16385
2021-01-01,서초구,강북구,2507
2021-01-01,서초구,강서구,7455
2021-01-01,서초구,관악구,16230
2021-01-01,서초구,광진구,8468
2021-01-01,서초구,구로구,10485
2021-01-01,서초구,금천구,2417
2021-01-01,서초구,노원구,2251
2021-01-01,서초구,도봉구,1926
2021-01-01,서초구,동대문구,16359
2021-01-01,서초구,동작구,21249
2021-01-01,서초구,마포구,1126
2021-01-01,서초구,서대문구,11775
2021-01-01,서초구,서초구,138822
2021-01-01,서초구,성동구,6915
2021-01-01,서초구,성북구,6181
2021-01-01,서초구,송파구,38544
2021-01-01,서초구,양천구,7223
2021-01-01,서초구,영등포구,20176
2021-01-01,서초구,용산구,7560
2021-01-01,서초구,은평구,7211
2021-01-01,서초구,종로구,20718
2021-01-01,서초구,중구,3162
2021-01-01,서초구,중랑구,8729
2021-01-01,성동구,강남구,40398
2021-01-01,성동구,강동구,20311
2021-01-01,성동구,강북구,4655
2021-01-01,성동구,강서구,3319
2021-01-01,성동구,관악구,1646
2021-01-01,성동구,광진구,44992
2021-01-01,성동구,구로구,4959
2021-01-01,성동구,금천구,1652
2021-01-01,성동구,노원구,6732
2021-01-01,성동구,도봉구,7986
2021-01-01,성동구,동대문구,85382
2021-01-01,성동구,동작구,6568
2021-01-01,성동구,마포구,838
2021-01-01,성동구,서대문구,8190
2021-01-01,성동구,서초구,13218
2021-01-01,성동구,성동구,114475
2021-01-01,성동구,성북구,22823
2021-01-01,성동구,송파구,30115
2021-01-01,성동구,양천구,3834
2021-01-01,성동구,영등포구,9962
2021-01-01,성동구,용산구,16645
2021-01-01,성동구,은평구,7694
2021-01-01,성동구,종로구,19530
2021-01-01,성동구,중구,13843
2021-01-01,성동구,중랑구,16505
2021-01-01,성북구,강남구,17911
2021-01-01,성북구,강동구,13365
2021-01-01,성북구,강북구,62118
2021-01-01,성북구,강서구,5389
2021-01-01,성북구,관악구,1489
2021-01-01,성북구,광진구,9036
2021-01-01,성북구,구로구,6594
2021-01-01,성북구,금천구,762
2021-01-01,성북구,노원구,37060
2021-01-01,성북구,도봉구,33135
2021-01-01,성북구,동대문구,90340
2021-01-01,성북구,동작구,7952
2021-01-01,성북구,마포구,1754
2021-01-01,성북구,서대문구,10597
2021-01-01,성북구,서초구,7940
2021-01-01,성북구,성동구,11609
2021-01-01,성북구,성북구,287462
2021-01-01,성북구,송파구,14633
2021-01-01,성북구,양천구,3553
2021-01-01,성북구,영등포구,9894
2021-01-01,성북구,용산구,3982
2021-01-01,성북구,은평구,14003
2021-01-01,성북구,종로구,56900
2021-01-01,성북구,중구,10414
2021-01-01,성북구,중랑구,29240
2021-01-01,송파구,강남구,96227
2021-01-01,송파구,강동구,136805
2021-01-01,송파구,강북구,3595
2021-01-01,송파구,강서구,3893
2021-01-01,송파구,관악구,3645
2021-01-01,송파구,광진구,35536
2021-01-01,송파구,구로구,6198
2021-01-01,송파구,금천구,3091
2021-01-01,송파구,노원구,4337
2021-01-01,송파구,도봉구,4666
2021-01-01,송파구,동대문구,36969
2021-01-01,송파구,동작구,11494
2021-01-01,송파구,마포구,980
2021-01-01,송파구,서대문구,9946
2021-01-01,송파구,서초구,21839
2021-01-01,송파구,성동구,16477
2021-01-01,송파구,성북구,6699
2021-01-01,송파구,송파구,410949
2021-01-01,송파구,양천구,11478
2021-01-01,송파구,영등포구,11081
2021-01-01,송파구,용산구,3260
2021-01-01,송파구,은평구,8073
2021-01-01,송파구,종로구,23059
2021-01-01,송파구,중구,4858
2021-01-01,송파구,중랑구,22579
2021-01-01,양천구,강남구,18406
2021-01-01,양천구,강동구,11040
2021-01-01,양천구,강북구,961
2021-01-01,양천구,강서구,124069
2021-01-01,양천구,관악구,6459
2021-01-01,양천구,광진구,5087
2021-01-01,양천구,구로구,76971
2021-01-01,양천구,금천구,7222
2021-01-01,양천구,노원구,2697
2021-01-01,양천구,도봉구,4271
2021-01-01,양천구,동대문구,8598
2021-01-01,양천구,동작구,15419
2021-01-01,양천구,마포구,3084
2021-01-01,양천구,서대문구,39037
2021-01-01,양천구,서초구,9090
2021-01-01,양천구,성동구,1617
2021-01-01,양천구,성북구,4080
2021-01-01,양천구,송파구,13730
2021-01-01,양천구,양천구,195447
2021-01-01,양천구,영등포구,63476
2021-01-01,양천구,용산구,2162
2021-01-01,양천구,은평구,11299
2021-01-01,양천구,종로구,17950
2021-01-01,양천구,중구,2986
2021-01-01,양천구,중랑구,9359
2021-01-01,영등포구,강남구,21425
2021-01-01,영등포구,강동구,8503
2021-01-01,영등포구,강북구,2299
2021-01-01,영등포구,강서구,25707
2021-01-01,영등포구,관악구,13868
2021-01-01,영등포구,광진구,4785
2021-01-01,영등포구,구로구,76888
2021-01-01,영등포구,금천구,23291
2021-01-01,영등포구,노원구,2369
2021-01-01,영등포구,도봉구,3237
2021-01-01,영등포구,동대문구,10684
2021-01-01,영등포구,동작구,45696
2021-01-01,영등포구,마포구,3161
2021-01-01,영등포구,서대문구,26073
2021-01-01,영등포구,서초구,15323
2021-01-01,영등포구,성동구,2821
2021-01-01,영등포구,성북구,3645
2021-01-01,영등포구,송파구,16708
2021-01-01,영등포구,양천구,34312
2021-01-01,영등포구,영등포구,346568
2021-01-01,영등포구,용산구,2038
2021-01-01,영등포구,은평구,13105
2021-01-01,영등포구,종로구,20033
2021-01-01,영등포구,중구,3592
2021-01-01,영등포구,중랑구,13896
2021-01-01,용산구,강남구,25049
2021-01-01,용산구,강동구,11721
2021-01-01,용산구,강북구,4302
2021-01-01,용산구,강서구,8249
2021-01-01,용산구,관악구,5275
2021-01-01,용산구,광진구,6743
2021-01-01,용산구,구로구,12472
2021-01-01,용산구,금천구,4571
2021-01-01,용산구,노원구,3967
2021-01-01,용산구,도봉구,3138
2021-01-01,용산구,동대문구,20943
2021-01-01,용산구,동작구,25557
2021-01-01,용산구,마포구,7856
2021-01-01,용산구,서대문구,20460
2021-01-01,용산구,서초구,23182
2021-01-01,용산구,성동구,9473
2021-01-01,용산구,성북구,10393
2021-01-01,용산구,송파구,15912
2021-01-01,용산구,양천구,5860
2021-01-01,용산구,영등포구,42650
2021-01-01,용산구,용산구,46844
2021-01-01,용산구,은평구,13514
2021-01-01,용산구,종로구,29328
2021-01-01,용산구,중구,9895
2021-01-01,용산구,중랑구,7502
2021-01-01,은평구,강남구,13874
2021-01-01,은평구,강동구,12157
2021-01-01,은평구,강북구,4141
2021-01-01,은평구,강서구,12452
2021-01-01,은평구,관악구,3142
2021-01-01,은평구,광진구,7170
2021-01-01,은평구,구로구,10691
2021-01-01,은평구,금천구,1808
2021-01-01,은평구,노원구,3585
2021-01-01,은평구,도봉구,6674
2021-01-01,은평구,동대문구,19816
2021-01-01,은평구,동작구,9679
2021-01-01,은평구,마포구,10146
2021-01-01,은평구,서대문구,81403
2021-01-01,은평구,서초구,6987
2021-01-01,은평구,성동구,4788
2021-01-01,은평구,성북구,9734
2021-01-01,은평구,송파구,11726
2021-01-01,은평구,양천구,10243
2021-01-01,은평구,영등포구,19041
2021-01-01,은평구,용산구,3701
2021-01-01,은평구,은평구,436635
2021-01-01,은평구,종로구,88558
2021-01-01,은평구,중구,6966
2021-01-01,은평구,중랑구,14319
2021-01-01,종로구,강남구,13065
2021-01-01,종로구,강동구,6632
2021-01-01,종로구,강북구,6616
2021-01-01,종로구,강서구,2593
2021-01-01,종로구,관악구,507
2021-01-01,종로구,광진구,6490
2021-01-01,종로구,구로구,6941
2021-01-01,종로구,금천구,591
2021-01-01,종로구,노원구,4131
2021-01-01,종로구,도봉구,3467
2021-01-01,종로구,동대문구,27157
2021-01-01,종로구,동작구,3893
2021-01-01,종로구,마포구,2877
2021-01-01,종로구,서대문구,18362
2021-01-01,종로구,서초구,6683
2021-01-01,종로구,성동구,4640
2021-01-01,종로구,성북구,41301
2021-01-01,종로구,송파구,6729
2021-01-01,종로구,양천구,4100
2021-01-01,종로구,영등포구,11800
2021-01-01,종로구,용산구,2292
2021-01-01,종로구,은평구,20966
2021-01-01,종로구,종로구,54493
2021-01-01,종로구,중구,12056
2021-01-01,종로구,중랑구,8089
2021-01-01,중구,강남구,11777
2021-01-01,중구,강동구,5161
2021-01-01,중구,강북구,5308
2021-01-01,중구,강서구,2573
2021-01-01,중구,관악구,977
2021-01-01,중구,광진구,4764
2021-01-01,중구,구로구,5241
2021-01-01,중구,금천구,683
2021-01-01,중구,노원구,2555
2021-01-01,중구,도봉구,2825
2021-01-01,중구,동대문구,34791
2021-01-01,중구,동작구,5779
2021-01-01,중구,마포구,1674
2021-01-01,중구,서대문구,7733
2021-01-01,중구,서초구,6063
2021-01-01,중구,성동구,17777
2021-01-01,중구,성북구,19498
2021-01-01,중구,송파구,10035
2021-01-01,중구,양천구,3474
2021-01-01,중구,영등포구,11293
2021-01-01,중구,용산구,13707
2021-01-01,중구,은평구,9050
2021-01-01,중구,종로구,22865
2021-01-01,중구,중구,31041
2021-01-01,중구,중랑구,6896
2021-01-01,중랑구,강남구,21349
2021-01-01,중랑구,강동구,24678
2021-01-01,중랑구,강북구,9183
2021-01-01,중랑구,강서구,3681
2021-01-01,중랑구,관악구,1876
2021-01-01,중랑구,광진구,44549
2021-01-01,중랑구,구로구,5146
2021-01-01,중랑구,금천구,1824
2021-01-01,중랑구,노원구,70920
2021-01-01,중랑구,도봉구,13380
2021-01-01,중랑구,동대문구,179490
2021-01-01,중랑구,동작구,7705
2021-01-01,중랑구,마포구,260
2021-01-01,중랑구,서대문구,6870
2021-01-01,중랑구,서초구,9155
2021-01-01,중랑구,성동구,28879
2021-01-01,중랑구,성북구,33537
2021-01-01,중랑구,송파구,38721
2021-01-01,중랑구,양천구,3795
2021-01-01,중랑구,영등포구,6809
2021-01-01,중랑구,용산구,2977
2021-01-01,중랑구,은평구,8074
2021-01-01,중랑구,종로구,19881
2021-01-01,중랑구,중구,4768
2021-01-01,중랑구,중랑구,218174
2022-01-01,강남구,강남구,225295
2022-01-01,강남구,강동구,36540
2022-01-01,강남구,강북구,2973
2022-01-01,강남구,강서구,5234
2022-01-01,강남구,관악구,4526
2022-01-01,강남구,광진구,19152
2022-01-01,강남구,구로구,9921
2022-01-01,강남구,금천구,1607
2022-01-01,강남구,노원구,5170
2022-01-01,강남구,도봉구,5232
2022-01-01,강남구,동대문구,15636
2022-01-01,강남구,동작구,7289
2022-01-01,강남구,마포구,739
2022-01-01,강남구,서대문구,11327
2022-01-01,강남구,서초구,55807
2022-01-01,강남구,성동구,12955
2022-01-01,강남구,성북구,6682
2022-01-01,강남구,송파구,88312
2022-01-01,강남구,양천구,4767
2022-01-01,강남구,영등포구,16016
2022-01-01,강남구,용산구,9664
2022-01-01,강남구,은평구,4574
2022-01-01,강남구,종로구,18387
2022-01-01,강남구,중구,3939
2022-01-01,강남구,중랑구,11612
2022-01-01,강동구,강남구,29711
2022-01-01,강동구,강동구,368829
2022-01-01,강동구,강북구,3309
2022-01-01,강동구,강서구,2825
2022-01-01,강동구,관악구,1838
2022-01-01,강동구,광진구,18526
2022-01-01,강동구,구로구,3190
2022-01-01,강동구,금천구,1558
2022-01-01,강동구,노원구,3131
2022-01-01,강동구,도봉구,2866
2022-01-01,강동구,동대문구,23877
2022-01-01,강동구,동작구,3010
2022-01-01,강동구,마포구,804
2022-01-01,강동구,서대문구,4831
2022-01-01,강동구,서초구,9330
2022-01-01,강동구,성동구,12296
2022-01-01,강동구,성북구,5651
2022-01-01,강동구,송파구,123879
2022-01-01,강동구,양천구,1673
2022-01-01,강동구,영등포구,9357
2022-01-01,강동구,용산구,2392
2022-01-01,강동구,은평구,2768
2022-01-01,강동구,종로구,7835
2022-01-01,강동구,중구,1715
2022-01-01,강동구,중랑구,12196
2022-01-01,강북구,강남구,9939
2022-01-01,강북구,강동구,11904
2022-01-01,강북구,강북구,167743
2022-01-01,강북구,강서구,3417
2022-01-01,강북구,관악구,3760
2022-01-01,강북구,광진구,9016
2022-01-01,강북구,구로구,7289
2022-01-01,강북구,금천구,1441
2022-01-01,강북구,노원구,44477
2022-01-01,강북구,도봉구,121493
2022-01-01,강북구,동대문구,40048
2022-01-01,강북구,동작구,3450
2022-01-01,강북구,마포구,800
2022-01-01,강북구,서대문구,7869
2022-01-01,강북구,서초구,6104
2022-01-01,강북구,성동구,7055
2022-01-01,강북구,성북구,112497
2022-01-01,강북구,송파구,8738
2022-01-01,강북구,양천구,1835
2022-01-01,강북구,영등포구,9188
2022-01-01,강북구,용산구,2884
2022-01-01,강북구,은평구,6234
2022-01-01,강북구,종로구,41255
2022-01-01,강북구,중구,5323
2022-01-01,강북구,중랑구,19115
2022-01-01,강서구,강남구,17480
2022-01-01,강서구,강동구,10522
2022-01-01,강서구,강북구,1989
2022-01-01,강서구,강서구,428398
2022-01-01,강서구,관악구,3852
2022-01-01,강서구,광진구,6048
2022-01-01,강서구,구로구,46100
2022-01-01,강서구,금천구,6982
2022-01-01,강서구,노원구,3241
2022-01-01,강서구,도봉구,3946
2022-01-01,강서구,동대문구,10734
2022-01-01,강서구,동작구,12023
2022-01-01,강서구,마포구,4029
2022-01-01,강서구,서대문구,54327
2022-01-01,강서구,서초구,11024
2022-01-01,강서구,성동구,3361
2022-01-01,강서구,성북구,3931
2022-01-01,강서구,송파구,14018
2022-01-01,강서구,양천구,106522
2022-01-01,강서구,영등포구,76545
2022-01-01,강서구,용산구,3263
2022-01-01,강서구,은평구,9868
2022-01-01,강서구,종로구,20306
2022-01-01,강서구,중구,2311
2022-01-01,강서구,중랑구,4967
2022-01-01,관악구,강남구,32755
2022-01-01,관악구,강동구,13324
2022-01-01,관악구,강북구,2300
2022-01-01,관악구,강서구,12348
2022-01-01,관악구,관악구,226075
2022-01-01,관악구,광진구,8196
2022-01-01,관악구,구로구,71010
2022-01-01,관악구,금천구,58237
2022-01-01,관악구,노원구,4268
2022-01-01,관악구,도봉구,1698
2022-01-01,관악구,동대문구,5108
2022-01-01,관악구,동작구,122204
2022-01-01,관악구,마포구,906
2022-01-01,관악구,서대문구,14336
2022-01-01,관악구,서초구,34247
2022-01-01,관악구,성동구,3213
2022-01-01,관악구,성북구,4696
2022-01-01,관악구,송파구,18886
2022-01-01,관악구,양천구,10101
2022-01-01,관악구,영등포구,89577
2022-01-01,관악구,용산구,3029
2022-01-01,관악구,은평구,5555
2022-01-01,관악구,종로구,14768
2022-01-01,관악구,중구,3120
2022-01-01,관악구,중랑구,5397
2022-01-01,광진구,강남구,28465
2022-01-01,광진구,강동구,42772
2022-01-01,광진구,강북구,2531
2022-01-01,광진구,강서구,2231
2022-01-01,광진구,관악구,1213
2022-01-01,광진구,광진구,156550
2022-01-01,광진구,구로구,6366
2022-01-01,광진구,금천구,1813
2022-01-01,광진구,노원구,7693
2022-01-01,광진구,도봉구,4718
2022-01-01,광진구,동대문구,46458
2022-01-01,광진구,동작구,1876
2022-01-01,광진구,마포구,983
2022-01-01,광진구,서대문구,7253
2022-01-01,광진구,서초구,7743
2022-01-01,광진구,성동구,38322
2022-01-01,광진구,성북구,9396
2022-01-01,광진구,송파구,58136
2022-01-01,광진구,양천구,2232
2022-01-01,광진구,영등포구,8554
2022-01-01,광진구,용산구,2564
2022-01-01,광진구,은평구,1985
2022-01-01,광진구,종로구,9134
2022-01-01,광진구,중구,2979
2022-01-01,광진구,중랑구,19353
2022-01-01,구로구,강남구,16178
2022-01-01,구로구,강동구,7565
2022-01-01,구로구,강북구,935
2022-01-01,구로구,강서구,23985
2022-01-01,구로구,관악구,11463
2022-01-01,구로구,광진구,3783
2022-01-01,구로구,구로구,368487
2022-01-01,구로구,금천구,17586
2022-01-01,구로구,노원구,1436
2022-01-01,구로구,도봉구,1285
2022-01-01,구로구,동대문구,4680
2022-01-01,구로구,동작구,23064
2022-01-01,구로구,마포구,1672
2022-01-01,구로구,서대문구,16043
2022-01-01,구로구,서초구,11036
2022-01-01,구로구,성동구,2151
2022-01-01,구로구,성북구,2788
2022-01-01,구로구,송파구,11200
2022-01-01,구로구,양천구,36214
2022-01-01,구로구,영등포구,87223
2022-01-01,구로구,용산구,1624
2022-01-01,구로구,은평구,5817
2022-01-01,구로구,종로구,12817
2022-01-01,구로구,중구,2020
2022-01-01,구로구,중랑구,3622
2022-01-01,금천구,강남구,11170
2022-01-01,금천구,강동구,5151
2022-01-01,금천구,강북구,807
2022-01-01,금천구,강서구,8231
2022-01-01,금천구,관악구,18326
2022-01-01,금천구,광진구,2543
2022-01-01,금천구,구로구,80009
2022-01-01,금천구,금천구,165609
2022-01-01,금천구,노원구,1224
2022-01-01,금천구,도봉구,1652
2022-01-01,금천구,동대문구,3047
2022-01-01,금천구,동작구,27252
2022-01-01,금천구,마포구,472
2022-01-01,금천구,서대문구,7682
2022-01-01,금천구,서초구,6088
2022-01-01,금천구,성동구,1266
2022-01-01,금천구,성북구,2095
2022-01-01,금천구,송파구,8104
2022-01-01,금천구,양천구,8239
2022-01-01,금천구,영등포구,83137
2022-01-01,금천구,용산구,1253
2022-01-01,금천구,은평구,1046
2022-01-01,금천구,종로구,4743
2022-01-01,금천구,중구,1365
2022-01-01,금천구,중랑구,1467
2022-01-01,노원구,강남구,20562
2022-01-01,노원구,강동구,20948
2022-01-01,노원구,강북구,36311
2022-01-01,노원구,강서구,4746
2022-01-01,노원구,관악구,1330
2022-01-01,노원구,광진구,17629
2022-01-01,노원구,구로구,7861
2022-01-01,노원구,금천구,1596
2022-01-01,노원구,노원구,359725
2022-01-01,노원구,도봉구,68351
2022-01-01,노원구,동대문구,59467
2022-01-01,노원구,동작구,3947
2022-01-01,노원구,마포구,729
2022-01-01,노원구,서대문구,10783
2022-01-01,노원구,서초구,9673
2022-01-01,노원구,성동구,10898
2022-01-01,노원구,성북구,56885
2022-01-01,노원구,송파구,26692
2022-01-01,노원구,양천구,3197
2022-01-01,노원구,영등포구,9433
2022-01-01,노원구,용산구,3504
2022-01-01,노원구,은평구,7700
2022-01-01,노원구,종로구,34338
2022-01-01,노원구,중구,4693
2022-01-01,노원구,중랑구,54020
2022-01-01,도봉구,강남구,11955
2022-01-01,도봉구,강동구,11607
2022-01-01,도봉구,강북구,56522
2022-01-01,도봉구,강서구,2270
2022-01-01,도봉구,관악구,1013
2022-01-01,도봉구,광진구,9603
2022-01-01,도봉구,구로구,2214
2022-01-01,도봉구,금천구,124
2022-01-01,도봉구,노원구,85775
2022-01-01,도봉구,도봉구,202156
2022-01-01,도봉구,동대문구,27276
2022-01-01,도봉구,동작구,2789
2022-01-01,도봉구,마포구,1123
2022-01-01,도봉구,서대문구,6342
2022-01-01,도봉구,서초구,6027
2022-01-01,도봉구,성동구,6667
2022-01-01,도봉구,성북구,52401
2022-01-01,도봉구,송파구,14215
2022-01-01,도봉구,양천구,1432
2022-01-01,도봉구,영등포구,3792
2022-01-01,도봉구,용산구,2040
2022-01-01,도봉구,은평구,5503
2022-01-01,도봉구,종로구,31106
2022-01-01,도봉구,중구,3772
2022-01-01,도봉구,중랑구,16142
2022-01-01,동대문구,강남구,18652
2022-01-01,동대문구,강동구,21439
2022-01-01,동대문구,강북구,11149
2022-01-01,동대문구,강서구,2898
2022-01-01,동대문구,관악구,829
2022-01-01,동대문구,광진구,24636
2022-01-01,동대문구,구로구,6809
2022-01-01,동대문구,금천구,1074
2022-01-01,동대문구,노원구,18435
2022-01-01,동대문구,도봉구,8306
2022-01-01,동대문구,동대문구,315817
2022-01-01,동대문구,동작구,3113
2022-01-01,동대문구,마포구,1042
2022-01-01,동대문구,서대문구,9452
2022-01-01,동대문구,서초구,8000
2022-01-01,동대문구,성동구,42450
2022-01-01,동대문구,성북구,69909
2022-01-01,동대문구,송파구,23548
2022-01-01,동대문구,양천구,3102
2022-01-01,동대문구,영등포구,9808
2022-01-01,동대문구,용산구,3717
2022-01-01,동대문구,은평구,9218
2022-01-01,동대문구,종로구,23211
2022-01-01,동대문구,중구,6995
2022-01-01,동대문구,중랑구,33057
2022-01-01,동작구,강남구,31826
2022-01-01,동작구,강동구,11008
2022-01-01,동작구,강북구,1743
2022-01-01,동작구,강서구,11105
2022-01-01,동작구,관악구,51919
2022-01-01,동작구,광진구,7108
2022-01-01,동작구,구로구,41470
2022-01-01,동작구,금천구,13738
2022-01-01,동작구,노원구,2553
2022-01-01,동작구,도봉구,986
2022-01-01,동작구,동대문구,7647
2022-01-01,동작구,동작구,151551
2022-01-01,동작구,마포구,1543
2022-01-01,동작구,서대문구,11510
2022-01-01,동작구,서초구,51243
2022-01-01,동작구,성동구,3918
2022-01-01,동작구,성북구,3132
2022-01-01,동작구,송파구,16081
2022-01-01,동작구,양천구,8297
2022-01-01,동작구,영등포구,111731
2022-01-01,동작구,용산구,3974
2022-01-01,동작구,은평구,6750
2022-01-01,동작구,종로구,14958
2022-01-01,동작구,중구,2635
2022-01-01,동작구,중랑구,5346
2022-01-01,마포구,강남구,18446
2022-01-01,마포구,강동구,10021
2022-01-01,마포구,강북구,1833
2022-01-01,마포구,강서구,28396
2022-01-01,마포구,관악구,3667
2022-01-01,마포구,광진구,5476
2022-01-01,마포구,구로구,15903
2022-01-01,마포구,금천구,3647
2022-01-01,마포구,노원구,3519
2022-01-01,마포구,도봉구,2415
2022-01-01,마포구,동대문구,14232
2022-01-01,마포구,동작구,8006
2022-01-01,마포구,마포구,58820
2022-01-01,마포구,서대문구,98930
2022-01-01,마포구,서초구,9813
2022-01-01,마포구,성동구,4948
2022-01-01,마포구,성북구,5962
2022-01-01,마포구,송파구,9829
2022-01-01,마포구,양천구,15029
2022-01-01,마포구,영등포구,59368
2022-01-01,마포구,용산구,4942
2022-01-01,마포구,은평구,32372
2022-01-01,마포구,종로구,65429
2022-01-01,마포구,중구,5109
2022-01-01,마포구,중랑구,5461
2022-01-01,서대문구,강남구,10790
2022-01-01,서대문구,강동구,7674
2022-01-01,서대문구,강북구,3617
2022-01-01,서대문구,강서구,13494
2022-01-01,서대문구,관악구,1481
2022-01-01,서대문구,광진구,4836
2022-01-01,서대문구,구로구,10668
2022-01-01,서대문구,금천구,2599
2022-01-01,서대문구,노원구,2254
2022-01-01,서대문구,도봉구,3338
2022-01-01,서대문구,동대문구,11509
2022-01-01,서대문구,동작구,5105
2022-01-01,서대문구,마포구,15706
2022-01-01,서대문구,서대문구,173957
2022-01-01,서대문구,서초구,5899
2022-01-01,서대문구,성동구,3922
2022-01-01,서대문구,성북구,7531
2022-01-01,서대문구,송파구,6874
2022-01-01,서대문구,양천구,6189
2022-01-01,서대문구,영등포구,25847
2022-01-01,서대문구,용산구,4029
2022-01-01,서대문구,은평구,79462
2022-01-01,서대문구,종로구,89885
2022-01-01,서대문구,중구,4774
2022-01-01,서대문구,중랑구,4067
2022-01-01,서초구,강남구,102871
2022-01-01,서초구,강동구,13311
2022-01-01,서초구,강북구,1819
2022-01-01,서초구,강서구,8164
2022-01-01,서초구,관악구,14975
2022-01-01,서초구,광진구,8332
2022-01-01,서초구,구로구,12104
2022-01-01,서초구,금천구,2529
2022-01-01,서초구,노원구,2329
2022-01-01,서초구,도봉구,2182
2022-01-01,서초구,동대문구,12447
2022-01-01,서초구,동작구,17548
2022-01-01,서초구,마포구,1152
2022-01-01,서초구,서대문구,10788
2022-01-01,서초구,서초구,131634
2022-01-01,서초구,성동구,6388
2022-01-01,서초구,성북구,3878
2022-01-01,서초구,송파구,30285
2022-01-01,서초구,양천구,4033
2022-01-01,서초구,영등포구,19358
2022-01-01,서초구,용산구,10028
2022-01-01,서초구,은평구,3958
2022-01-01,서초구,종로구,16500
2022-01-01,서초구,중구,2269
2022-01-01,서초구,중랑구,5635
2022-01-01,성동구,강남구,37920
2022-01-01,성동구,강동구,21347
2022-01-01,성동구,강북구,3189
2022-01-01,성동구,강서구,4350
2022-01-01,성동구,관악구,1900
2022-01-01,성동구,광진구,37287
2022-01-01,성동구,구로구,3890
2022-01-01,성동구,금천구,2050
2022-01-01,성동구,노원구,6155
2022-01-01,성동구,도봉구,5278
2022-01-01,성동구,동대문구,71222
2022-01-01,성동구,동작구,4466
2022-01-01,성동구,마포구,1166
2022-01-01,성동구,서대문구,6968
2022-01-01,성동구,서초구,14826
2022-01-01,성동구,성동구,107097
2022-01-01,성동구,성북구,19093
2022-01-01,성동구,송파구,28079
2022-01-01,성동구,양천구,2325
2022-01-01,성동구,영등포구,9456
2022-01-01,성동구,용산구,17878
2022-01-01,성동구,은평구,4662
2022-01-01,성동구,종로구,18954
2022-01-01,성동구,중구,12004
2022-01-01,성동구,중랑구,13698
2022-01-01,성북구,강남구,19121
2022-01-01,성북구,강동구,12804
2022-01-01,성북구,강북구,61471
2022-01-01,성북구,강서구,5617
2022-01-01,성북구,관악구,1835
2022-01-01,성북구,광진구,11395
2022-01-01,성북구,구로구,8171
2022-01-01,성북구,금천구,1091
2022-01-01,성북구,노원구,37490
2022-01-01,성북구,도봉구,36567
2022-01-01,성북구,동대문구,79389
2022-01-01,성북구,동작구,4043
2022-01-01,성북구,마포구,1497
2022-01-01,성북구,서대문구,10992
2022-01-01,성북구,서초구,9278
2022-01-01,성북구,성동구,10451
2022-01-01,성북구,성북구,273157
2022-01-01,성북구,송파구,15006
2022-01-01,성북구,양천구,2144
2022-01-01,성북구,영등포구,11528
2022-01-01,성북구,용산구,4014
2022-01-01,성북구,은평구,11000
2022-01-01,성북구,종로구,60911
2022-01-01,성북구,중구,9532
2022-01-01,성북구,중랑구,23975
2022-01-01,송파구,강남구,103248
2022-01-01,송파구,강동구,144465
2022-01-01,송파구,강북구,3287
2022-01-01,송파구,강서구,4118
2022-01-01,송파구,관악구,4430
2022-01-01,송파구,광진구,31295
2022-01-01,송파구,구로구,6234
2022-01-01,송파구,금천구,2879
2022-01-01,송파구,노원구,3315
2022-01-01,송파구,도봉구,5388
2022-01-01,송파구,동대문구,21075
2022-01-01,송파구,동작구,4434
2022-01-01,송파구,마포구,890
2022-01-01,송파구,서대문구,9617
2022-01-01,송파구,서초구,23311
2022-01-01,송파구,성동구,13553
2022-01-01,송파구,성북구,7388
2022-01-01,송파구,송파구,364908
2022-01-01,송파구,양천구,3557
2022-01-01,송파구,영등포구,11007
2022-01-01,송파구,용산구,4456
2022-01-01,송파구,은평구,3629
2022-01-01,송파구,종로구,13880
2022-01-01,송파구,중구,3614
2022-01-01,송파구,중랑구,12475
2022-01-01,양천구,강남구,16298
2022-01-01,양천구,강동구,11337
2022-01-01,양천구,강북구,1514
2022-01-01,양천구,강서구,130006
2022-01-01,양천구,관악구,5048
2022-01-01,양천구,광진구,4480
2022-01-01,양천구,구로구,79440
2022-01-01,양천구,금천구,6560
2022-01-01,양천구,노원구,1869
2022-01-01,양천구,도봉구,1706
2022-01-01,양천구,동대문구,4576
2022-01-01,양천구,동작구,9306
2022-01-01,양천구,마포구,2748
2022-01-01,양천구,서대문구,34977
2022-01-01,양천구,서초구,10014
2022-01-01,양천구,성동구,1699
2022-01-01,양천구,성북구,3360
2022-01-01,양천구,송파구,10929
2022-01-01,양천구,양천구,185900
2022-01-01,양천구,영등포구,59697
2022-01-01,양천구,용산구,1700
2022-01-01,양천구,은평구,6681
2022-01-01,양천구,종로구,15181
2022-01-01,양천구,중구,2035
2022-01-01,양천구,중랑구,4880
2022-01-01,영등포구,강남구,21743
2022-01-01,영등포구,강동구,8043
2022-01-01,영등포구,강북구,2157
2022-01-01,영등포구,강서구,25915
2022-01-01,영등포구,관악구,12766
2022-01-01,영등포구,광진구,4320
2022-01-01,영등포구,구로구,87468
2022-01-01,영등포구,금천구,19681
2022-01-01,영등포구,노원구,1753
2022-01-01,영등포구,도봉구,1883
2022-01-01,영등포구,동대문구,5454
2022-01-01,영등포구,동작구,41009
2022-01-01,영등포구,마포구,2801
2022-01-01,영등포구,서대문구,26899
2022-01-01,영등포구,서초구,14752
2022-01-01,영등포구,성동구,1934
2022-01-01,영등포구,성북구,3070
2022-01-01,영등포구,송파구,13533
2022-01-01,영등포구,양천구,30847
2022-01-01,영등포구,영등포구,313934
2022-01-01,영등포구,용산구,2402
2022-01-01,영등포구,은평구,6253
2022-01-01,영등포구,종로구,13887
2022-01-01,영등포구,중구,2882
2022-01-01,영등포구,중랑구,3573
2022-01-01,용산구,강남구,26278
2022-01-01,용산구,강동구,10288
2022-01-01,용산구,강북구,3074
2022-01-01,용산구,강서구,12264
2022-01-01,용산구,관악구,3910
2022-01-01,용산구,광진구,5368
2022-01-01,용산구,구로구,10782
2022-01-01,용산구,금천구,3539
2022-01-01,용산구,노원구,3544
2022-01-01,용산구,도봉구,2663
2022-01-01,용산구,동대문구,14691
2022-01-01,용산구,동작구,19408
2022-01-01,용산구,마포구,7973
2022-01-01,용산구,서대문구,21066
2022-01-01,용산구,서초구,20675
2022-01-01,용산구,성동구,7609
2022-01-01,용산구,성북구,8511
2022-01-01,용산구,송파구,12419
2022-01-01,용산구,양천구,5093
2022-01-01,용산구,영등포구,41856
2022-01-01,용산구,용산구,47226
2022-01-01,용산구,은평구,7961
2022-01-01,용산구,종로구,28890
2022-01-01,용산구,중구,8185
2022-01-01,용산구,중랑구,4990
2022-01-01,은평구,강남구,13667
2022-01-01,은평구,강동구,10635
2022-01-01,은평구,강북구,3810
2022-01-01,은평구,강서구,13296
2022-01-01,은평구,관악구,2480
2022-01-01,은평구,광진구,5483
2022-01-01,은평구,구로구,11163
2022-01-01,은평구,금천구,1920
2022-01-01,은평구,노원구,4006
2022-01-01,은평구,도봉구,4672
2022-01-01,은평구,동대문구,21678
2022-01-01,은평구,동작구,6324
2022-01-01,은평구,마포구,10387
2022-01-01,은평구,서대문구,85114
2022-01-01,은평구,서초구,6876
2022-01-01,은평구,성동구,5264
2022-01-01,은평구,성북구,7691
2022-01-01,은평구,송파구,11857
2022-01-01,은평구,양천구,13158
2022-01-01,은평구,영등포구,18233
2022-01-01,은평구,용산구,4920
2022-01-01,은평구,은평구,400145
2022-01-01,은평구,종로구,92265
2022-01-01,은평구,중구,5794
2022-01-01,은평구,중랑구,7917
2022-01-01,종로구,강남구,14458
2022-01-01,종로구,강동구,7461
2022-01-01,종로구,강북구,6553
2022-01-01,종로구,강서구,2945
2022-01-01,종로구,관악구,484
2022-01-01,종로구,광진구,5225
2022-01-01,종로구,구로구,6602
2022-01-01,종로구,금천구,805
2022-01-01,종로구,노원구,4385
2022-01-01,종로구,도봉구,2312
2022-01-01,종로구,동대문구,21613
2022-01-01,종로구,동작구,2068
2022-01-01,종로구,마포구,2631
2022-01-01,종로구,서대문구,18921
2022-01-01,종로구,서초구,8230
2022-01-01,종로구,성동구,4715
2022-01-01,종로구,성북구,32423
2022-01-01,종로구,송파구,6135
2022-01-01,종로구,양천구,3005
2022-01-01,종로구,영등포구,9960
2022-01-01,종로구,용산구,3224
2022-01-01,종로구,은평구,17265
2022-01-01,종로구,종로구,58778
2022-01-01,종로구,중구,10665
2022-01-01,종로구,중랑구,5090
2022-01-01,중구,강남구,13423
2022-01-01,중구,강동구,5394
2022-01-01,중구,강북구,3528
2022-01-01,중구,강서구,3365
2022-01-01,중구,관악구,1856
2022-01-01,중구,광진구,4818
2022-01-01,중구,구로구,5277
2022-01-01,중구,금천구,411
2022-01-01,중구,노원구,3309
2022-01-01,중구,도봉구,2108
2022-01-01,중구,동대문구,31500
2022-01-01,중구,동작구,2655
2022-01-01,중구,마포구,1747
2022-01-01,중구,서대문구,10156
2022-01-01,중구,서초구,5102
2022-01-01,중구,성동구,14554
2022-01-01,중구,성북구,18322
2022-01-01,중구,송파구,8448
2022-01-01,중구,양천구,1813
2022-01-01,중구,영등포구,10952
2022-01-01,중구,용산구,14981
2022-01-01,중구,은평구,8423
2022-01-01,중구,종로구,23144
2022-01-01,중구,중구,28749
2022-01-01,중구,중랑구,3862
2022-01-01,중랑구,강남구,20245
2022-01-01,중랑구,강동구,26980
2022-01-01,중랑구,강북구,7970
2022-01-01,중랑구,강서구,3618
2022-01-01,중랑구,관악구,1769
2022-01-01,중랑구,광진구,44942
2022-01-01,중랑구,구로구,6490
2022-01-01,중랑구,금천구,1332
2022-01-01,중랑구,노원구,66133
2022-01-01,중랑구,도봉구,13364
2022-01-01,중랑구,동대문구,159278
2022-01-01,중랑구,동작구,3255
2022-01-01,중랑구,마포구,248
2022-01-01,중랑구,서대문구,6719
2022-01-01,중랑구,서초구,9617
2022-01-01,중랑구,성동구,27445
2022-01-01,중랑구,성북구,30447
2022-01-01,중랑구,송파구,36206
2022-01-01,중랑구,양천구,2007
2022-01-01,중랑구,영등포구,7123
2022-01-01,중랑구,용산구,3429
2022-01-01,중랑구,은평구,5827
2022-01-01,중랑구,종로구,15342
2022-01-01,중랑구,중구,3986
2022-01-01,중랑구,중랑구,236298
2023-01-01,강남구,강남구,220212
2023-01-01,강남구,강동구,34995
2023-01-01,강남구,강북구,2580
2023-01-01,강남구,강서구,5399
2023-01-01,강남구,관악구,5071
2023-01-01,강남구,광진구,19827
2023-01-01,강남구,구로구,8661
2023-01-01,강남구,금천구,1437
2023-01-01,강남구,노원구,4029
2023-01-01,강남구,도봉구,5141
2023-01-01,강남구,동대문구,18614
2023-01-01,강남구,동작구,6055
2023-01-01,강남구,마포구,1040
2023-01-01,강남구,서대문구,10206
2023-01-01,강남구,서초구,50482
2023-01-01,강남구,성동구,11757
2023-01-01,강남구,성북구,7873
2023-01-01,강남구,송파구,71152
2023-01-01,강남구,양천구,3823
2023-01-01,강남구,영등포구,13755
2023-01-01,강남구,용산구,11395
2023-01-01,강남구,은평구,4421
2023-01-01,강남구,종로구,18173
2023-01-01,강남구,중구,3304
2023-01-01,강남구,중랑구,11814
2023-01-01,강동구,강남구,24934
2023-01-01,강동구,강동구,370707
2023-01-01,강동구,강북구,1726
2023-01-01,강동구,강서구,2088
2023-01-01,강동구,관악구,701
2023-01-01,강동구,광진구,19721
2023-01-01,강동구,구로구,2280
2023-01-01,강동구,금천구,1427
2023-01-01,강동구,노원구,3154
2023-01-01,강동구,도봉구,2877
2023-01-01,강동구,동대문구,23535
2023-01-01,강동구,동작구,1964
2023-01-01,강동구,마포구,438
2023-01-01,강동구,서대문구,4419
2023-01-01,강동구,서초구,8760
2023-01-01,강동구,성동구,9399
2023-01-01,강동구,성북구,5423
2023-01-01,강동구,송파구,102844
2023-01-01,강동구,양천구,1657
2023-01-01,강동구,영등포구,8203
2023-01-01,강동구,용산구,1767
2023-01-01,강동구,은평구,2553
2023-01-01,강동구,종로구,8033
2023-01-01,강동구,중구,1554
2023-01-01,강동구,중랑구,12008
2023-01-01,강북구,강남구,9512
2023-01-01,강북구,강동구,8775
2023-01-01,강북구,강북구,169053
2023-01-01,강북구,강서구,3026
2023-01-01,강북구,관악구,1893
2023-01-01,강북구,광진구,5236
2023-01-01,강북구,구로구,5133
2023-01-01,강북구,금천구,1738
2023-01-01,강북구,노원구,40378
2023-01-01,강북구,도봉구,134074
2023-01-01,강북구,동대문구,39864
2023-01-01,강북구,동작구,2739
2023-01-01,강북구,마포구,635
2023-01-01,강북구,서대문구,6906
2023-01-01,강북구,서초구,6374
2023-01-01,강북구,성동구,6708
2023-01-01,강북구,성북구,114207
2023-01-01,강북구,송파구,7784
2023-01-01,강북구,양천구,2731
2023-01-01,강북구,영등포구,7209
2023-01-01,강북구,용산구,2576
2023-01-01,강북구,은평구,5066
2023-01-01,강북구,종로구,41955
2023-01-01,강북구,중구,5892
2023-01-01,강북구,중랑구,18566
2023-01-01,강서구,강남구,15427
2023-01-01,강서구,강동구,11520
2023-01-01,강서구,강북구,2092
2023-01-01,강서구,강서구,454096
2023-01-01,강서구,관악구,3403
2023-01-01,강서구,광진구,3879
2023-01-01,강서구,구로구,42426
2023-01-01,강서구,금천구,6435
2023-01-01,강서구,노원구,2927
2023-01-01,강서구,도봉구,2889
2023-01-01,강서구,동대문구,12365
2023-01-01,강서구,동작구,9875
2023-01-01,강서구,마포구,3985
2023-01-01,강서구,서대문구,47956
2023-01-01,강서구,서초구,10279
2023-01-01,강서구,성동구,2136
2023-01-01,강서구,성북구,4923
2023-01-01,강서구,송파구,10770
2023-01-01,강서구,양천구,115193
2023-01-01,강서구,영등포구,66386
2023-01-01,강서구,용산구,2688
2023-01-01,강서구,은평구,9047
2023-01-01,강서구,종로구,16067
2023-01-01,강서구,중구,2015
2023-01-01,강서구,중랑구,3170
2023-01-01,관악구,강남구,29929
2023-01-01,관악구,강동구,14400
2023-01-01,관악구,강북구,2001
2023-01-01,관악구,강서구,10270
2023-01-01,관악구,관악구,213945
2023-01-01,관악구,광진구,6375
2023-01-01,관악구,구로구,78099
2023-01-01,관악구,금천구,58488
2023-01-01,관악구,노원구,1559
2023-01-01,관악구,도봉구,1022
2023-01-01,관악구,동대문구,5729
2023-01-01,관악구,동작구,135298
2023-01-01,관악구,마포구,1070
2023-01-01,관악구,서대문구,12339
2023-01-01,관악구,서초구,34220
2023-01-01,관악구,성동구,2818
2023-01-01,관악구,성북구,3259
2023-01-01,관악구,송파구,13905
2023-01-01,관악구,양천구,12041
2023-01-01,관악구,영등포구,84743
2023-01-01,관악구,용산구,2871
2023-01-01,관악구,은평구,4774
2023-01-01,관악구,종로구,13282
2023-01-01,관악구,중구,2040
2023-01-01,관악구,중랑구,4086
2023-01-01,광진구,강남구,26727
2023-01-01,광진구,강동구,35105
2023-01-01,광진구,강북구,2532
2023-01-01,광진구,강서구,2386
2023-01-01,광진구,관악구,1006
2023-01-01,광진구,광진구,190746
2023-01-01,광진구,구로구,3265
2023-01-01,광진구,금천구,2048
2023-01-01,광진구,노원구,6636
2023-01-01,광진구,도봉구,3752
2023-01-01,광진구,동대문구,38778
2023-01-01,광진구,동작구,1781
2023-01-01,광진구,마포구,1110
2023-01-01,광진구,서대문구,4869
2023-01-01,광진구,서초구,7094
2023-01-01,광진구,성동구,41719
2023-01-01,광진구,성북구,9066
2023-01-01,광진구,송파구,47944
2023-01-01,광진구,양천구,1658
2023-01-01,광진구,영등포구,6443
2023-01-01,광진구,용산구,2278
2023-01-01,광진구,은평구,2743
2023-01-01,광진구,종로구,7690
2023-01-01,광진구,중구,2824
2023-01-01,광진구,중랑구,24221
2023-01-01,구로구,강남구,15258
2023-01-01,구로구,강동구,7008
2023-01-01,구로구,강북구,1059
2023-01-01,구로구,강서구,20907
2023-01-01,구로구,관악구,10610
2023-01-01,구로구,광진구,2528
2023-01-01,구로구,구로구,398380
2023-01-01,구로구,금천구,18951
2023-01-01,구로구,노원구,1113
2023-01-01,구로구,도봉구,1033
2023-01-01,구로구,동대문구,3746
2023-01-01,구로구,동작구,22113
2023-01-01,구로구,마포구,1815
2023-01-01,구로구,서대문구,15643
2023-01-01,구로구,서초구,9649
2023-01-01,구로구,성동구,2511
2023-01-01,구로구,성북구,2430
2023-01-01,구로구,송파구,8852
2023-01-01,구로구,양천구,37160
2023-01-01,구로구,영등포구,87645
2023-01-01,구로구,용산구,1367
2023-01-01,구로구,은평구,2970
2023-01-01,구로구,종로구,10830
2023-01-01,구로구,중구,1222
2023-01-01,구로구,중랑구,2686
2023-01-01,금천구,강남구,9019
2023-01-01,금천구,강동구,4430
2023-01-01,금천구,강북구,1131
2023-01-01,금천구,강서구,6414
2023-01-01,금천구,관악구,17804
2023-01-01,금천구,광진구,1895
2023-01-01,금천구,구로구,81127
2023-01-01,금천구,금천구,179371
2023-01-01,금천구,노원구,495
2023-01-01,금천구,도봉구,1042
2023-01-01,금천구,동대문구,2607
2023-01-01,금천구,동작구,29463
2023-01-01,금천구,마포구,1225
2023-01-01,금천구,서대문구,6858
2023-01-01,금천구,서초구,5896
2023-01-01,금천구,성동구,1374
2023-01-01,금천구,성북구,1386
2023-01-01,금천구,송파구,5767
2023-01-01,금천구,양천구,7700
2023-01-01,금천구,영등포구,77988
2023-01-01,금천구,용산구,1263
2023-01-01,금천구,은평구,990
2023-01-01,금천구,종로구,4774
2023-01-01,금천구,중구,540
2023-01-01,금천구,중랑구,1845
2023-01-01,노원구,강남구,19918
2023-01-01,노원구,강동구,22084
2023-01-01,노원구,강북구,33643
2023-01-01,노원구,강서구,3379
2023-01-01,노원구,관악구,1703
2023-01-01,노원구,광진구,13419
2023-01-01,노원구,구로구,8152
2023-01-01,노원구,금천구,1254
2023-01-01,노원구,노원구,366475
2023-01-01,노원구,도봉구,75321
2023-01-01,노원구,동대문구,59382
2023-01-01,노원구,동작구,1997
2023-01-01,노원구,마포구,693
2023-01-01,노원구,서대문구,9006
2023-01-01,노원구,서초구,8992
2023-01-01,노원구,성동구,11863
2023-01-01,노원구,성북구,55396
2023-01-01,노원구,송파구,19713
2023-01-01,노원구,양천구,3541
2023-01-01,노원구,영등포구,7793
2023-01-01,노원구,용산구,2912
2023-01-01,노원구,은평구,6942
2023-01-01,노원구,종로구,31873
2023-01-01,노원구,중구,3855
2023-01-01,노원구,중랑구,60583
2023-01-01,도봉구,강남구,9479
2023-01-01,도봉구,강동구,13765
2023-01-01,도봉구,강북구,52326
2023-01-01,도봉구,강서구,2199
2023-01-01,도봉구,관악구,1083
2023-01-01,도봉구,광진구,7473
2023-01-01,도봉구,구로구,1444
2023-01-01,도봉구,금천구,478
2023-01-01,도봉구,노원구,79446
2023-01-01,도봉구,도봉구,226685
2023-01-01,도봉구,동대문구,27630
2023-01-01,도봉구,동작구,2422
2023-01-01,도봉구,마포구,969
2023-01-01,도봉구,서대문구,5411
2023-01-01,도봉구,서초구,4268
2023-01-01,도봉구,성동구,6346
2023-01-01,도봉구,성북구,53493
2023-01-01,도봉구,송파구,9791
2023-01-01,도봉구,양천구,1252
2023-01-01,도봉구,영등포구,2846
2023-01-01,도봉구,용산구,2106
2023-01-01,도봉구,은평구,3893
2023-01-01,도봉구,종로구,28762
2023-01-01,도봉구,중구,3431
2023-01-01,도봉구,중랑구,13383
2023-01-01,동대문구,강남구,17401
2023-01-01,동대문구,강동구,21674
2023-01-01,동대문구,강북구,11786
2023-01-01,동대문구,강서구,3174
2023-01-01,동대문구,관악구,1225
2023-01-01,동대문구,광진구,23923
2023-01-01,동대문구,구로구,5484
2023-01-01,동대문구,금천구,457
2023-01-01,동대문구,노원구,16196
2023-01-01,동대문구,도봉구,6741
2023-01-01,동대문구,동대문구,324585
2023-01-01,동대문구,동작구,1609
2023-01-01,동대문구,마포구,1073
2023-01-01,동대문구,서대문구,8103
2023-01-01,동대문구,서초구,7430
2023-01-01,동대문구,성동구,44074
2023-01-01,동대문구,성북구,77583
2023-01-01,동대문구,송파구,16745
2023-01-01,동대문구,양천구,3316
2023-01-01,동대문구,영등포구,6333
2023-01-01,동대문구,용산구,2658
2023-01-01,동대문구,은평구,8059
2023-01-01,동대문구,종로구,19661
2023-01-01,동대문구,중구,7191
2023-01-01,동대문구,중랑구,33431
2023-01-01,동작구,강남구,33641
2023-01-01,동작구,강동구,12883
2023-01-01,동작구,강북구,1293
2023-01-01,동작구,강서구,9516
2023-01-01,동작구,관악구,42133
2023-01-01,동작구,광진구,5305
2023-01-01,동작구,구로구,39080
2023-01-01,동작구,금천구,15769
2023-01-01,동작구,노원구,1593
2023-01-01,동작구,도봉구,1382
2023-01-01,동작구,동대문구,5791
2023-01-01,동작구,동작구,158534
2023-01-01,동작구,마포구,1599
2023-01-01,동작구,서대문구,9872
2023-01-01,동작구,서초구,53597
2023-01-01,동작구,성동구,3218
2023-01-01,동작구,성북구,5261
2023-01-01,동작구,송파구,13281
2023-01-01,동작구,양천구,8888
2023-01-01,동작구,영등포구,111471
2023-01-01,동작구,용산구,4415
2023-01-01,동작구,은평구,4302
2023-01-01,동작구,종로구,13827
2023-01-01,동작구,중구,2157
2023-01-01,동작구,중랑구,5305
2023-01-01,마포구,강남구,13916
2023-01-01,마포구,강동구,8931
2023-01-01,마포구,강북구,2666
2023-01-01,마포구,강서구,26588
2023-01-01,마포구,관악구,2492
2023-01-01,마포구,광진구,2392
2023-01-01,마포구,구로구,15476
2023-01-01,마포구,금천구,3072
2023-01-01,마포구,노원구,2726
2023-01-01,마포구,도봉구,1791
2023-01-01,마포구,동대문구,14306
2023-01-01,마포구,동작구,7254
2023-01-01,마포구,마포구,66068
2023-01-01,마포구,서대문구,98748
2023-01-01,마포구,서초구,9871
2023-01-01,마포구,성동구,5624
2023-01-01,마포구,성북구,6974
2023-01-01,마포구,송파구,6600
2023-01-01,마포구,양천구,17063
2023-01-01,마포구,영등포구,55281
2023-01-01,마포구,용산구,5521
2023-01-01,마포구,은평구,28813
2023-01-01,마포구,종로구,51913
2023-01-01,마포구,중구,4729
2023-01-01,마포구,중랑구,3633
2023-01-01,서대문구,강남구,9428
2023-01-01,서대문구,강동구,6101
2023-01-01,서대문구,강북구,2332
2023-01-01,서대문구,강서구,9555
2023-01-01,서대문구,관악구,1619
2023-01-01,서대문구,광진구,2854
2023-01-01,서대문구,구로구,7649
2023-01-01,서대문구,금천구,1374
2023-01-01,서대문구,노원구,2812
2023-01-01,서대문구,도봉구,3118
2023-01-01,서대문구,동대문구,9676
2023-01-01,서대문구,동작구,3041
2023-01-01,서대문구,마포구,15614
2023-01-01,서대문구,서대문구,182134
2023-01-01,서대문구,서초구,5280
2023-01-01,서대문구,성동구,2987
2023-01-01,서대문구,성북구,8315
2023-01-01,서대문구,송파구,5493
2023-01-01,서대문구,양천구,6717
2023-01-01,서대문구,영등포구,27284
2023-01-01,서대문구,용산구,3204
2023-01-01,서대문구,은평구,78864
2023-01-01,서대문구,종로구,77161
2023-01-01,서대문구,중구,3510
2023-01-01,서대문구,중랑구,3219
2023-01-01,서초구,강남구,101533
2023-01-01,서초구,강동구,15463
2023-01-01,서초구,강북구,2001
2023-01-01,서초구,강서구,6044
2023-01-01,서초구,관악구,11188
2023-01-01,서초구,광진구,7629
2023-01-01,서초구,구로구,11586
2023-01-01,서초구,금천구,2436
2023-01-01,서초구,노원구,1868
2023-01-01,서초구,도봉구,1770
2023-01-01,서초구,동대문구,11367
2023-01-01,서초구,동작구,16793
2023-01-01,서초구,마포구,797
2023-01-01,서초구,서대문구,9179
2023-01-01,서초구,서초구,137392
2023-01-01,서초구,성동구,6051
2023-01-01,서초구,성북구,5266
2023-01-01,서초구,송파구,23803
2023-01-01,서초구,양천구,3591
2023-01-01,서초구,영등포구,24804
2023-01-01,서초구,용산구,10783
2023-01-01,서초구,은평구,3479
2023-01-01,서초구,종로구,15820
2023-01-01,서초구,중구,2032
2023-01-01,서초구,중랑구,4359
2023-01-01,성동구,강남구,34803
2023-01-01,성동구,강동구,20290
2023-01-01,성동구,강북구,3833
2023-01-01,성동구,강서구,2689
2023-01-01,성동구,관악구,662
2023-01-01,성동구,광진구,38855
2023-01-01,성동구,구로구,2722
2023-01-01,성동구,금천구,2082
2023-01-01,성동구,노원구,4795
2023-01-01,성동구,도봉구,4160
2023-01-01,성동구,동대문구,70936
2023-01-01,성동구,동작구,2247
2023-01-01,성동구,마포구,789
2023-01-01,성동구,서대문구,5658
2023-01-01,성동구,서초구,13178
2023-01-01,성동구,성동구,107305
2023-01-01,성동구,성북구,22051
2023-01-01,성동구,송파구,20592
2023-01-01,성동구,양천구,3157
2023-01-01,성동구,영등포구,5838
2023-01-01,성동구,용산구,18395
2023-01-01,성동구,은평구,3888
2023-01-01,성동구,종로구,17917
2023-01-01,성동구,중구,12933
2023-01-01,성동구,중랑구,10735
2023-01-01,성북구,강남구,15201
2023-01-01,성북구,강동구,15632
2023-01-01,성북구,강북구,61720
2023-01-01,성북구,강서구,3700
2023-01-01,성북구,관악구,1233
2023-01-01,성북구,광진구,7964
2023-01-01,성북구,구로구,6555
2023-01-01,성북구,금천구,972
2023-01-01,성북구,노원구,35581
2023-01-01,성북구,도봉구,36814
2023-01-01,성북구,동대문구,76438
2023-01-01,성북구,동작구,2180
2023-01-01,성북구,마포구,1705
2023-01-01,성북구,서대문구,9544
2023-01-01,성북구,서초구,7729
2023-01-01,성북구,성동구,10405
2023-01-01,성북구,성북구,296132
2023-01-01,성북구,송파구,11404
2023-01-01,성북구,양천구,1919
2023-01-01,성북구,영등포구,8422
2023-01-01,성북구,용산구,3606
2023-01-01,성북구,은평구,9352
2023-01-01,성북구,종로구,58731
2023-01-01,성북구,중구,9380
2023-01-01,성북구,중랑구,24618
2023-01-01,송파구,강남구,102592
2023-01-01,송파구,강동구,146043
2023-01-01,송파구,강북구,3776
2023-01-01,송파구,강서구,3647
2023-01-01,송파구,관악구,3382
2023-01-01,송파구,광진구,28927
2023-01-01,송파구,구로구,4431
2023-01-01,송파구,금천구,2210
2023-01-01,송파구,노원구,2302
2023-01-01,송파구,도봉구,2337
2023-01-01,송파구,동대문구,20474
2023-01-01,송파구,동작구,3687
2023-01-01,송파구,마포구,659
2023-01-01,송파구,서대문구,7834
2023-01-01,송파구,서초구,20568
2023-01-01,송파구,성동구,12510
2023-01-01,송파구,성북구,7869
2023-01-01,송파구,송파구,329602
2023-01-01,송파구,양천구,2515
2023-01-01,송파구,영등포구,9746
2023-01-01,송파구,용산구,3384
2023-01-01,송파구,은평구,3681
2023-01-01,송파구,종로구,12392
2023-01-01,송파구,중구,2702
2023-01-01,송파구,중랑구,10457
2023-01-01,양천구,강남구,12722
2023-01-01,양천구,강동구,9102
2023-01-01,양천구,강북구,614
2023-01-01,양천구,강서구,129973
2023-01-01,양천구,관악구,4396
2023-01-01,양천구,광진구,3605
2023-01-01,양천구,구로구,78020
2023-01-01,양천구,금천구,5892
2023-01-01,양천구,노원구,1847
2023-01-01,양천구,도봉구,1387
2023-01-01,양천구,동대문구,5172
2023-01-01,양천구,동작구,9429
2023-01-01,양천구,마포구,2453
2023-01-01,양천구,서대문구,33884
2023-01-01,양천구,서초구,9898
2023-01-01,양천구,성동구,1718
2023-01-01,양천구,성북구,4434
2023-01-01,양천구,송파구,8792
2023-01-01,양천구,양천구,217674
2023-01-01,양천구,영등포구,52428
2023-01-01,양천구,용산구,1797
2023-01-01,양천구,은평구,7224
2023-01-01,양천구,종로구,14087
2023-01-01,양천구,중구,1407
2023-01-01,양천구,중랑구,4208
2023-01-01,영등포구,강남구,18605
2023-01-01,영등포구,강동구,8226
2023-01-01,영등포구,강북구,1941
2023-01-01,영등포구,강서구,23243
2023-01-01,영등포구,관악구,11098
2023-01-01,영등포구,광진구,2977
2023-01-01,영등포구,구로구,94863
2023-01-01,영등포구,금천구,16239
2023-01-01,영등포구,노원구,1735
2023-01-01,영등포구,도봉구,2526
2023-01-01,영등포구,동대문구,4627
2023-01-01,영등포구,동작구,41006
2023-01-01,영등포구,마포구,2570
2023-01-01,영등포구,서대문구,24715
2023-01-01,영등포구,서초구,14840
2023-01-01,영등포구,성동구,2177
2023-01-01,영등포구,성북구,3509
2023-01-01,영등포구,송파구,9177
2023-01-01,영등포구,양천구,35174
2023-01-01,영등포구,영등포구,340256
2023-01-01,영등포구,용산구,2131
2023-01-01,영등포구,은평구,5909
2023-01-01,영등포구,종로구,13181
2023-01-01,영등포구,중구,2191
2023-01-01,영등포구,중랑구,4158
2023-01-01,용산구,강남구,24510
2023-01-01,용산구,강동구,10106
2023-01-01,용산구,강북구,2764
2023-01-01,용산구,강서구,8627
2023-01-01,용산구,관악구,2931
2023-01-01,용산구,광진구,2859
2023-01-01,용산구,구로구,10008
2023-01-01,용산구,금천구,2696
2023-01-01,용산구,노원구,3754
2023-01-01,용산구,도봉구,2804
2023-01-01,용산구,동대문구,15464
2023-01-01,용산구,동작구,19301
2023-01-01,용산구,마포구,9505
2023-01-01,용산구,서대문구,21862
2023-01-01,용산구,서초구,17657
2023-01-01,용산구,성동구,6419
2023-01-01,용산구,성북구,11415
2023-01-01,용산구,송파구,9370
2023-01-01,용산구,양천구,4070
2023-01-01,용산구,영등포구,41413
2023-01-01,용산구,용산구,47877
2023-01-01,용산구,은평구,8241
2023-01-01,용산구,종로구,26903
2023-01-01,용산구,중구,7576
2023-01-01,용산구,중랑구,4222
2023-01-01,은평구,강남구,10756
2023-01-01,은평구,강동구,10778
2023-01-01,은평구,강북구,2308
2023-01-01,은평구,강서구,13642
2023-01-01,은평구,관악구,1764
2023-01-01,은평구,광진구,3166
2023-01-01,은평구,구로구,8417
2023-01-01,은평구,금천구,2650
2023-01-01,은평구,노원구,1887
2023-01-01,은평구,도봉구,5543
2023-01-01,은평구,동대문구,23452
2023-01-01,은평구,동작구,4513
2023-01-01,은평구,마포구,9081
2023-01-01,은평구,서대문구,77228
2023-01-01,은평구,서초구,6274
2023-01-01,은평구,성동구,4361
2023-01-01,은평구,성북구,9129
2023-01-01,은평구,송파구,8099
2023-01-01,은평구,양천구,12285
2023-01-01,은평구,영등포구,15660
2023-01-01,은평구,용산구,2852
2023-01-01,은평구,은평구,409216
2023-01-01,은평구,종로구,71525
2023-01-01,은평구,중구,3475
2023-01-01,은평구,중랑구,8100
2023-01-01,종로구,강남구,10697
2023-01-01,종로구,강동구,6200
2023-01-01,종로구,강북구,9525
2023-01-01,종로구,강서구,2393
2023-01-01,종로구,관악구,707
2023-01-01,종로구,광진구,3395
2023-01-01,종로구,구로구,6062
2023-01-01,종로구,금천구,1220
2023-01-01,종로구,노원구,3717
2023-01-01,종로구,도봉구,2981
2023-01-01,종로구,동대문구,22532
2023-01-01,종로구,동작구,1527
2023-01-01,종로구,마포구,2514
2023-01-01,종로구,서대문구,20371
2023-01-01,종로구,서초구,6720
2023-01-01,종로구,성동구,4075
2023-01-01,종로구,성북구,34364
2023-01-01,종로구,송파구,3559
2023-01-01,종로구,양천구,1139
2023-01-01,종로구,영등포구,7816
2023-01-01,종로구,용산구,2160
2023-01-01,종로구,은평구,17653
2023-01-01,종로구,종로구,50878
2023-01-01,종로구,중구,12907
2023-01-01,종로구,중랑구,4876
2023-01-01,중구,강남구,11836
2023-01-01,중구,강동구,6141
2023-01-01,중구,강북구,3272
2023-01-01,중구,강서구,2935
2023-01-01,중구,관악구,1196
2023-01-01,중구,광진구,4051
2023-01-01,중구,구로구,4472
2023-01-01,중구,금천구,749
2023-01-01,중구,노원구,2555
2023-01-01,중구,도봉구,2436
2023-01-01,중구,동대문구,32443
2023-01-01,중구,동작구,2381
2023-01-01,중구,마포구,1119
2023-01-01,중구,서대문구,9991
2023-01-01,중구,서초구,4829
2023-01-01,중구,성동구,14259
2023-01-01,중구,성북구,17950
2023-01-01,중구,송파구,5646
2023-01-01,중구,양천구,2158
2023-01-01,중구,영등포구,10925
2023-01-01,중구,용산구,15033
2023-01-01,중구,은평구,7541
2023-01-01,중구,종로구,20859
2023-01-01,중구,중구,32619
2023-01-01,중구,중랑구,5051
2023-01-01,중랑구,강남구,17272
2023-01-01,중랑구,강동구,24440
2023-01-01,중랑구,강북구,8336
2023-01-01,중랑구,강서구,3577
2023-01-01,중랑구,관악구,1330
2023-01-01,중랑구,광진구,44936
2023-01-01,중랑구,구로구,4274
2023-01-01,중랑구,금천구,612
2023-01-01,중랑구,노원구,64224
2023-01-01,중랑구,도봉구,13650
2023-01-01,중랑구,동대문구,154690
2023-01-01,중랑구,동작구,1628
2023-01-01,중랑구,마포구,328
2023-01-01,중랑구,서대문구,7132
2023-01-01,중랑구,서초구,7849
2023-01-01,중랑구,성동구,25195
2023-01-01,중랑구,성북구,28583
2023-01-01,중랑구,송파구,28408
2023-01-01,중랑구,양천구,2067
2023-01-01,중랑구,영등포구,5908
2023-01-01,중랑구,용산구,2726
2023-01-01,중랑구,은평구,4711
2023-01-01,중랑구,종로구,14626
2023-01-01,중랑구,중구,3101
2023-01-01,중랑구,중랑구,263608
2024-01-01,강남구,강남구,222143
2024-01-01,강남구,강동구,37188
2024-01-01,강남구,강북구,1569
2024-01-01,강남구,강서구,4931
2024-01-01,강남구,관악구,4367
2024-01-01,강남구,광진구,21177
2024-01-01,강남구,구로구,9524
2024-01-01,강남구,금천구,2414
2024-01-01,강남구,노원구,3468
2024-01-01,강남구,도봉구,4529
2024-01-01,강남구,동대문구,19453
2024-01-01,강남구,동작구,5396
2024-01-01,강남구,마포구,916
2024-01-01,강남구,서대문구,9234
2024-01-01,강남구,서초구,51527
2024-01-01,강남구,성동구,11964
2024-01-01,강남구,성북구,7510
2024-01-01,강남구,송파구,65479
2024-01-01,강남구,양천구,3756
2024-01-01,강남구,영등포구,14022
2024-01-01,강남구,용산구,9788
2024-01-01,강남구,은평구,4509
2024-01-01,강남구,종로구,14170
2024-01-01,강남구,중구,2456
2024-01-01,강남구,중랑구,11117
2024-01-01,강동구,강남구,23811
2024-01-01,강동구,강동구,362580
2024-01-01,강동구,강북구,1212
2024-01-01,강동구,강서구,2865
2024-01-01,강동구,관악구,823
2024-01-01,강동구,광진구,22513
2024-01-01,강동구,구로구,3266
2024-01-01,강동구,금천구,1563
2024-01-01,강동구,노원구,3640
2024-01-01,강동구,도봉구,3681
2024-01-01,강동구,동대문구,25228
2024-01-01,강동구,동작구,1472
2024-01-01,강동구,마포구,383
2024-01-01,강동구,서대문구,3791
2024-01-01,강동구,서초구,8871
2024-01-01,강동구,성동구,10129
2024-01-01,강동구,성북구,4163
2024-01-01,강동구,송파구,72633
2024-01-01,강동구,양천구,1585
2024-01-01,강동구,영등포구,6971
2024-01-01,강동구,용산구,1686
2024-01-01,강동구,은평구,2243
2024-01-01,강동구,종로구,6874
2024-01-01,강동구,중구,1619
2024-01-01,강동구,중랑구,10934
2024-01-01,강북구,강남구,8330
2024-01-01,강북구,강동구,7807
2024-01-01,강북구,강북구,181723
2024-01-01,강북구,강서구,2748
2024-01-01,강북구,관악구,1251
2024-01-01,강북구,광진구,6474
2024-01-01,강북구,구로구,3976
2024-01-01,강북구,금천구,1839
2024-01-01,강북구,노원구,32985
2024-01-01,강북구,도봉구,136248
2024-01-01,강북구,동대문구,42057
2024-01-01,강북구,동작구,2491
2024-01-01,강북구,마포구,715
2024-01-01,강북구,서대문구,5210
2024-01-01,강북구,서초구,6313
2024-01-01,강북구,성동구,5659
2024-01-01,강북구,성북구,100236
2024-01-01,강북구,송파구,6151
2024-01-01,강북구,양천구,2415
2024-01-01,강북구,영등포구,6775
2024-01-01,강북구,용산구,2458
2024-01-01,강북구,은평구,4624
2024-01-01,강북구,종로구,30681
2024-01-01,강북구,중구,3826
2024-01-01,강북구,중랑구,16450
2024-01-01,강서구,강남구,13542
2024-01-01,강서구,강동구,9207
2024-01-01,강서구,강북구,1629
2024-01-01,강서구,강서구,476153
2024-01-01,강서구,관악구,3580
2024-01-01,강서구,광진구,3831
2024-01-01,강서구,구로구,41619
2024-01-01,강서구,금천구,7421
2024-01-01,강서구,노원구,3348
2024-01-01,강서구,도봉구,2875
2024-01-01,강서구,동대문구,10907
2024-01-01,강서구,동작구,8530
2024-01-01,강서구,마포구,3431
2024-01-01,강서구,서대문구,33651
2024-01-01,강서구,서초구,8240
2024-01-01,강서구,성동구,2144
2024-01-01,강서구,성북구,3970
2024-01-01,강서구,송파구,8167
2024-01-01,강서구,양천구,119654
2024-01-01,강서구,영등포구,62714
2024-01-01,강서구,용산구,2161
2024-01-01,강서구,은평구,10530
2024-01-01,강서구,종로구,12512
2024-01-01,강서구,중구,1394
2024-01-01,강서구,중랑구,3004
2024-01-01,관악구,강남구,28073
2024-01-01,관악구,강동구,13343
2024-01-01,관악구,강북구,761
2024-01-01,관악구,강서구,12471
2024-01-01,관악구,관악구,219499
2024-01-01,관악구,광진구,6806
2024-01-01,관악구,구로구,96791
2024-01-01,관악구,금천구,60749
2024-01-01,관악구,노원구,1147
2024-01-01,관악구,도봉구,1498
2024-01-01,관악구,동대문구,5490
2024-01-01,관악구,동작구,103531
2024-01-01,관악구,마포구,960
2024-01-01,관악구,서대문구,7753
2024-01-01,관악구,서초구,34510
2024-01-01,관악구,성동구,2664
2024-01-01,관악구,성북구,4308
2024-01-01,관악구,송파구,11028
2024-01-01,관악구,양천구,10116
2024-01-01,관악구,영등포구,80392
2024-01-01,관악구,용산구,2813
2024-01-01,관악구,은평구,5096
2024-01-01,관악구,종로구,9990
2024-01-01,관악구,중구,1258
2024-01-01,관악구,중랑구,4843
2024-01-01,광진구,강남구,25380
2024-01-01,광진구,강동구,37162
2024-01-01,광진구,강북구,1880
2024-01-01,광진구,강서구,3033
2024-01-01,광진구,관악구,1369
2024-01-01,광진구,광진구,195067
2024-01-01,광진구,구로구,2916
2024-01-01,광진구,금천구,2170
2024-01-01,광진구,노원구,5920
2024-01-01,광진구,도봉구,4829
2024-01-01,광진구,동대문구,40704
2024-01-01,광진구,동작구,1855
2024-01-01,광진구,마포구,929
2024-01-01,광진구,서대문구,4700
2024-01-01,광진구,서초구,7316
2024-01-01,광진구,성동구,40294
2024-01-01,광진구,성북구,7419
2024-01-01,광진구,송파구,35615
2024-01-01,광진구,양천구,1665
2024-01-01,광진구,영등포구,5595
2024-01-01,광진구,용산구,2255
2024-01-01,광진구,은평구,3282
2024-01-01,광진구,종로구,5898
2024-01-01,광진구,중구,2117
2024-01-01,광진구,중랑구,24763
2024-01-01,구로구,강남구,13139
2024-01-01,구로구,강동구,7099
2024-01-01,구로구,강북구,441
2024-01-01,구로구,강서구,20379
2024-01-01,구로구,관악구,11434
2024-01-01,구로구,광진구,2686
2024-01-01,구로구,구로구,389336
2024-01-01,구로구,금천구,23451
2024-01-01,구로구,노원구,1281
2024-01-01,구로구,도봉구,1054
2024-01-01,구로구,동대문구,4503
2024-01-01,구로구,동작구,17328
2024-01-01,구로구,마포구,2900
2024-01-01,구로구,서대문구,10888
2024-01-01,구로구,서초구,9252
2024-01-01,구로구,성동구,1919
2024-01-01,구로구,성북구,2420
2024-01-01,구로구,송파구,5385
2024-01-01,구로구,양천구,41981
2024-01-01,구로구,영등포구,91655
2024-01-01,구로구,용산구,1531
2024-01-01,구로구,은평구,3278
2024-01-01,구로구,종로구,7570
2024-01-01,구로구,중구,692
2024-01-01,구로구,중랑구,2464
2024-01-01,금천구,강남구,7074
2024-01-01,금천구,강동구,3105
2024-01-01,금천구,강북구,439
2024-01-01,금천구,강서구,7439
2024-01-01,금천구,관악구,17307
2024-01-01,금천구,광진구,1430
2024-01-01,금천구,구로구,75686
2024-01-01,금천구,금천구,194022
2024-01-01,금천구,노원구,831
2024-01-01,금천구,도봉구,594
2024-01-01,금천구,동대문구,2094
2024-01-01,금천구,동작구,22738
2024-01-01,금천구,마포구,913
2024-01-01,금천구,서대문구,4933
2024-01-01,금천구,서초구,6510
2024-01-01,금천구,성동구,1314
2024-01-01,금천구,성북구,1623
2024-01-01,금천구,송파구,4656
2024-01-01,금천구,양천구,7465
2024-01-01,금천구,영등포구,70175
2024-01-01,금천구,용산구,821
2024-01-01,금천구,은평구,1789
2024-01-01,금천구,종로구,3988
2024-01-01,금천구,중구,440
2024-01-01,금천구,중랑구,1075
2024-01-01,노원구,강남구,18159
2024-01-01,노원구,강동구,19064
2024-01-01,노원구,강북구,37251
2024-01-01,노원구,강서구,4927
2024-01-01,노원구,관악구,1925
2024-01-01,노원구,광진구,14012
2024-01-01,노원구,구로구,7980
2024-01-01,노원구,금천구,1164
2024-01-01,노원구,노원구,341587
2024-01-01,노원구,도봉구,76880
2024-01-01,노원구,동대문구,57516
2024-01-01,노원구,동작구,1695
2024-01-01,노원구,마포구,1035
2024-01-01,노원구,서대문구,7036
2024-01-01,노원구,서초구,7539
2024-01-01,노원구,성동구,9149
2024-01-01,노원구,성북구,55378
2024-01-01,노원구,송파구,15136
2024-01-01,노원구,양천구,2919
2024-01-01,노원구,영등포구,6170
2024-01-01,노원구,용산구,2824
2024-01-01,노원구,은평구,6935
2024-01-01,노원구,종로구,23875
2024-01-01,노원구,중구,3165
2024-01-01,노원구,중랑구,65004
2024-01-01,도봉구,강남구,9645
2024-01-01,도봉구,강동구,12212
2024-01-01,도봉구,강북구,60928
2024-01-01,도봉구,강서구,2894
2024-01-01,도봉구,관악구,1625
2024-01-01,도봉구,광진구,8408
2024-01-01,도봉구,구로구,1542
2024-01-01,도봉구,금천구,787
2024-01-01,도봉구,노원구,69666
2024-01-01,도봉구,도봉구,239641
2024-01-01,도봉구,동대문구,24375
2024-01-01,도봉구,동작구,1756
2024-01-01,도봉구,마포구,1015
2024-01-01,도봉구,서대문구,3198
2024-01-01,도봉구,서초구,4342
2024-01-01,도봉구,성동구,4304
2024-01-01,도봉구,성북구,49667
2024-01-01,도봉구,송파구,6108
2024-01-01,도봉구,양천구,1365
2024-01-01,도봉구,영등포구,3394
2024-01-01,도봉구,용산구,2023
2024-01-01,도봉구,은평구,4174
2024-01-01,도봉구,종로구,23123
2024-01-01,도봉구,중구,2072
2024-01-01,도봉구,중랑구,17648
2024-01-01,동대문구,강남구,16478
2024-01-01,동대문구,강동구,18567
2024-01-01,동대문구,강북구,10882
2024-01-01,동대문구,강서구,3656
2024-01-01,동대문구,관악구,577
2024-01-01,동대문구,광진구,22547
2024-01-01,동대문구,구로구,5277
2024-01-01,동대문구,금천구,561
2024-01-01,동대문구,노원구,13355
2024-01-01,동대문구,도봉구,8403
2024-01-01,동대문구,동대문구,330942
2024-01-01,동대문구,동작구,1217
2024-01-01,동대문구,마포구,1019
2024-01-01,동대문구,서대문구,5408
2024-01-01,동대문구,서초구,6487
2024-01-01,동대문구,성동구,38645
2024-01-01,동대문구,성북구,67058
2024-01-01,동대문구,송파구,14278
2024-01-01,동대문구,양천구,2471
2024-01-01,동대문구,영등포구,7600
2024-01-01,동대문구,용산구,2117
2024-01-01,동대문구,은평구,7150
2024-01-01,동대문구,종로구,17955
2024-01-01,동대문구,중구,6025
2024-01-01,동대문구,중랑구,35131
2024-01-01,동작구,강남구,33856
2024-01-01,동작구,강동구,12945
2024-01-01,동작구,강북구,1361
2024-01-01,동작구,강서구,10144
2024-01-01,동작구,관악구,48989
2024-01-01,동작구,광진구,5654
2024-01-01,동작구,구로구,43528
2024-01-01,동작구,금천구,17288
2024-01-01,동작구,노원구,1416
2024-01-01,동작구,도봉구,1574
2024-01-01,동작구,동대문구,6389
2024-01-01,동작구,동작구,136043
2024-01-01,동작구,마포구,2663
2024-01-01,동작구,서대문구,7476
2024-01-01,동작구,서초구,50944
2024-01-01,동작구,성동구,2382
2024-01-01,동작구,성북구,5294
2024-01-01,동작구,송파구,9289
2024-01-01,동작구,양천구,9875
2024-01-01,동작구,영등포구,112134
2024-01-01,동작구,용산구,3508
2024-01-01,동작구,은평구,3092
2024-01-01,동작구,종로구,12418
2024-01-01,동작구,중구,1210
2024-01-01,동작구,중랑구,4554
2024-01-01,마포구,강남구,14696
2024-01-01,마포구,강동구,9681
2024-01-01,마포구,강북구,1661
2024-01-01,마포구,강서구,31638
2024-01-01,마포구,관악구,3068
2024-01-01,마포구,광진구,3255
2024-01-01,마포구,구로구,15676
2024-01-01,마포구,금천구,4044
2024-01-01,마포구,노원구,2332
2024-01-01,마포구,도봉구,1449
2024-01-01,마포구,동대문구,14494
2024-01-01,마포구,동작구,6389
2024-01-01,마포구,마포구,72578
2024-01-01,마포구,서대문구,81479
2024-01-01,마포구,서초구,8328
2024-01-01,마포구,성동구,4683
2024-01-01,마포구,성북구,7077
2024-01-01,마포구,송파구,5165
2024-01-01,마포구,양천구,15691
2024-01-01,마포구,영등포구,57198
2024-01-01,마포구,용산구,5528
2024-01-01,마포구,은평구,30797
2024-01-01,마포구,종로구,50435
2024-01-01,마포구,중구,3090
2024-01-01,마포구,중랑구,3666
2024-01-01,서대문구,강남구,9136
2024-01-01,서대문구,강동구,6099
2024-01-01,서대문구,강북구,2010
2024-01-01,서대문구,강서구,11341
2024-01-01,서대문구,관악구,2823
2024-01-01,서대문구,광진구,3508
2024-01-01,서대문구,구로구,7499
2024-01-01,서대문구,금천구,1919
2024-01-01,서대문구,노원구,1197
2024-01-01,서대문구,도봉구,3271
2024-01-01,서대문구,동대문구,9093
2024-01-01,서대문구,동작구,2985
2024-01-01,서대문구,마포구,18367
2024-01-01,서대문구,서대문구,172603
2024-01-01,서대문구,서초구,5800
2024-01-01,서대문구,성동구,1866
2024-01-01,서대문구,성북구,8938
2024-01-01,서대문구,송파구,4589
2024-01-01,서대문구,양천구,6370
2024-01-01,서대문구,영등포구,25347
2024-01-01,서대문구,용산구,3402
2024-01-01,서대문구,은평구,82946
2024-01-01,서대문구,종로구,70145
2024-01-01,서대문구,중구,2460
2024-01-01,서대문구,중랑구,2837
2024-01-01,서초구,강남구,105022
2024-01-01,서초구,강동구,17240
2024-01-01,서초구,강북구,1980
2024-01-01,서초구,강서구,5039
2024-01-01,서초구,관악구,11620
2024-01-01,서초구,광진구,7787
2024-01-01,서초구,구로구,10821
2024-01-01,서초구,금천구,4152
2024-01-01,서초구,노원구,1034
2024-01-01,서초구,도봉구,1742
2024-01-01,서초구,동대문구,10311
2024-01-01,서초구,동작구,16617
2024-01-01,서초구,마포구,771
2024-01-01,서초구,서대문구,8930
2024-01-01,서초구,서초구,133140
2024-01-01,서초구,성동구,4617
2024-01-01,서초구,성북구,5689
2024-01-01,서초구,송파구,20061
2024-01-01,서초구,양천구,3851
2024-01-01,서초구,영등포구,23336
2024-01-01,서초구,용산구,8579
2024-01-01,서초구,은평구,3490
2024-01-01,서초구,종로구,11777
2024-01-01,서초구,중구,1438
2024-01-01,서초구,중랑구,4705
2024-01-01,성동구,강남구,35402
2024-01-01,성동구,강동구,16784
2024-01-01,성동구,강북구,3427
2024-01-01,성동구,강서구,3220
2024-01-01,성동구,관악구,979
2024-01-01,성동구,광진구,45965
2024-01-01,성동구,구로구,3207
2024-01-01,성동구,금천구,2334
2024-01-01,성동구,노원구,3703
2024-01-01,성동구,도봉구,4098
2024-01-01,성동구,동대문구,83280
2024-01-01,성동구,동작구,2216
2024-01-01,성동구,마포구,1958
2024-01-01,성동구,서대문구,4997
2024-01-01,성동구,서초구,12717
2024-01-01,성동구,성동구,105462
2024-01-01,성동구,성북구,19781
2024-01-01,성동구,송파구,16297
2024-01-01,성동구,양천구,3128
2024-01-01,성동구,영등포구,7078
2024-01-01,성동구,용산구,17582
2024-01-01,성동구,은평구,4071
2024-01-01,성동구,종로구,15277
2024-01-01,성동구,중구,10759
2024-01-01,성동구,중랑구,11348
2024-01-01,성북구,강남구,15307
2024-01-01,성북구,강동구,14989
2024-01-01,성북구,강북구,66659
2024-01-01,성북구,강서구,4392
2024-01-01,성북구,관악구,1489
2024-01-01,성북구,광진구,9567
2024-01-01,성북구,구로구,5481
2024-01-01,성북구,금천구,792
2024-01-01,성북구,노원구,37741
2024-01-01,성북구,도봉구,41301
2024-01-01,성북구,동대문구,75456
2024-01-01,성북구,동작구,2651
2024-01-01,성북구,마포구,978
2024-01-01,성북구,서대문구,8315
2024-01-01,성북구,서초구,7592
2024-01-01,성북구,성동구,11877
2024-01-01,성북구,성북구,285317
2024-01-01,성북구,송파구,11641
2024-01-01,성북구,양천구,2242
2024-01-01,성북구,영등포구,7858
2024-01-01,성북구,용산구,3292
2024-01-01,성북구,은평구,9074
2024-01-01,성북구,종로구,48478
2024-01-01,성북구,중구,7116
2024-01-01,성북구,중랑구,24592
2024-01-01,송파구,강남구,94462
2024-01-01,송파구,강동구,141252
2024-01-01,송파구,강북구,2901
2024-01-01,송파구,강서구,4448
2024-01-01,송파구,관악구,3899
2024-01-01,송파구,광진구,35948
2024-01-01,송파구,구로구,3931
2024-01-01,송파구,금천구,2447
2024-01-01,송파구,노원구,3515
2024-01-01,송파구,도봉구,1750
2024-01-01,송파구,동대문구,22464
2024-01-01,송파구,동작구,3287
2024-01-01,송파구,마포구,749
2024-01-01,송파구,서대문구,6832
2024-01-01,송파구,서초구,21407
2024-01-01,송파구,성동구,11584
2024-01-01,송파구,성북구,5684
2024-01-01,송파구,송파구,298501
2024-01-01,송파구,양천구,3533
2024-01-01,송파구,영등포구,11986
2024-01-01,송파구,용산구,2619
2024-01-01,송파구,은평구,4648
2024-01-01,송파구,종로구,9219
2024-01-01,송파구,중구,1908
2024-01-01,송파구,중랑구,13096
2024-01-01,양천구,강남구,11649
2024-01-01,양천구,강동구,7679
2024-01-01,양천구,강북구,967
2024-01-01,양천구,강서구,132825
2024-01-01,양천구,관악구,5162
2024-01-01,양천구,광진구,3396
2024-01-01,양천구,구로구,79858
2024-01-01,양천구,금천구,5415
2024-01-01,양천구,노원구,1518
2024-01-01,양천구,도봉구,1141
2024-01-01,양천구,동대문구,4876
2024-01-01,양천구,동작구,7707
2024-01-01,양천구,마포구,2465
2024-01-01,양천구,서대문구,23790
2024-01-01,양천구,서초구,7402
2024-01-01,양천구,성동구,1163
2024-01-01,양천구,성북구,3766
2024-01-01,양천구,송파구,7444
2024-01-01,양천구,양천구,230489
2024-01-01,양천구,영등포구,54628
2024-01-01,양천구,용산구,1225
2024-01-01,양천구,은평구,6702
2024-01-01,양천구,종로구,10127
2024-01-01,양천구,중구,841
2024-01-01,양천구,중랑구,4048
2024-01-01,영등포구,강남구,17018
2024-01-01,영등포구,강동구,6741
2024-01-01,영등포구,강북구,2366
2024-01-01,영등포구,강서구,24780
2024-01-01,영등포구,관악구,12917
2024-01-01,영등포구,광진구,2531
2024-01-01,영등포구,구로구,99615
2024-01-01,영등포구,금천구,17125
2024-01-01,영등포구,노원구,817
2024-01-01,영등포구,도봉구,1974
2024-01-01,영등포구,동대문구,5175
2024-01-01,영등포구,동작구,35514
2024-01-01,영등포구,마포구,3403
2024-01-01,영등포구,서대문구,17870
2024-01-01,영등포구,서초구,14815
2024-01-01,영등포구,성동구,1595
2024-01-01,영등포구,성북구,3652
2024-01-01,영등포구,송파구,8513
2024-01-01,영등포구,양천구,37636
2024-01-01,영등포구,영등포구,346348
2024-01-01,영등포구,용산구,1703
2024-01-01,영등포구,은평구,5653
2024-01-01,영등포구,종로구,10872
2024-01-01,영등포구,중구,1589
2024-01-01,영등포구,중랑구,3779
2024-01-01,용산구,강남구,23009
2024-01-01,용산구,강동구,8693
2024-01-01,용산구,강북구,2532
2024-01-01,용산구,강서구,9809
2024-01-01,용산구,관악구,4069
2024-01-01,용산구,광진구,3003
2024-01-01,용산구,구로구,11399
2024-01-01,용산구,금천구,4024
2024-01-01,용산구,노원구,3578
2024-01-01,용산구,도봉구,2059
2024-01-01,용산구,동대문구,16255
2024-01-01,용산구,동작구,17018
2024-01-01,용산구,마포구,10321
2024-01-01,용산구,서대문구,17540
2024-01-01,용산구,서초구,21931
2024-01-01,용산구,성동구,7795
2024-01-01,용산구,성북구,10743
2024-01-01,용산구,송파구,7253
2024-01-01,용산구,양천구,5661
2024-01-01,용산구,영등포구,39033
2024-01-01,용산구,용산구,42628
2024-01-01,용산구,은평구,7843
2024-01-01,용산구,종로구,25315
2024-01-01,용산구,중구,5012
2024-01-01,용산구,중랑구,4324
2024-01-01,은평구,강남구,10943
2024-01-01,은평구,강동구,8696
2024-01-01,은평구,강북구,2718
2024-01-01,은평구,강서구,14860
2024-01-01,은평구,관악구,1543
2024-01-01,은평구,광진구,2227
2024-01-01,은평구,구로구,8546
2024-01-01,은평구,금천구,3013
2024-01-01,은평구,노원구,1431
2024-01-01,은평구,도봉구,5309
2024-01-01,은평구,동대문구,32573
2024-01-01,은평구,동작구,3308
2024-01-01,은평구,마포구,10237
2024-01-01,은평구,서대문구,63502
2024-01-01,은평구,서초구,6782
2024-01-01,은평구,성동구,3293
2024-01-01,은평구,성북구,10227
2024-01-01,은평구,송파구,5385
2024-01-01,은평구,양천구,13150
2024-01-01,은평구,영등포구,16850
2024-01-01,은평구,용산구,2614
2024-01-01,은평구,은평구,402647
2024-01-01,은평구,종로구,58595
2024-01-01,은평구,중구,2623
2024-01-01,은평구,중랑구,7401
2024-01-01,종로구,강남구,10427
2024-01-01,종로구,강동구,4941
2024-01-01,종로구,강북구,8355
2024-01-01,종로구,강서구,3485
2024-01-01,종로구,관악구,1237
2024-01-01,종로구,광진구,3422
2024-01-01,종로구,구로구,4209
2024-01-01,종로구,금천구,867
2024-01-01,종로구,노원구,2826
2024-01-01,종로구,도봉구,3528
2024-01-01,종로구,동대문구,29275
2024-01-01,종로구,동작구,1726
2024-01-01,종로구,마포구,1769
2024-01-01,종로구,서대문구,16348
2024-01-01,종로구,서초구,7111
2024-01-01,종로구,성동구,3051
2024-01-01,종로구,성북구,38556
2024-01-01,종로구,송파구,2685
2024-01-01,종로구,양천구,1453
2024-01-01,종로구,영등포구,7587
2024-01-01,종로구,용산구,2881
2024-01-01,종로구,은평구,17809
2024-01-01,종로구,종로구,49154
2024-01-01,종로구,중구,9777
2024-01-01,종로구,중랑구,5205
2024-01-01,중구,강남구,15159
2024-01-01,중구,강동구,5833
2024-01-01,중구,강북구,3475
2024-01-01,중구,강서구,2199
2024-01-01,중구,관악구,1536
2024-01-01,중구,광진구,6480
2024-01-01,중구,구로구,5565
2024-01-01,중구,금천구,944
2024-01-01,중구,노원구,2386
2024-01-01,중구,도봉구,2291
2024-01-01,중구,동대문구,36127
2024-01-01,중구,동작구,1662
2024-01-01,중구,마포구,1790
2024-01-01,중구,서대문구,8657
2024-01-01,중구,서초구,5851
2024-01-01,중구,성동구,15218
2024-01-01,중구,성북구,18172
2024-01-01,중구,송파구,5269
2024-01-01,중구,양천구,2317
2024-01-01,중구,영등포구,12692
2024-01-01,중구,용산구,13820
2024-01-01,중구,은평구,6761
2024-01-01,중구,종로구,19890
2024-01-01,중구,중구,25227
2024-01-01,중구,중랑구,6014
2024-01-01,중랑구,강남구,15458
2024-01-01,중랑구,강동구,20895
2024-01-01,중랑구,강북구,8065
2024-01-01,중랑구,강서구,4637
2024-01-01,중랑구,관악구,1342
2024-01-01,중랑구,광진구,43122
2024-01-01,중랑구,구로구,3804
2024-01-01,중랑구,금천구,527
2024-01-01,중랑구,노원구,64622
2024-01-01,중랑구,도봉구,13718
2024-01-01,중랑구,동대문구,143599
2024-01-01,중랑구,동작구,1605
2024-01-01,중랑구,마포구,281
2024-01-01,중랑구,서대문구,5021
2024-01-01,중랑구,서초구,6635
2024-01-01,중랑구,성동구,20481
2024-01-01,중랑구,성북구,25946
2024-01-01,중랑구,송파구,19520
2024-01-01,중랑구,양천구,2369
2024-01-01,중랑구,영등포구,5556
2024-01-01,중랑구,용산구,2410
2024-01-01,중랑구,은평구,2987
2024-01-01,중랑구,종로구,13105
2024-01-01,중랑구,중구,2372
2024-01-01,중랑구,중랑구,281199
