column,missing_rate,missing_count,protected,excluded
no_transport_cnt,0.7442455242966752,1746,False,True
fire_activity_cnt,0.7442455242966752,1746,False,True
disease_cnt,0.7442455242966752,1746,False,True
non_disease_cnt,0.7442455242966752,1746,False,True
etc_cnt,0.7442455242966752,1746,False,True
med_supply_응급실처리연인원,0.4884910485933504,1146,False,False
med_demand_응급실입원연인원,0.4884910485933504,1146,False,False
transport_per_100k,0.40664961636828645,954,False,False
transport_person,0.3832054560954817,899,False,False
transport_rate,0.2557544757033248,600,False,False
transport_cnt,0.2557544757033248,600,True,False
med_demand_서울외유출연인원,0.24296675191815856,570,False,False
med_supply_서울내환자연인원,0.24296675191815856,570,False,False
med_supply_총처리연인원,0.24296675191815856,570,False,False
med_demand_유출률,0.24296675191815856,570,False,False
med_demand_서울내입원연인원,0.24296675191815856,570,False,False
med_supply_서울외유입연인원,0.24296675191815856,570,False,False
med_supply_유입률,0.24296675191815856,570,False,False
med_demand_총입원연인원,0.24296675191815856,570,False,False
pop_서울외유입인구수,0.15089514066496162,354,False,False
pop_pop_diff,0.15089514066496162,354,False,False
pop_자치구간이동인구수,0.15089514066496162,354,False,False
pop_동일자치구행정동간이동인구수,0.15089514066496162,354,False,False
pop_일최대인구수,0.15089514066496162,354,False,False
pop_일최대이동인구수,0.15089514066496162,354,False,False
pop_night_pop,0.15089514066496162,354,False,False
pop_day_pop,0.15089514066496162,354,False,False
pop_일최소인구수,0.15089514066496162,354,False,False
pop_단기체류외국인인구수,0.15089514066496162,354,False,False
pop_장기체류외국인인구수,0.15089514066496162,354,False,False
pop_내국인생활인구수,0.15089514066496162,354,False,False
pop_total_pop,0.15089514066496162,354,False,False
dispatch_per_100k,0.15089514066496162,354,False,False
day_night_pop_ratio,0.15089514066496162,354,False,False
accident_자살추정,0.0,0,False,False
accident_화재,0.0,0,False,False
accident_폭발사고,0.0,0,False,False
accident_잠금장치개방,0.0,0,False,False
ds,0.0,0,True,False
accident_인명갇힘,0.0,0,False,False
District,0.0,0,True,False
y,0.0,0,True,False
출처,0.0,0,False,False
year,0.0,0,False,False
month,0.0,0,False,False
quarter,0.0,0,False,False
season,0.0,0,False,False
accident_교통사고,0.0,0,False,False
accident_위치추적,0.0,0,False,False
accident_기계사고,0.0,0,False,False
accident_기타/미상,0.0,0,False,False
accident_산악사고,0.0,0,False,False
accident_수난사고,0.0,0,False,False
accident_승강기사고,0.0,0,False,False
accident_안전조치,0.0,0,False,False
accident_건물사고,0.0,0,False,False
