컬럼,정답과_상관계수,결과,이유
전월_no_transport_cnt,,제외,결측 67% > 20%
전월_fire_activity_cnt,,제외,결측 67% > 20%
전월_disease_cnt,,제외,결측 67% > 20%
전월_non_disease_cnt,,제외,결측 67% > 20%
전월_etc_cnt,,제외,결측 67% > 20%
전월_total_pop,,제외,결측 22% > 20%
전월_내국인생활인구수,,제외,결측 22% > 20%
전월_장기체류외국인인구수,,제외,결측 22% > 20%
전월_단기체류외국인인구수,,제외,결측 22% > 20%
전월_일최대인구수,,제외,결측 22% > 20%
전월_일최소인구수,,제외,결측 22% > 20%
전월_day_pop,,제외,결측 22% > 20%
전월_night_pop,,제외,결측 22% > 20%
전월_일최대이동인구수,,제외,결측 22% > 20%
전월_서울외유입인구수,,제외,결측 22% > 20%
전월_동일자치구행정동간이동인구수,,제외,결측 22% > 20%
전월_자치구간이동인구수,,제외,결측 22% > 20%
전월_pop_diff,,제외,결측 22% > 20%
전년_총입원연인원,,제외,결측 49% > 20%
전년_서울내입원연인원,,제외,결측 49% > 20%
전년_서울외유출연인원,,제외,결측 49% > 20%
전년_유출률,,제외,결측 49% > 20%
전년_응급실입원연인원,,제외,결측 83% > 20%
전년_총처리연인원,,제외,결측 49% > 20%
전년_서울내환자연인원,,제외,결측 49% > 20%
전년_서울외유입연인원,,제외,결측 49% > 20%
전년_유입률,,제외,결측 49% > 20%
전년_응급실처리연인원,,제외,결측 83% > 20%
전월_transport_cnt,0.9381979726248244,선택,완전행 보존율 99%
전월_y,0.8890223826125011,제외,전월_transport_cnt와 너무 비슷함
전년동월_y,0.7957203644552175,선택,완전행 보존율 83%
전년동월_transport_cnt,0.7778467710444096,제외,전년동월_y와 너무 비슷함
전년_승강기사고,0.439168524370616,선택,완전행 보존율 83%
전년_인명갇힘,0.4247317986406798,선택,완전행 보존율 83%
전년_기타/미상,0.13574879527181113,제외,정답과 상관 약함 (|r| < 0.3)
연도,-0.13525529168953657,제외,정답과 상관 약함 (|r| < 0.3)
전년_기계사고,0.131620868894208,제외,정답과 상관 약함 (|r| < 0.3)
월,0.11928657483795142,제외,정답과 상관 약함 (|r| < 0.3)
전년_화재,0.0997431406522995,제외,정답과 상관 약함 (|r| < 0.3)
전년_교통사고,0.0626560250801316,제외,정답과 상관 약함 (|r| < 0.3)
전년_폭발사고,-0.06001358971186951,제외,정답과 상관 약함 (|r| < 0.3)
전년_건물사고,0.059250019047859835,제외,정답과 상관 약함 (|r| < 0.3)
전년_산악사고,0.02228458523082343,제외,정답과 상관 약함 (|r| < 0.3)
전년_수난사고,-0.021297322170944485,제외,정답과 상관 약함 (|r| < 0.3)
전년_안전조치,,제외,상관계수 계산 불가 (값 변화 없음)
전년_위치추적,,제외,상관계수 계산 불가 (값 변화 없음)
전년_자살추정,,제외,상관계수 계산 불가 (값 변화 없음)
전년_잠금장치개방,,제외,상관계수 계산 불가 (값 변화 없음)
