ds,district,y,transport_cnt,no_transport_cnt,fire_activity_cnt,disease_cnt,non_disease_cnt,etc_cnt,total_pop,day_pop,night_pop,pop_peak,pop_diff,유출률,응급실입원연인원,유입률,응급실처리연인원
2021-01-01,강남구,2327,1307,777,243,870,1370,87,793528.0,924939.0,699663.0,961287.0,225276.0,0.3913,89369.0,0.6068,233772.0
2021-02-01,강남구,2173,1191,753,229,791,1294,88,801462.0,939367.0,702958.0,978505.0,236409.0,0.3913,89369.0,0.6068,233772.0
2021-03-01,강남구,2595,1373,967,255,902,1560,133,836926.0,992624.0,725714.0,1032963.0,266909.0,0.3913,89369.0,0.6068,233772.0
2021-04-01,강남구,2646,1473,919,254,960,1554,132,828750.0,984379.0,717587.0,1024186.0,266792.0,0.3913,89369.0,0.6068,233772.0
2021-05-01,강남구,2929,1637,937,355,1121,1710,98,809312.0,949535.0,709153.0,986772.0,240382.0,0.3913,89369.0,0.6068,233772.0
2021-06-01,강남구,3267,1779,1099,389,1151,1920,196,835717.0,993456.0,723046.0,1034627.0,270410.0,0.3913,89369.0,0.6068,233772.0
2021-07-01,강남구,3184,1805,1041,338,1217,1736,231,808642.0,952638.0,705787.0,992065.0,246852.0,0.3913,89369.0,0.6068,233772.0
2021-08-01,강남구,3061,1776,1027,258,1241,1644,176,795719.0,933323.0,697431.0,972441.0,235893.0,0.3913,89369.0,0.6068,233772.0
2021-09-01,강남구,2994,1632,1154,208,1190,1663,141,782927.0,912818.0,690147.0,950213.0,222670.0,0.3913,89369.0,0.6068,233772.0
2021-10-01,강남구,2917,1694,1009,214,1172,1576,169,799480.0,934772.0,702842.0,971917.0,231930.0,0.3913,89369.0,0.6068,233772.0
2021-11-01,강남구,3054,1656,1162,236,1327,1473,254,836541.0,990804.0,726353.0,1031735.0,264451.0,0.3913,89369.0,0.6068,233772.0
2021-12-01,강남구,2955,1508,1171,276,1301,1131,523,825072.0,974833.0,718101.0,1015245.0,256732.0,0.3913,89369.0,0.6068,233772.0
2022-01-01,강남구,2600,1417,955,228,1039,1424,137,813483.0,961546.0,707724.0,1002180.0,253822.0,0.4007,91093.0,0.6086,234540.0
2022-02-01,강남구,2667,1282,1174,211,1145,1412,110,809263.0,948024.0,710149.0,988259.0,237876.0,0.4007,91093.0,0.6086,234540.0
2022-03-01,강남구,3465,1523,1742,200,1483,1805,177,815775.0,951256.0,719003.0,987287.0,232253.0,0.4007,91093.0,0.6086,234540.0
2022-04-01,강남구,3048,1588,1220,240,1292,1611,145,833432.0,980498.0,728385.0,1019077.0,252113.0,0.4007,91093.0,0.6086,234540.0
2022-05-01,강남구,3226,1752,1243,231,1298,1760,168,853718.0,1005681.0,745173.0,1044976.0,260507.0,0.4007,91093.0,0.6086,234540.0
2022-06-01,강남구,3163,1651,1273,239,1196,1803,164,870906.0,1028124.0,758607.0,1071583.0,269517.0,0.4007,91093.0,0.6086,234540.0
2022-07-01,강남구,3614,1854,1514,246,1419,2027,168,861739.0,1023358.0,746297.0,1067992.0,277061.0,0.4007,91093.0,0.6086,234540.0
2022-08-01,강남구,3782,1931,1544,307,1544,2073,165,844638.0,1001166.0,732833.0,1043559.0,268333.0,0.4007,91093.0,0.6086,234540.0
2022-09-01,강남구,3232,1663,1317,252,1233,1853,146,827500.0,973035.0,723547.0,1013748.0,249489.0,0.4007,91093.0,0.6086,234540.0
2022-10-01,강남구,2916,1560,1136,220,1085,1711,120,832802.0,975826.0,730643.0,1015103.0,245183.0,0.4007,91093.0,0.6086,234540.0
2022-11-01,강남구,3139,1716,1224,199,1233,1758,148,854043.0,1014758.0,739246.0,1055825.0,275512.0,0.4007,91093.0,0.6086,234540.0
2022-12-01,강남구,3572,1828,1441,303,1321,2111,140,850302.0,1002979.0,741246.0,1045293.0,261733.0,0.4007,91093.0,0.6086,234540.0
2021-01-01,강동구,1464,898,446,120,709,721,34,518514.0,493930.0,536074.0,544777.0,-42144.0,0.3071,97254.0,0.3964,172022.0
2021-02-01,강동구,1403,844,442,117,681,669,53,513500.0,486222.0,532984.0,543580.0,-46762.0,0.3071,97254.0,0.3964,172022.0
2021-03-01,강동구,1660,993,545,122,810,782,68,516656.0,486466.0,538220.0,550582.0,-51754.0,0.3071,97254.0,0.3964,172022.0
2021-04-01,강동구,1671,995,530,146,775,826,70,509675.0,478106.0,532224.0,544917.0,-54119.0,0.3071,97254.0,0.3964,172022.0
2021-05-01,강동구,1886,1123,535,228,919,905,62,510938.0,480948.0,532359.0,545772.0,-51411.0,0.3071,97254.0,0.3964,172022.0
2021-06-01,강동구,2046,1196,650,200,967,987,92,512369.0,480985.0,534786.0,548443.0,-53801.0,0.3071,97254.0,0.3964,172022.0
2021-07-01,강동구,2244,1364,632,248,1134,1015,95,513321.0,485222.0,533391.0,545747.0,-48168.0,0.3071,97254.0,0.3964,172022.0
2021-08-01,강동구,2009,1251,654,104,1110,822,77,512310.0,484359.0,532276.0,544082.0,-47918.0,0.3071,97254.0,0.3964,172022.0
2021-09-01,강동구,2055,1235,691,129,1108,882,65,512131.0,483643.0,532480.0,545433.0,-48837.0,0.3071,97254.0,0.3964,172022.0
2021-10-01,강동구,2052,1210,679,163,999,992,61,512249.0,482237.0,533686.0,546637.0,-51449.0,0.3071,97254.0,0.3964,172022.0
2021-11-01,강동구,2135,1231,767,137,1127,832,176,512053.0,480349.0,534699.0,547740.0,-54350.0,0.3071,97254.0,0.3964,172022.0
2021-12-01,강동구,2054,1151,733,170,1158,607,289,515858.0,486941.0,536513.0,547960.0,-49573.0,0.3071,97254.0,0.3964,172022.0
2022-01-01,강동구,1848,1069,635,144,920,857,71,516060.0,487613.0,536380.0,547329.0,-48767.0,0.3146,98443.0,0.4067,189853.0
2022-02-01,강동구,2080,1173,769,138,1131,879,70,519150.0,492602.0,538112.0,548986.0,-45509.0,0.3146,98443.0,0.4067,189853.0
2022-03-01,강동구,2519,1230,1192,97,1404,1047,68,517634.0,490950.0,536695.0,547331.0,-45745.0,0.3146,98443.0,0.4067,189853.0
2022-04-01,강동구,2037,1152,768,117,1052,929,56,506625.0,474720.0,529413.0,543126.0,-54693.0,0.3146,98443.0,0.4067,189853.0
2022-05-01,강동구,1960,1189,652,119,982,923,55,509836.0,476679.0,533520.0,549073.0,-56841.0,0.3146,98443.0,0.4067,189853.0
2022-06-01,강동구,2005,1215,675,115,955,975,75,519925.0,487802.0,542869.0,557773.0,-55067.0,0.3146,98443.0,0.4067,189853.0
2022-07-01,강동구,2259,1336,788,135,1107,1079,73,508856.0,478304.0,530679.0,545242.0,-52374.0,0.3146,98443.0,0.4067,189853.0
2022-08-01,강동구,2348,1372,832,144,1217,1068,63,503151.0,472283.0,525199.0,538836.0,-52915.0,0.3146,98443.0,0.4067,189853.0
2022-09-01,강동구,2029,1187,744,98,996,970,63,501847.0,469562.0,524907.0,540396.0,-55346.0,0.3146,98443.0,0.4067,189853.0
2022-10-01,강동구,1940,1202,645,93,966,927,47,502788.0,469595.0,526497.0,540902.0,-56902.0,0.3146,98443.0,0.4067,189853.0
2022-11-01,강동구,2075,1282,673,120,1055,964,56,504879.0,470935.0,529125.0,542773.0,-58190.0,0.3146,98443.0,0.4067,189853.0
2022-12-01,강동구,2159,1282,707,170,1004,1090,65,512284.0,482829.0,533322.0,546062.0,-50493.0,0.3146,98443.0,0.4067,189853.0
2021-01-01,강북구,1395,902,400,93,671,690,34,308128.0,290978.0,320378.0,328708.0,-29400.0,0.248,82209.0,0.1975,39.0
2021-02-01,강북구,1324,799,461,64,632,647,45,305456.0,287264.0,318451.0,327735.0,-31187.0,0.248,82209.0,0.1975,39.0
2021-03-01,강북구,1460,885,502,73,734,687,39,302668.0,282335.0,317192.0,327925.0,-34858.0,0.248,82209.0,0.1975,39.0
2021-04-01,강북구,1532,949,483,100,720,755,57,298411.0,277416.0,313408.0,324373.0,-35992.0,0.248,82209.0,0.1975,39.0
2021-05-01,강북구,1646,1002,522,122,776,801,69,298783.0,279271.0,312719.0,323298.0,-33448.0,0.248,82209.0,0.1975,39.0
2021-06-01,강북구,1944,1188,622,134,906,939,99,298319.0,277443.0,313231.0,324329.0,-35788.0,0.248,82209.0,0.1975,39.0
2021-07-01,강북구,1788,1105,543,140,948,771,69,299882.0,280905.0,313437.0,323515.0,-32532.0,0.248,82209.0,0.1975,39.0
2021-08-01,강북구,1732,1110,533,89,845,774,113,299130.0,280847.0,312190.0,321572.0,-31344.0,0.248,82209.0,0.1975,39.0
2021-09-01,강북구,1866,1100,642,124,857,908,101,299804.0,282012.0,312513.0,321870.0,-30501.0,0.248,82209.0,0.1975,39.0
2021-10-01,강북구,1741,1140,509,92,840,829,72,297139.0,278376.0,310541.0,319984.0,-32165.0,0.248,82209.0,0.1975,39.0
2021-11-01,강북구,1683,933,632,118,851,694,138,295161.0,275242.0,309388.0,319579.0,-34146.0,0.248,82209.0,0.1975,39.0
2021-12-01,강북구,1793,988,696,109,1013,538,242,296148.0,277694.0,309330.0,318452.0,-31636.0,0.248,82209.0,0.1975,39.0
2022-01-01,강북구,1637,963,562,112,825,741,71,296945.0,278796.0,309908.0,318706.0,-31111.0,0.2485,84536.0,0.1868,0.0
2022-02-01,강북구,1731,957,693,81,860,813,58,300165.0,283516.0,312057.0,320107.0,-28541.0,0.2485,84536.0,0.1868,0.0
2022-03-01,강북구,2301,1166,1055,80,1212,983,106,300797.0,283665.0,313034.0,320951.0,-29369.0,0.2485,84536.0,0.1868,0.0
2022-04-01,강북구,1830,1039,693,98,958,813,59,290934.0,271654.0,304705.0,313645.0,-33051.0,0.2485,84536.0,0.1868,0.0
2022-05-01,강북구,1898,1130,661,107,899,916,83,293745.0,273770.0,308013.0,317778.0,-34243.0,0.2485,84536.0,0.1868,0.0
2022-06-01,강북구,1711,1025,603,83,886,763,62,296822.0,277182.0,310851.0,321105.0,-33669.0,0.2485,84536.0,0.1868,0.0
2022-07-01,강북구,2035,1249,692,94,1034,912,89,290030.0,271195.0,303483.0,313048.0,-32288.0,0.2485,84536.0,0.1868,0.0
2022-08-01,강북구,2151,1256,786,109,1066,991,94,286843.0,267966.0,300326.0,309858.0,-32359.0,0.2485,84536.0,0.1868,0.0
2022-09-01,강북구,1836,1113,657,66,925,818,93,288453.0,269095.0,302280.0,312243.0,-33185.0,0.2485,84536.0,0.1868,0.0
2022-10-01,강북구,1640,1064,513,63,856,725,59,287655.0,267973.0,301713.0,311718.0,-33740.0,0.2485,84536.0,0.1868,0.0
2022-11-01,강북구,1826,1170,571,85,959,812,55,287144.0,266779.0,301691.0,311418.0,-34911.0,0.2485,84536.0,0.1868,0.0
2022-12-01,강북구,1833,1140,556,137,990,775,68,290622.0,272297.0,303711.0,312556.0,-31414.0,0.2485,84536.0,0.1868,0.0
2021-01-01,강서구,2183,1293,689,201,1043,1088,52,556917.0,542946.0,566897.0,572605.0,-23951.0,0.3499,147034.0,0.2665,115301.0
2021-02-01,강서구,2068,1274,639,155,1024,1006,38,551889.0,537072.0,562473.0,570826.0,-25401.0,0.3499,147034.0,0.2665,115301.0
2021-03-01,강서구,2263,1399,706,158,1110,1104,49,555692.0,539468.0,567280.0,576671.0,-27812.0,0.3499,147034.0,0.2665,115301.0
2021-04-01,강서구,2425,1531,724,170,1194,1168,63,548576.0,531753.0,560592.0,570397.0,-28838.0,0.3499,147034.0,0.2665,115301.0
2021-05-01,강서구,2696,1607,779,310,1257,1365,74,548491.0,532976.0,559574.0,569414.0,-26597.0,0.3499,147034.0,0.2665,115301.0
2021-06-01,강서구,2764,1694,806,264,1383,1303,78,550114.0,534024.0,561608.0,572076.0,-27584.0,0.3499,147034.0,0.2665,115301.0
2021-07-01,강서구,2977,1900,853,224,1496,1403,78,552745.0,539471.0,562227.0,571278.0,-22756.0,0.3499,147034.0,0.2665,115301.0
2021-08-01,강서구,2714,1725,829,160,1436,1222,56,551279.0,537321.0,561248.0,569230.0,-23927.0,0.3499,147034.0,0.2665,115301.0
2021-09-01,강서구,2781,1728,919,134,1470,1265,46,548517.0,534581.0,558471.0,567715.0,-23889.0,0.3499,147034.0,0.2665,115301.0
2021-10-01,강서구,2787,1706,902,179,1358,1392,37,552481.0,537911.0,562889.0,572196.0,-24977.0,0.3499,147034.0,0.2665,115301.0
2021-11-01,강서구,2797,1588,1038,171,1568,1107,122,554588.0,540081.0,564950.0,574480.0,-24869.0,0.3499,147034.0,0.2665,115301.0
2021-12-01,강서구,2904,1563,1148,193,1773,785,346,555992.0,542708.0,565480.0,573531.0,-22772.0,0.3499,147034.0,0.2665,115301.0
2022-01-01,강서구,2547,1468,910,169,1334,1097,116,553902.0,541099.0,563047.0,570384.0,-21948.0,0.354,156309.0,0.2906,133237.0
2022-02-01,강서구,2680,1406,1117,157,1406,1180,94,557764.0,545747.0,566348.0,573605.0,-20602.0,0.354,156309.0,0.2906,133237.0
2022-03-01,강서구,3520,1607,1770,143,1929,1526,65,557235.0,544290.0,566481.0,573027.0,-22191.0,0.354,156309.0,0.2906,133237.0
2022-04-01,강서구,2820,1615,1009,196,1548,1204,68,546823.0,531356.0,557870.0,566963.0,-26514.0,0.354,156309.0,0.2906,133237.0
2022-05-01,강서구,2767,1662,932,173,1513,1176,78,554518.0,538868.0,565697.0,576144.0,-26829.0,0.354,156309.0,0.2906,133237.0
2022-06-01,강서구,2693,1588,914,191,1347,1281,65,563714.0,549129.0,574133.0,584530.0,-25004.0,0.354,156309.0,0.2906,133237.0
2022-07-01,강서구,3134,1791,1131,212,1597,1449,88,547714.0,534045.0,557477.0,567328.0,-23432.0,0.354,156309.0,0.2906,133237.0
2022-08-01,강서구,3277,1797,1276,204,1750,1443,84,545653.0,532867.0,554786.0,563959.0,-21919.0,0.354,156309.0,0.2906,133237.0
2022-09-01,강서구,2825,1620,1032,173,1429,1325,71,544774.0,530767.0,554780.0,565480.0,-24013.0,0.354,156309.0,0.2906,133237.0
2022-10-01,강서구,2730,1594,955,181,1353,1326,51,546706.0,531621.0,557480.0,568218.0,-25859.0,0.354,156309.0,0.2906,133237.0
2022-11-01,강서구,2884,1705,1004,175,1393,1427,64,549444.0,533874.0,560565.0,571199.0,-26691.0,0.354,156309.0,0.2906,133237.0
2022-12-01,강서구,2960,1685,1051,224,1352,1549,59,554698.0,542212.0,563616.0,572981.0,-21404.0,0.354,156309.0,0.2906,133237.0
2021-01-01,관악구,2041,1215,595,231,881,1095,65,507264.0,472416.0,532156.0,543991.0,-59740.0,0.2929,124722.0,0.1909,54729.0
2021-02-01,관악구,1783,1105,556,122,850,867,66,497854.0,460100.0,524821.0,540050.0,-64720.0,0.2929,124722.0,0.1909,54729.0
2021-03-01,관악구,1929,1189,602,138,954,908,67,503223.0,460725.0,533579.0,550094.0,-72854.0,0.2929,124722.0,0.1909,54729.0
2021-04-01,관악구,1997,1227,610,160,972,954,71,497990.0,454348.0,529163.0,546647.0,-74815.0,0.2929,124722.0,0.1909,54729.0
2021-05-01,관악구,2291,1383,644,264,1038,1192,61,498561.0,458436.0,527222.0,544912.0,-68786.0,0.2929,124722.0,0.1909,54729.0
2021-06-01,관악구,2335,1478,671,186,1155,1083,97,494355.0,451205.0,525176.0,543644.0,-73972.0,0.2929,124722.0,0.1909,54729.0
2021-07-01,관악구,2581,1628,741,212,1304,1145,132,490833.0,451602.0,518855.0,535387.0,-67253.0,0.2929,124722.0,0.1909,54729.0
2021-08-01,관악구,2336,1490,679,167,1179,1069,88,485135.0,447611.0,511939.0,527369.0,-64328.0,0.2929,124722.0,0.1909,54729.0
2021-09-01,관악구,2267,1426,713,128,1193,971,103,480051.0,443131.0,506422.0,523180.0,-63291.0,0.2929,124722.0,0.1909,54729.0
2021-10-01,관악구,2358,1465,727,166,1197,1089,72,486279.0,447120.0,514250.0,530801.0,-67129.0,0.2929,124722.0,0.1909,54729.0
2021-11-01,관악구,2441,1479,797,165,1302,935,204,484426.0,441820.0,514860.0,532490.0,-73040.0,0.2929,124722.0,0.1909,54729.0
2021-12-01,관악구,2381,1352,860,169,1394,617,370,488307.0,448438.0,516784.0,532684.0,-68346.0,0.2929,124722.0,0.1909,54729.0
2022-01-01,관악구,2361,1392,791,178,1141,1025,195,487023.0,449125.0,514093.0,528413.0,-64968.0,0.2906,132133.0,0.1923,50739.0
2022-02-01,관악구,2334,1219,957,158,1162,1065,107,492936.0,457345.0,518358.0,532735.0,-61013.0,0.2906,132133.0,0.1923,50739.0
2022-03-01,관악구,3016,1370,1547,99,1593,1334,89,501076.0,463538.0,527888.0,543278.0,-64350.0,0.2906,132133.0,0.1923,50739.0
2022-04-01,관악구,2550,1446,967,137,1318,1135,97,491747.0,447590.0,523289.0,543054.0,-75699.0,0.2906,132133.0,0.1923,50739.0
2022-05-01,관악구,2498,1436,905,157,1182,1193,123,494805.0,449725.0,527005.0,547944.0,-77280.0,0.2906,132133.0,0.1923,50739.0
2022-06-01,관악구,2388,1399,814,175,1172,1119,97,500386.0,455939.0,532134.0,552714.0,-76195.0,0.2906,132133.0,0.1923,50739.0
2022-07-01,관악구,2743,1653,930,160,1465,1161,117,484981.0,442169.0,515561.0,535727.0,-73391.0,0.2906,132133.0,0.1923,50739.0
2022-08-01,관악구,3132,1767,1148,217,1641,1370,121,479236.0,437161.0,509289.0,527979.0,-72129.0,0.2906,132133.0,0.1923,50739.0
2022-09-01,관악구,2604,1573,861,170,1335,1175,94,478333.0,436415.0,508275.0,529510.0,-71860.0,0.2906,132133.0,0.1923,50739.0
2022-10-01,관악구,2428,1474,797,157,1244,1091,93,482792.0,439668.0,513595.0,533520.0,-73927.0,0.2906,132133.0,0.1923,50739.0
2022-11-01,관악구,2476,1549,760,167,1313,1082,81,482057.0,435456.0,515343.0,535441.0,-79886.0,0.2906,132133.0,0.1923,50739.0
2022-12-01,관악구,2776,1748,841,187,1431,1223,122,484561.0,442133.0,514867.0,533805.0,-72734.0,0.2906,132133.0,0.1923,50739.0
2021-01-01,광진구,1224,684,414,126,504,664,56,382873.0,369223.0,392624.0,396987.0,-23401.0,0.2562,72146.0,0.2659,109490.0
2021-02-01,광진구,1202,702,405,95,537,630,35,380118.0,365713.0,390408.0,395552.0,-24695.0,0.2562,72146.0,0.2659,109490.0
2021-03-01,광진구,1280,755,417,108,587,647,46,384739.0,368480.0,396352.0,401701.0,-27871.0,0.2562,72146.0,0.2659,109490.0
2021-04-01,광진구,1321,782,432,107,572,709,40,382276.0,366153.0,393792.0,399035.0,-27639.0,0.2562,72146.0,0.2659,109490.0
2021-05-01,광진구,1545,850,520,175,611,872,62,381328.0,367082.0,391504.0,397467.0,-24422.0,0.2562,72146.0,0.2659,109490.0
2021-06-01,광진구,1561,900,514,147,709,807,45,377447.0,361047.0,389162.0,394942.0,-28115.0,0.2562,72146.0,0.2659,109490.0
2021-07-01,광진구,1562,938,491,133,736,770,56,372858.0,356945.0,384224.0,389503.0,-27280.0,0.2562,72146.0,0.2659,109490.0
2021-08-01,광진구,1640,1034,507,99,807,786,47,369963.0,355356.0,380397.0,385864.0,-25041.0,0.2562,72146.0,0.2659,109490.0
2021-09-01,광진구,1739,1037,574,128,839,853,47,371778.0,358931.0,380955.0,386747.0,-22025.0,0.2562,72146.0,0.2659,109490.0
2021-10-01,광진구,1546,930,502,114,724,776,46,374384.0,360693.0,384163.0,389563.0,-23469.0,0.2562,72146.0,0.2659,109490.0
2021-11-01,광진구,1565,894,521,150,750,695,120,376075.0,360403.0,387270.0,393722.0,-26867.0,0.2562,72146.0,0.2659,109490.0
2021-12-01,광진구,1563,890,559,114,793,591,179,376274.0,361538.0,386801.0,391673.0,-25263.0,0.2562,72146.0,0.2659,109490.0
2022-01-01,광진구,1539,908,524,107,710,753,76,374093.0,359963.0,384185.0,389207.0,-24222.0,0.2764,71477.0,0.2633,85570.0
2022-02-01,광진구,1487,838,554,95,755,690,42,377963.0,365107.0,387147.0,392406.0,-22040.0,0.2764,71477.0,0.2633,85570.0
2022-03-01,광진구,1897,884,914,99,876,961,60,388533.0,375956.0,397516.0,402544.0,-21560.0,0.2764,71477.0,0.2633,85570.0
2022-04-01,광진구,1769,984,684,101,794,909,66,384473.0,370992.0,394103.0,401661.0,-23112.0,0.2764,71477.0,0.2633,85570.0
2022-05-01,광진구,1724,1009,597,118,809,864,51,388864.0,375406.0,398476.0,406571.0,-23070.0,0.2764,71477.0,0.2633,85570.0
2022-06-01,광진구,1660,947,575,138,750,864,46,390599.0,375388.0,401463.0,408650.0,-26075.0,0.2764,71477.0,0.2633,85570.0
2022-07-01,광진구,1856,1119,609,128,882,913,61,375928.0,360065.0,387258.0,393709.0,-27193.0,0.2764,71477.0,0.2633,85570.0
2022-08-01,광진구,1865,1082,706,77,899,922,44,374221.0,358458.0,385480.0,392885.0,-27023.0,0.2764,71477.0,0.2633,85570.0
2022-09-01,광진구,1707,1012,615,80,733,917,57,381429.0,367944.0,391061.0,399030.0,-23117.0,0.2764,71477.0,0.2633,85570.0
2022-10-01,광진구,1534,971,481,82,760,740,34,381216.0,367279.0,391172.0,398424.0,-23893.0,0.2764,71477.0,0.2633,85570.0
2022-11-01,광진구,1630,975,568,87,747,841,42,381256.0,366146.0,392049.0,399140.0,-25903.0,0.2764,71477.0,0.2633,85570.0
2022-12-01,광진구,1696,1064,542,90,790,862,44,384722.0,370252.0,395057.0,401599.0,-24805.0,0.2764,71477.0,0.2633,85570.0
2021-01-01,구로구,1524,893,508,123,671,827,26,424158.0,418919.0,427900.0,434463.0,-8981.0,0.3445,114891.0,0.2969,136054.0
2021-02-01,구로구,1428,790,552,86,659,734,35,420510.0,414216.0,425006.0,430675.0,-10790.0,0.3445,114891.0,0.2969,136054.0
2021-03-01,구로구,1658,963,599,96,801,809,48,419382.0,412516.0,424286.0,430113.0,-11770.0,0.3445,114891.0,0.2969,136054.0
2021-04-01,구로구,1725,963,632,130,744,938,43,416376.0,408946.0,421683.0,428416.0,-12737.0,0.3445,114891.0,0.2969,136054.0
2021-05-01,구로구,1859,1149,572,138,874,917,68,416546.0,408662.0,422177.0,429231.0,-13516.0,0.3445,114891.0,0.2969,136054.0
2021-06-01,구로구,2012,1209,663,140,934,997,81,418098.0,411316.0,422942.0,430787.0,-11625.0,0.3445,114891.0,0.2969,136054.0
2021-07-01,구로구,2106,1247,662,197,1011,1013,82,418062.0,410990.0,423113.0,430040.0,-12123.0,0.3445,114891.0,0.2969,136054.0
2021-08-01,구로구,1978,1213,667,98,1047,870,61,414938.0,407307.0,420389.0,427541.0,-13081.0,0.3445,114891.0,0.2969,136054.0
2021-09-01,구로구,2318,1442,748,128,1221,1013,84,415836.0,407390.0,421868.0,429289.0,-14478.0,0.3445,114891.0,0.2969,136054.0
2021-10-01,구로구,2135,1293,711,131,1083,965,87,417785.0,407743.0,424958.0,432973.0,-17215.0,0.3445,114891.0,0.2969,136054.0
2021-11-01,구로구,2063,1171,770,122,1126,814,123,421450.0,413382.0,427214.0,435715.0,-13832.0,0.3445,114891.0,0.2969,136054.0
2021-12-01,구로구,2085,1095,860,130,1291,549,245,424275.0,417686.0,428982.0,435975.0,-11297.0,0.3445,114891.0,0.2969,136054.0
2022-01-01,구로구,1919,1086,700,133,993,848,78,424576.0,417289.0,429781.0,436462.0,-12492.0,0.3428,118042.0,0.2979,143607.0
2022-02-01,구로구,1961,1058,792,111,1000,867,94,423564.0,416551.0,428573.0,435469.0,-12022.0,0.3428,118042.0,0.2979,143607.0
2022-03-01,구로구,2582,1204,1274,104,1280,1228,74,423091.0,415518.0,428500.0,435015.0,-12982.0,0.3428,118042.0,0.2979,143607.0
2022-04-01,구로구,2140,1124,893,123,1052,1026,62,418504.0,408818.0,425423.0,433279.0,-16605.0,0.3428,118042.0,0.2979,143607.0
2022-05-01,구로구,2085,1247,714,124,1025,1027,33,421402.0,411157.0,428720.0,436491.0,-17563.0,0.3428,118042.0,0.2979,143607.0
2022-06-01,구로구,1992,1121,709,162,946,992,54,427159.0,418568.0,433294.0,442510.0,-14726.0,0.3428,118042.0,0.2979,143607.0
2022-07-01,구로구,2270,1289,810,171,1100,1115,55,418250.0,409656.0,424389.0,431686.0,-14733.0,0.3428,118042.0,0.2979,143607.0
2022-08-01,구로구,2402,1359,917,126,1210,1146,46,414125.0,405225.0,420483.0,429146.0,-15258.0,0.3428,118042.0,0.2979,143607.0
2022-09-01,구로구,2161,1263,787,111,1043,1067,51,413289.0,404304.0,419706.0,427494.0,-15403.0,0.3428,118042.0,0.2979,143607.0
2022-10-01,구로구,2000,1251,646,103,1006,963,31,414579.0,403461.0,422521.0,431425.0,-19060.0,0.3428,118042.0,0.2979,143607.0
2022-11-01,구로구,2107,1296,688,123,1042,1015,50,420367.0,411687.0,426567.0,436078.0,-14881.0,0.3428,118042.0,0.2979,143607.0
2022-12-01,구로구,2224,1335,764,125,1060,1127,37,424141.0,417888.0,428606.0,435413.0,-10718.0,0.3428,118042.0,0.2979,143607.0
2021-01-01,금천구,1094,603,377,114,455,610,29,241210.0,257790.0,229367.0,261565.0,28423.0,0.2928,74036.0,0.2217,31380.0
2021-02-01,금천구,962,490,388,84,409,511,42,237798.0,254159.0,226111.0,258748.0,28049.0,0.2928,74036.0,0.2217,31380.0
2021-03-01,금천구,1160,601,440,119,499,628,33,239229.0,257493.0,226184.0,261660.0,31309.0,0.2928,74036.0,0.2217,31380.0
2021-04-01,금천구,1225,643,493,89,504,685,36,237178.0,255681.0,223962.0,260643.0,31719.0,0.2928,74036.0,0.2217,31380.0
2021-05-01,금천구,1277,683,466,128,527,698,52,234309.0,249870.0,223193.0,255545.0,26677.0,0.2928,74036.0,0.2217,31380.0
2021-06-01,금천구,1392,723,518,151,593,755,44,236723.0,255189.0,223533.0,260822.0,31656.0,0.2928,74036.0,0.2217,31380.0
2021-07-01,금천구,1390,744,521,125,589,760,41,236791.0,254208.0,224351.0,258773.0,29856.0,0.2928,74036.0,0.2217,31380.0
2021-08-01,금천구,1321,762,469,90,635,654,32,234568.0,250175.0,223421.0,254949.0,26755.0,0.2928,74036.0,0.2217,31380.0
2021-09-01,금천구,1339,773,472,94,640,676,23,235740.0,250952.0,224873.0,255785.0,26079.0,0.2928,74036.0,0.2217,31380.0
2021-10-01,금천구,1302,746,465,91,623,648,31,236643.0,250913.0,226450.0,256177.0,24462.0,0.2928,74036.0,0.2217,31380.0
2021-11-01,금천구,1335,729,524,82,666,569,100,240888.0,259122.0,227863.0,263855.0,31259.0,0.2928,74036.0,0.2217,31380.0
2021-12-01,금천구,1315,694,540,81,748,384,183,242336.0,260157.0,229607.0,264597.0,30550.0,0.2928,74036.0,0.2217,31380.0
2022-01-01,금천구,1195,660,446,89,594,519,82,240788.0,256944.0,229249.0,261855.0,27695.0,0.3162,76722.0,0.2293,32052.0
2022-02-01,금천구,1318,730,500,88,707,547,64,239688.0,254487.0,229118.0,259097.0,25370.0,0.3162,76722.0,0.2293,32052.0
2022-03-01,금천구,1682,711,864,107,837,807,38,237067.0,251222.0,226955.0,255476.0,24267.0,0.3162,76722.0,0.2293,32052.0
2022-04-01,금천구,1415,748,577,90,678,705,32,236623.0,251523.0,225980.0,257204.0,25544.0,0.3162,76722.0,0.2293,32052.0
2022-05-01,금천구,1412,766,525,121,639,746,27,237933.0,252796.0,227317.0,259092.0,25480.0,0.3162,76722.0,0.2293,32052.0
2022-06-01,금천구,1407,820,455,132,656,726,25,240471.0,255919.0,229436.0,262392.0,26483.0,0.3162,76722.0,0.2293,32052.0
2022-07-01,금천구,1531,815,579,137,718,782,31,236805.0,251870.0,226044.0,257539.0,25826.0,0.3162,76722.0,0.2293,32052.0
2022-08-01,금천구,1618,876,649,93,812,768,38,234954.0,249655.0,224453.0,255608.0,25202.0,0.3162,76722.0,0.2293,32052.0
2022-09-01,금천구,1475,831,564,80,745,681,49,232545.0,246532.0,222554.0,252136.0,23979.0,0.3162,76722.0,0.2293,32052.0
2022-10-01,금천구,1238,683,456,99,600,606,32,232342.0,243872.0,224107.0,250614.0,19765.0,0.3162,76722.0,0.2293,32052.0
2022-11-01,금천구,1440,823,517,100,662,734,44,236055.0,251222.0,225221.0,256826.0,26001.0,0.3162,76722.0,0.2293,32052.0
2022-12-01,금천구,1532,814,557,161,679,816,37,237589.0,252583.0,226879.0,257448.0,25704.0,0.3162,76722.0,0.2293,32052.0
2021-01-01,노원구,1914,1170,620,124,1027,801,86,526353.0,501029.0,544442.0,554994.0,-43413.0,0.3199,124879.0,0.2635,148191.0
2021-02-01,노원구,1823,1109,597,117,983,750,90,520482.0,493280.0,539912.0,552151.0,-46633.0,0.3199,124879.0,0.2635,148191.0
2021-03-01,노원구,1925,1200,627,98,1035,802,88,524111.0,495234.0,544737.0,557845.0,-49503.0,0.3199,124879.0,0.2635,148191.0
2021-04-01,노원구,2073,1274,688,111,1077,885,111,519253.0,489710.0,540355.0,553692.0,-50645.0,0.3199,124879.0,0.2635,148191.0
2021-05-01,노원구,2338,1451,734,153,1229,994,115,517289.0,489652.0,537030.0,550650.0,-47378.0,0.3199,124879.0,0.2635,148191.0
2021-06-01,노원구,2452,1514,771,167,1278,1009,165,514233.0,485093.0,535047.0,548444.0,-49955.0,0.3199,124879.0,0.2635,148191.0
2021-07-01,노원구,2335,1473,684,178,1235,949,151,508597.0,480766.0,528475.0,541333.0,-47709.0,0.3199,124879.0,0.2635,148191.0
2021-08-01,노원구,2232,1441,673,118,1192,946,94,506099.0,478804.0,525596.0,537896.0,-46792.0,0.3199,124879.0,0.2635,148191.0
2021-09-01,노원구,2201,1376,716,109,1148,936,117,509435.0,482863.0,528415.0,541018.0,-45552.0,0.3199,124879.0,0.2635,148191.0
2021-10-01,노원구,2256,1407,756,93,1221,929,106,509178.0,481822.0,528718.0,541445.0,-46896.0,0.3199,124879.0,0.2635,148191.0
2021-11-01,노원구,2271,1374,797,100,1313,800,158,506959.0,477527.0,527982.0,541317.0,-50455.0,0.3199,124879.0,0.2635,148191.0
2021-12-01,노원구,2173,1175,878,120,1325,565,283,510692.0,483710.0,529966.0,541794.0,-46256.0,0.3199,124879.0,0.2635,148191.0
2022-01-01,노원구,2038,1179,731,128,1114,827,97,506245.0,479306.0,525487.0,536946.0,-46181.0,0.3193,132849.0,0.258,153906.0
2022-02-01,노원구,2223,1257,885,81,1311,821,91,509654.0,484357.0,527723.0,539245.0,-43366.0,0.3193,132849.0,0.258,153906.0
2022-03-01,노원구,2868,1419,1362,87,1657,1094,117,514732.0,491417.0,531385.0,541981.0,-39968.0,0.3193,132849.0,0.258,153906.0
2022-04-01,노원구,2340,1361,866,113,1297,950,93,506032.0,478971.0,525361.0,538586.0,-46390.0,0.3193,132849.0,0.258,153906.0
2022-05-01,노원구,2291,1406,763,122,1211,988,92,509389.0,480779.0,529825.0,545506.0,-49046.0,0.3193,132849.0,0.258,153906.0
2022-06-01,노원구,2139,1344,672,123,1185,851,103,512803.0,483229.0,533927.0,549347.0,-50698.0,0.3193,132849.0,0.258,153906.0
2022-07-01,노원구,2525,1598,836,91,1457,969,99,495307.0,465961.0,516268.0,530988.0,-50307.0,0.3193,132849.0,0.258,153906.0
2022-08-01,노원구,2734,1649,962,123,1624,980,130,487786.0,458357.0,508806.0,522604.0,-50449.0,0.3193,132849.0,0.258,153906.0
2022-09-01,노원구,2526,1509,899,118,1432,982,112,495220.0,468076.0,514608.0,529023.0,-46532.0,0.3193,132849.0,0.258,153906.0
2022-10-01,노원구,2138,1382,658,98,1212,846,80,495579.0,467730.0,515472.0,529344.0,-47741.0,0.3193,132849.0,0.258,153906.0
2022-11-01,노원구,2213,1411,668,134,1258,871,84,495299.0,466780.0,515669.0,529230.0,-48890.0,0.3193,132849.0,0.258,153906.0
2022-12-01,노원구,2478,1560,762,156,1336,1044,98,497729.0,470656.0,517067.0,530025.0,-46412.0,0.3193,132849.0,0.258,153906.0
2021-01-01,도봉구,1189,753,345,91,588,563,38,285590.0,271400.0,295726.0,300708.0,-24326.0,0.2698,84187.0,0.1728,52543.0
2021-02-01,도봉구,1155,722,381,52,586,528,41,283403.0,268198.0,294263.0,299838.0,-26066.0,0.2698,84187.0,0.1728,52543.0
2021-03-01,도봉구,1269,777,418,74,609,616,44,280484.0,263170.0,292852.0,299592.0,-29682.0,0.2698,84187.0,0.1728,52543.0
2021-04-01,도봉구,1306,833,395,78,676,595,35,277741.0,259681.0,290642.0,297545.0,-30961.0,0.2698,84187.0,0.1728,52543.0
2021-05-01,도봉구,1503,918,487,98,728,723,52,279011.0,262840.0,290562.0,297144.0,-27722.0,0.2698,84187.0,0.1728,52543.0
2021-06-01,도봉구,1610,1017,492,101,831,727,52,274867.0,257328.0,287395.0,294774.0,-30067.0,0.2698,84187.0,0.1728,52543.0
2021-07-01,도봉구,1493,952,446,95,793,652,48,276688.0,260078.0,288553.0,295326.0,-28475.0,0.2698,84187.0,0.1728,52543.0
2021-08-01,도봉구,1628,1020,519,89,827,753,48,276547.0,260014.0,288356.0,294490.0,-28342.0,0.2698,84187.0,0.1728,52543.0
2021-09-01,도봉구,1556,1008,478,70,804,690,62,279074.0,262899.0,290628.0,297254.0,-27729.0,0.2698,84187.0,0.1728,52543.0
2021-10-01,도봉구,1469,916,475,78,732,674,63,276273.0,258706.0,288820.0,296204.0,-30114.0,0.2698,84187.0,0.1728,52543.0
2021-11-01,도봉구,1582,930,559,93,804,660,118,274451.0,256200.0,287488.0,295245.0,-31288.0,0.2698,84187.0,0.1728,52543.0
2021-12-01,도봉구,1562,871,604,87,905,435,222,277432.0,260243.0,289710.0,296419.0,-29467.0,0.2698,84187.0,0.1728,52543.0
2022-01-01,도봉구,1441,861,483,97,754,590,97,279106.0,262577.0,290912.0,297173.0,-28335.0,0.2636,86343.0,0.184,59353.0
2022-02-01,도봉구,1481,838,580,63,798,622,61,279581.0,264038.0,290684.0,296770.0,-26646.0,0.2636,86343.0,0.184,59353.0
2022-03-01,도봉구,1895,930,908,57,1022,792,81,277678.0,261955.0,288909.0,295306.0,-26954.0,0.2636,86343.0,0.184,59353.0
2022-04-01,도봉구,1603,929,571,103,846,681,76,273183.0,254588.0,286465.0,294666.0,-31877.0,0.2636,86343.0,0.184,59353.0
2022-05-01,도봉구,1481,961,460,60,779,633,69,275028.0,255821.0,288747.0,297852.0,-32926.0,0.2636,86343.0,0.184,59353.0
2022-06-01,도봉구,1498,953,454,91,800,613,85,277469.0,258613.0,290937.0,299514.0,-32324.0,0.2636,86343.0,0.184,59353.0
2022-07-01,도봉구,1650,1061,507,82,890,683,77,269380.0,251056.0,282469.0,290509.0,-31413.0,0.2636,86343.0,0.184,59353.0
2022-08-01,도봉구,1955,1194,663,98,1086,783,86,266279.0,248132.0,279241.0,286839.0,-31109.0,0.2636,86343.0,0.184,59353.0
2022-09-01,도봉구,1654,1013,560,81,908,674,72,268564.0,250890.0,281189.0,289222.0,-30299.0,0.2636,86343.0,0.184,59353.0
2022-10-01,도봉구,1474,983,423,68,795,630,49,267026.0,248776.0,280061.0,288171.0,-31285.0,0.2636,86343.0,0.184,59353.0
2022-11-01,도봉구,1534,975,479,80,858,630,46,266426.0,247145.0,280199.0,288597.0,-33054.0,0.2636,86343.0,0.184,59353.0
2022-12-01,도봉구,1655,1033,527,95,865,724,66,269076.0,251075.0,281934.0,289878.0,-30859.0,0.2636,86343.0,0.184,59353.0
2021-01-01,동대문구,1596,887,559,150,665,872,59,371142.0,368733.0,372863.0,377165.0,-4130.0,0.2401,93822.0,0.2013,140259.0
2021-02-01,동대문구,1403,777,541,85,603,708,92,367492.0,364449.0,369665.0,375047.0,-5216.0,0.2401,93822.0,0.2013,140259.0
2021-03-01,동대문구,1595,907,607,81,684,834,77,377340.0,374114.0,379644.0,385784.0,-5530.0,0.2401,93822.0,0.2013,140259.0
2021-04-01,동대문구,1582,921,546,115,700,799,83,375370.0,370974.0,378510.0,385004.0,-7536.0,0.2401,93822.0,0.2013,140259.0
2021-05-01,동대문구,1778,986,631,161,758,937,83,371818.0,366894.0,375335.0,381664.0,-8441.0,0.2401,93822.0,0.2013,140259.0
2021-06-01,동대문구,1999,1189,663,147,927,976,96,370954.0,366212.0,374341.0,381238.0,-8129.0,0.2401,93822.0,0.2013,140259.0
2021-07-01,동대문구,2175,1235,746,194,993,1044,138,361109.0,356013.0,364748.0,370556.0,-8736.0,0.2401,93822.0,0.2013,140259.0
2021-08-01,동대문구,1915,1187,621,107,984,829,102,362018.0,356419.0,366018.0,371385.0,-9599.0,0.2401,93822.0,0.2013,140259.0
2021-09-01,동대문구,2116,1266,740,110,1024,969,123,369429.0,365096.0,372523.0,379276.0,-7427.0,0.2401,93822.0,0.2013,140259.0
2021-10-01,동대문구,2023,1196,708,119,978,959,86,369100.0,364322.0,372513.0,379238.0,-8191.0,0.2401,93822.0,0.2013,140259.0
2021-11-01,동대문구,1969,1188,696,85,1037,759,173,371678.0,367843.0,374418.0,382520.0,-6575.0,0.2401,93822.0,0.2013,140259.0
2021-12-01,동대문구,2110,1187,801,122,1227,591,292,371278.0,367064.0,374288.0,381400.0,-7224.0,0.2401,93822.0,0.2013,140259.0
2022-01-01,동대문구,1900,1097,692,111,915,884,101,363389.0,359011.0,366516.0,372818.0,-7505.0,0.2547,96372.0,0.2293,141074.0
2022-02-01,동대문구,1785,946,734,105,852,855,78,368926.0,364852.0,371837.0,377593.0,-6985.0,0.2547,96372.0,0.2293,141074.0
2022-03-01,동대문구,2411,1207,1085,119,1236,1081,94,380023.0,376436.0,382584.0,388000.0,-6148.0,0.2547,96372.0,0.2293,141074.0
2022-04-01,동대문구,2051,1131,776,144,991,991,69,373747.0,368348.0,377602.0,384639.0,-9254.0,0.2547,96372.0,0.2293,141074.0
2022-05-01,동대문구,1958,1155,685,118,922,971,65,379837.0,374796.0,383438.0,390996.0,-8643.0,0.2547,96372.0,0.2293,141074.0
2022-06-01,동대문구,1796,1025,636,135,846,903,47,385100.0,380575.0,388332.0,396328.0,-7757.0,0.2547,96372.0,0.2293,141074.0
2022-07-01,동대문구,2110,1232,759,119,1045,1015,50,366522.0,360941.0,370509.0,378511.0,-9567.0,0.2547,96372.0,0.2293,141074.0
2022-08-01,동대문구,2176,1270,751,155,1104,1006,66,364245.0,357992.0,368712.0,375369.0,-10720.0,0.2547,96372.0,0.2293,141074.0
2022-09-01,동대문구,2084,1220,734,130,981,1047,56,375953.0,372184.0,378644.0,387053.0,-6460.0,0.2547,96372.0,0.2293,141074.0
2022-10-01,동대문구,1863,1105,639,119,875,944,44,375006.0,370030.0,378560.0,386316.0,-8530.0,0.2547,96372.0,0.2293,141074.0
2022-11-01,동대문구,1889,1133,642,114,928,915,46,379475.0,375142.0,382569.0,390540.0,-7427.0,0.2547,96372.0,0.2293,141074.0
2022-12-01,동대문구,1963,1181,694,88,935,968,60,381956.0,377662.0,385023.0,392810.0,-7360.0,0.2547,96372.0,0.2293,141074.0
2021-01-01,동작구,1349,832,427,90,619,705,25,399618.0,378414.0,414763.0,422569.0,-36349.0,0.2808,86570.0,0.2103,113381.0
2021-02-01,동작구,1245,772,404,69,609,620,16,395334.0,372838.0,411404.0,421246.0,-38566.0,0.2808,86570.0,0.2103,113381.0
2021-03-01,동작구,1348,817,450,81,649,670,29,398914.0,374185.0,416578.0,427083.0,-42393.0,0.2808,86570.0,0.2103,113381.0
2021-04-01,동작구,1489,943,452,94,712,740,37,395251.0,369375.0,413734.0,424570.0,-44359.0,0.2808,86570.0,0.2103,113381.0
2021-05-01,동작구,1563,947,471,145,708,836,19,393154.0,368564.0,410718.0,421812.0,-42155.0,0.2808,86570.0,0.2103,113381.0
2021-06-01,동작구,1650,1038,484,128,808,808,34,390710.0,364647.0,409327.0,420901.0,-44679.0,0.2808,86570.0,0.2103,113381.0
2021-07-01,동작구,1629,982,503,144,793,808,28,390980.0,367603.0,407679.0,418257.0,-40076.0,0.2808,86570.0,0.2103,113381.0
2021-08-01,동작구,1544,983,471,90,784,722,38,389943.0,366799.0,406473.0,416776.0,-39674.0,0.2808,86570.0,0.2103,113381.0
2021-09-01,동작구,1640,997,550,93,841,768,31,389969.0,366571.0,406681.0,417248.0,-40110.0,0.2808,86570.0,0.2103,113381.0
2021-10-01,동작구,1588,984,512,92,809,758,21,391381.0,367202.0,408651.0,419344.0,-41449.0,0.2808,86570.0,0.2103,113381.0
2021-11-01,동작구,1601,964,554,83,882,639,80,391208.0,366074.0,409160.0,419455.0,-43086.0,0.2808,86570.0,0.2103,113381.0
2021-12-01,동작구,1595,866,615,114,916,514,165,394659.0,370436.0,411961.0,421585.0,-41525.0,0.2808,86570.0,0.2103,113381.0
2022-01-01,동작구,1575,925,560,90,763,751,61,391617.0,368173.0,408363.0,417661.0,-40190.0,0.2935,95523.0,0.2268,144601.0
2022-02-01,동작구,1603,842,639,122,783,759,61,395868.0,374072.0,411438.0,420574.0,-37366.0,0.2935,95523.0,0.2268,144601.0
2022-03-01,동작구,2045,907,1038,100,1024,964,57,404818.0,384627.0,419240.0,426636.0,-34613.0,0.2935,95523.0,0.2268,144601.0
2022-04-01,동작구,1827,1074,699,54,926,854,47,397872.0,373763.0,415093.0,424012.0,-41329.0,0.2935,95523.0,0.2268,144601.0
2022-05-01,동작구,1780,1045,632,103,857,878,45,400989.0,375238.0,419383.0,429946.0,-44144.0,0.2935,95523.0,0.2268,144601.0
2022-06-01,동작구,1747,999,656,92,835,870,42,404624.0,378908.0,422992.0,433402.0,-44084.0,0.2935,95523.0,0.2268,144601.0
2022-07-01,동작구,1938,1216,619,103,975,925,38,389742.0,363468.0,408509.0,419282.0,-45042.0,0.2935,95523.0,0.2268,144601.0
2022-08-01,동작구,2258,1237,871,150,1102,1097,59,385611.0,359641.0,404161.0,414189.0,-44520.0,0.2935,95523.0,0.2268,144601.0
2022-09-01,동작구,1996,1182,722,92,994,953,49,393925.0,370879.0,410386.0,420354.0,-39506.0,0.2935,95523.0,0.2268,144601.0
2022-10-01,동작구,1700,1030,575,95,814,845,41,394194.0,369955.0,411507.0,421522.0,-41552.0,0.2935,95523.0,0.2268,144601.0
2022-11-01,동작구,1789,1080,590,119,868,890,31,397919.0,373535.0,415336.0,424602.0,-41801.0,0.2935,95523.0,0.2268,144601.0
2022-12-01,동작구,1928,1162,655,111,901,975,52,402928.0,378833.0,420139.0,430624.0,-41307.0,0.2935,95523.0,0.2268,144601.0
2021-01-01,마포구,1571,912,516,143,614,926,31,457647.0,477537.0,443440.0,486013.0,34097.0,0.3234,79612.0,0.2234,0.0
2021-02-01,마포구,1482,853,487,142,620,835,27,460807.0,482943.0,444996.0,496637.0,37947.0,0.3234,79612.0,0.2234,0.0
2021-03-01,마포구,1818,1064,595,159,712,1085,21,471461.0,493878.0,455448.0,507358.0,38430.0,0.3234,79612.0,0.2234,0.0
2021-04-01,마포구,1809,1045,597,167,668,1103,38,468101.0,490317.0,452232.0,503517.0,38085.0,0.3234,79612.0,0.2234,0.0
2021-05-01,마포구,1945,1100,646,199,744,1154,47,467265.0,488624.0,452009.0,504033.0,36615.0,0.3234,79612.0,0.2234,0.0
2021-06-01,마포구,2229,1310,693,226,910,1277,42,470326.0,493410.0,453837.0,508587.0,39572.0,0.3234,79612.0,0.2234,0.0
2021-07-01,마포구,2123,1151,733,239,832,1257,34,459548.0,480251.0,444760.0,489073.0,35491.0,0.3234,79612.0,0.2234,0.0
2021-08-01,마포구,2001,1203,647,151,910,1064,27,457454.0,479896.0,441424.0,491273.0,38472.0,0.3234,79612.0,0.2234,0.0
2021-09-01,마포구,2319,1319,823,177,997,1295,27,453005.0,474795.0,437441.0,488223.0,37354.0,0.3234,79612.0,0.2234,0.0
2021-10-01,마포구,2189,1232,761,196,896,1241,52,458932.0,481584.0,442751.0,496241.0,38833.0,0.3234,79612.0,0.2234,0.0
2021-11-01,마포구,2153,1158,857,138,945,1027,181,469367.0,491061.0,453871.0,505704.0,37190.0,0.3234,79612.0,0.2234,0.0
2021-12-01,마포구,2031,1060,820,151,1026,663,342,466890.0,490230.0,450219.0,503724.0,40011.0,0.3234,79612.0,0.2234,0.0
2022-01-01,마포구,1908,1050,709,149,757,1081,70,457536.0,482753.0,439523.0,498493.0,43230.0,0.3405,81215.0,0.2576,0.0
2022-02-01,마포구,1924,1014,759,151,823,1062,39,459305.0,482609.0,442659.0,497643.0,39950.0,0.3405,81215.0,0.2576,0.0
2022-03-01,마포구,2451,1122,1175,154,1011,1392,48,465197.0,486260.0,450151.0,501230.0,36109.0,0.3405,81215.0,0.2576,0.0
2022-04-01,마포구,2233,1140,934,159,862,1331,40,470402.0,491683.0,455201.0,507947.0,36482.0,0.3405,81215.0,0.2576,0.0
2022-05-01,마포구,2280,1231,883,166,812,1435,33,483954.0,506119.0,468123.0,523954.0,37996.0,0.3405,81215.0,0.2576,0.0
2022-06-01,마포구,2069,1133,784,152,780,1257,32,489830.0,510146.0,475320.0,531621.0,34826.0,0.3405,81215.0,0.2576,0.0
2022-07-01,마포구,2564,1301,1068,195,949,1563,52,480056.0,501951.0,464417.0,521431.0,37535.0,0.3405,81215.0,0.2576,0.0
2022-08-01,마포구,2680,1367,1121,192,1013,1619,48,474433.0,496834.0,458432.0,514265.0,38402.0,0.3405,81215.0,0.2576,0.0
2022-09-01,마포구,2490,1294,1011,185,932,1504,54,478793.0,500964.0,462956.0,519984.0,38008.0,0.3405,81215.0,0.2576,0.0
2022-10-01,마포구,2138,1201,815,122,867,1241,30,483885.0,506672.0,467608.0,524181.0,39064.0,0.3405,81215.0,0.2576,0.0
2022-11-01,마포구,2234,1204,878,152,880,1315,39,484173.0,507576.0,467456.0,523792.0,40120.0,0.3405,81215.0,0.2576,0.0
2022-12-01,마포구,2313,1303,847,163,894,1387,32,487812.0,511559.0,470850.0,529440.0,40709.0,0.3405,81215.0,0.2576,0.0
2021-01-01,서대문구,1261,825,339,97,597,635,29,377891.0,382092.0,374891.0,387634.0,7201.0,0.3089,76809.0,0.474,224322.0
2021-02-01,서대문구,1187,763,349,75,548,598,41,375243.0,379097.0,372490.0,387026.0,6607.0,0.3089,76809.0,0.474,224322.0
2021-03-01,서대문구,1259,778,392,89,584,636,39,385004.0,390833.0,380840.0,398774.0,9993.0,0.3089,76809.0,0.474,224322.0
2021-04-01,서대문구,1339,831,409,99,626,676,37,381027.0,386316.0,377249.0,395288.0,9068.0,0.3089,76809.0,0.474,224322.0
2021-05-01,서대문구,1513,960,409,144,697,765,51,377371.0,381206.0,374633.0,391088.0,6573.0,0.3089,76809.0,0.474,224322.0
2021-06-01,서대문구,1603,974,483,146,785,783,35,380214.0,385689.0,376304.0,394581.0,9386.0,0.3089,76809.0,0.474,224322.0
2021-07-01,서대문구,1606,968,502,136,796,744,66,369419.0,373520.0,366489.0,381048.0,7031.0,0.3089,76809.0,0.474,224322.0
2021-08-01,서대문구,1563,1009,468,86,817,702,44,369914.0,372462.0,368094.0,381204.0,4368.0,0.3089,76809.0,0.474,224322.0
2021-09-01,서대문구,1653,1019,500,134,824,788,41,372304.0,374526.0,370716.0,385755.0,3810.0,0.3089,76809.0,0.474,224322.0
2021-10-01,서대문구,1575,982,495,98,803,731,41,375833.0,378013.0,374276.0,389430.0,3737.0,0.3089,76809.0,0.474,224322.0
2021-11-01,서대문구,1611,931,588,92,822,654,135,380139.0,385557.0,376269.0,394614.0,9289.0,0.3089,76809.0,0.474,224322.0
2021-12-01,서대문구,1606,919,570,117,940,453,213,375513.0,380898.0,371667.0,388808.0,9231.0,0.3089,76809.0,0.474,224322.0
2022-01-01,서대문구,1516,928,493,95,769,685,62,367200.0,371576.0,364073.0,379808.0,7503.0,0.304,80766.0,0.4898,224314.0
2022-02-01,서대문구,1466,836,545,85,756,662,48,375250.0,380004.0,371854.0,387583.0,8151.0,0.304,80766.0,0.4898,224314.0
2022-03-01,서대문구,2022,1006,930,86,1045,901,76,384040.0,389340.0,380254.0,397006.0,9087.0,0.304,80766.0,0.4898,224314.0
2022-04-01,서대문구,1654,972,607,75,865,741,48,381395.0,386931.0,377440.0,397766.0,9490.0,0.304,80766.0,0.4898,224314.0
2022-05-01,서대문구,1639,999,577,63,818,766,55,388505.0,394664.0,384106.0,407380.0,10558.0,0.304,80766.0,0.4898,224314.0
2022-06-01,서대문구,1428,926,441,61,748,622,58,390690.0,396231.0,386733.0,408126.0,9499.0,0.304,80766.0,0.4898,224314.0
2022-07-01,서대문구,1713,1066,554,93,891,772,50,374363.0,378523.0,371392.0,390191.0,7131.0,0.304,80766.0,0.4898,224314.0
2022-08-01,서대문구,1775,1093,605,77,943,782,50,377594.0,382053.0,374410.0,393754.0,7643.0,0.304,80766.0,0.4898,224314.0
2022-09-01,서대문구,1618,992,547,79,845,720,53,387693.0,395880.0,381845.0,410290.0,14035.0,0.304,80766.0,0.4898,224314.0
2022-10-01,서대문구,1493,979,453,61,765,678,50,386182.0,392368.0,381764.0,406746.0,10604.0,0.304,80766.0,0.4898,224314.0
2022-11-01,서대문구,1519,968,471,80,795,686,38,392884.0,402385.0,386097.0,414366.0,16287.0,0.304,80766.0,0.4898,224314.0
2022-12-01,서대문구,1722,1072,545,105,875,800,47,392886.0,399794.0,387951.0,411168.0,11843.0,0.304,80766.0,0.4898,224314.0
2021-01-01,서초구,1570,889,517,164,600,932,38,568683.0,638792.0,518605.0,656527.0,120188.0,0.3542,73447.0,0.5195,138739.0
2021-02-01,서초구,1412,770,505,137,585,798,29,568204.0,641864.0,515589.0,660968.0,126275.0,0.3542,73447.0,0.5195,138739.0
2021-03-01,서초구,1631,891,635,105,655,944,32,586584.0,667986.0,528440.0,686699.0,139547.0,0.3542,73447.0,0.5195,138739.0
2021-04-01,서초구,1668,923,613,132,625,994,49,584531.0,665830.0,526460.0,683952.0,139371.0,0.3542,73447.0,0.5195,138739.0
2021-05-01,서초구,1915,1019,655,241,779,1086,50,570964.0,645770.0,517531.0,662634.0,128238.0,0.3542,73447.0,0.5195,138739.0
2021-06-01,서초구,2078,1163,689,226,914,1072,92,583658.0,666677.0,524359.0,684761.0,142318.0,0.3542,73447.0,0.5195,138739.0
2021-07-01,서초구,2103,1212,664,227,953,1068,82,569810.0,646303.0,515172.0,663784.0,131131.0,0.3542,73447.0,0.5195,138739.0
2021-08-01,서초구,1929,1162,605,162,855,1006,68,561307.0,633735.0,509572.0,651226.0,124163.0,0.3542,73447.0,0.5195,138739.0
2021-09-01,서초구,1980,1146,698,136,847,1059,74,555277.0,624631.0,505738.0,642557.0,118892.0,0.3542,73447.0,0.5195,138739.0
2021-10-01,서초구,1938,1102,671,165,819,1038,81,564582.0,637253.0,512673.0,654375.0,124580.0,0.3542,73447.0,0.5195,138739.0
2021-11-01,서초구,2010,1100,774,136,875,1018,117,583641.0,666629.0,524365.0,684717.0,142264.0,0.3542,73447.0,0.5195,138739.0
2021-12-01,서초구,2002,1100,773,129,960,777,265,576062.0,657416.0,517953.0,676136.0,139463.0,0.3542,73447.0,0.5195,138739.0
2022-01-01,서초구,1828,1006,684,138,765,982,81,566961.0,646267.0,510314.0,665432.0,135952.0,0.3661,75412.0,0.5224,135251.0
2022-02-01,서초구,1730,851,764,115,786,887,57,565671.0,639986.0,512588.0,658464.0,127398.0,0.3661,75412.0,0.5224,135251.0
2022-03-01,서초구,2289,992,1176,121,1021,1193,75,564861.0,637868.0,512714.0,654524.0,125153.0,0.3661,75412.0,0.5224,135251.0
2022-04-01,서초구,2071,1020,890,161,905,1092,74,576783.0,657546.0,519095.0,674264.0,138451.0,0.3661,75412.0,0.5224,135251.0
2022-05-01,서초구,2137,1184,796,157,875,1184,78,587556.0,669977.0,528684.0,688023.0,141293.0,0.3661,75412.0,0.5224,135251.0
2022-06-01,서초구,2047,1130,752,165,816,1158,73,595318.0,679510.0,535181.0,699285.0,144329.0,0.3661,75412.0,0.5224,135251.0
2022-07-01,서초구,2520,1322,1010,188,1059,1378,83,579725.0,663628.0,519794.0,683674.0,143835.0,0.3661,75412.0,0.5224,135251.0
2022-08-01,서초구,2535,1311,1042,182,1024,1426,85,568136.0,648250.0,510912.0,666348.0,137338.0,0.3661,75412.0,0.5224,135251.0
2022-09-01,서초구,2042,1146,769,127,825,1155,62,566800.0,645570.0,510536.0,664667.0,135034.0,0.3661,75412.0,0.5224,135251.0
2022-10-01,서초구,1976,1143,709,124,786,1136,54,568004.0,645455.0,512682.0,664208.0,132774.0,0.3661,75412.0,0.5224,135251.0
2022-11-01,서초구,2084,1157,750,177,884,1149,51,580690.0,669632.0,517160.0,688742.0,152472.0,0.3661,75412.0,0.5224,135251.0
2022-12-01,서초구,2318,1244,908,166,835,1425,58,578314.0,664123.0,517022.0,685544.0,147102.0,0.3661,75412.0,0.5224,135251.0
2021-01-01,성동구,1093,670,338,85,483,579,31,354413.0,365087.0,346789.0,368993.0,18298.0,0.2724,69960.0,0.2855,98533.0
2021-02-01,성동구,1138,631,408,99,471,630,37,352673.0,364194.0,344443.0,369595.0,19752.0,0.2724,69960.0,0.2855,98533.0
2021-03-01,성동구,1150,663,410,77,477,618,55,361468.0,374210.0,352367.0,379378.0,21844.0,0.2724,69960.0,0.2855,98533.0
2021-04-01,성동구,1244,732,412,100,535,659,50,360497.0,374539.0,350467.0,380400.0,24072.0,0.2724,69960.0,0.2855,98533.0
2021-05-01,성동구,1389,846,414,129,585,750,54,355053.0,366532.0,346853.0,372656.0,19679.0,0.2724,69960.0,0.2855,98533.0
2021-06-01,성동구,1416,846,439,131,644,723,49,359828.0,372800.0,350563.0,378534.0,22237.0,0.2724,69960.0,0.2855,98533.0
2021-07-01,성동구,1431,850,443,138,641,754,36,353112.0,365017.0,344609.0,369587.0,20407.0,0.2724,69960.0,0.2855,98533.0
2021-08-01,성동구,1382,820,454,108,610,739,33,352943.0,363662.0,345286.0,369016.0,18376.0,0.2724,69960.0,0.2855,98533.0
2021-09-01,성동구,1349,824,466,59,618,700,31,355348.0,366326.0,347507.0,371805.0,18819.0,0.2724,69960.0,0.2855,98533.0
2021-10-01,성동구,1375,808,454,113,624,719,32,357638.0,369144.0,349420.0,374921.0,19724.0,0.2724,69960.0,0.2855,98533.0
2021-11-01,성동구,1407,857,465,85,676,651,80,364084.0,379500.0,353073.0,384737.0,26427.0,0.2724,69960.0,0.2855,98533.0
2021-12-01,성동구,1444,759,601,84,783,493,168,364678.0,380338.0,353493.0,384975.0,26845.0,0.2724,69960.0,0.2855,98533.0
2022-01-01,성동구,1312,721,504,87,578,693,41,357255.0,371160.0,347323.0,376001.0,23836.0,0.2745,71346.0,0.2875,98849.0
2022-02-01,성동구,1384,714,539,131,619,738,27,357539.0,371142.0,347823.0,375443.0,23319.0,0.2745,71346.0,0.2875,98849.0
2022-03-01,성동구,1717,825,781,111,792,886,39,362220.0,377093.0,351596.0,380983.0,25496.0,0.2745,71346.0,0.2875,98849.0
2022-04-01,성동구,1438,796,547,95,656,749,33,360941.0,377909.0,348822.0,384586.0,29087.0,0.2745,71346.0,0.2875,98849.0
2022-05-01,성동구,1516,900,510,106,669,807,40,364315.0,380179.0,352984.0,387999.0,27196.0,0.2745,71346.0,0.2875,98849.0
2022-06-01,성동구,1331,832,405,94,635,665,31,366403.0,381139.0,355877.0,387484.0,25262.0,0.2745,71346.0,0.2875,98849.0
2022-07-01,성동구,1651,990,558,103,767,848,36,353685.0,366694.0,344392.0,372730.0,22301.0,0.2745,71346.0,0.2875,98849.0
2022-08-01,성동구,1671,943,621,107,798,841,32,351873.0,364544.0,342822.0,370778.0,21722.0,0.2745,71346.0,0.2875,98849.0
2022-09-01,성동구,1568,914,544,110,688,844,36,356965.0,371771.0,346389.0,378268.0,25382.0,0.2745,71346.0,0.2875,98849.0
2022-10-01,성동구,1280,799,404,77,586,681,13,357674.0,372529.0,347063.0,379494.0,25466.0,0.2745,71346.0,0.2875,98849.0
2022-11-01,성동구,1461,894,465,102,719,717,25,362395.0,380100.0,349750.0,386944.0,30350.0,0.2745,71346.0,0.2875,98849.0
2022-12-01,성동구,1657,986,541,130,747,890,20,362211.0,378871.0,350312.0,384578.0,28559.0,0.2745,71346.0,0.2875,98849.0
2021-01-01,성북구,1601,944,516,141,762,795,44,442330.0,423624.0,455691.0,461816.0,-32067.0,0.2514,94118.0,0.1951,97878.0
2021-02-01,성북구,1551,918,535,98,746,763,42,438008.0,416647.0,453265.0,461083.0,-36618.0,0.2514,94118.0,0.1951,97878.0
2021-03-01,성북구,1552,929,524,99,767,746,39,445767.0,422528.0,462366.0,471949.0,-39838.0,0.2514,94118.0,0.1951,97878.0
2021-04-01,성북구,1601,957,524,120,776,759,66,440312.0,416278.0,457480.0,466953.0,-41202.0,0.2514,94118.0,0.1951,97878.0
2021-05-01,성북구,1898,1182,543,173,913,933,52,437655.0,415072.0,453786.0,463187.0,-38715.0,0.2514,94118.0,0.1951,97878.0
2021-06-01,성북구,1900,1146,621,133,927,899,74,434647.0,410690.0,451759.0,461768.0,-41069.0,0.2514,94118.0,0.1951,97878.0
2021-07-01,성북구,1886,1170,581,135,1010,817,59,426103.0,404228.0,441728.0,450484.0,-37500.0,0.2514,94118.0,0.1951,97878.0
2021-08-01,성북구,1827,1167,534,126,990,790,47,422819.0,400611.0,438682.0,446768.0,-38071.0,0.2514,94118.0,0.1951,97878.0
2021-09-01,성북구,1954,1212,658,84,1046,862,46,427466.0,405382.0,443241.0,452470.0,-37859.0,0.2514,94118.0,0.1951,97878.0
2021-10-01,성북구,1869,1147,615,107,979,838,52,427842.0,404823.0,444285.0,453498.0,-39462.0,0.2514,94118.0,0.1951,97878.0
2021-11-01,성북구,1899,1115,686,98,1048,746,105,427986.0,404606.0,444686.0,454583.0,-40079.0,0.2514,94118.0,0.1951,97878.0
2021-12-01,성북구,2009,1064,823,122,1181,618,210,431648.0,408943.0,447866.0,456725.0,-38923.0,0.2514,94118.0,0.1951,97878.0
2022-01-01,성북구,1838,1102,627,109,989,800,49,423890.0,401420.0,439940.0,448054.0,-38520.0,0.2532,99642.0,0.2019,105442.0
2022-02-01,성북구,1712,933,703,76,901,778,33,426674.0,406279.0,441241.0,449138.0,-34963.0,0.2532,99642.0,0.2019,105442.0
2022-03-01,성북구,2311,1088,1160,63,1243,1022,46,428905.0,409899.0,442480.0,450050.0,-32582.0,0.2532,99642.0,0.2019,105442.0
2022-04-01,성북구,1948,1135,707,106,1027,888,33,435466.0,411500.0,452584.0,463027.0,-41084.0,0.2532,99642.0,0.2019,105442.0
2022-05-01,성북구,1841,1131,609,101,986,811,44,441668.0,417261.0,459101.0,471200.0,-41840.0,0.2532,99642.0,0.2019,105442.0
2022-06-01,성북구,1820,1150,578,92,943,835,42,444263.0,418308.0,462802.0,474974.0,-44494.0,0.2532,99642.0,0.2019,105442.0
2022-07-01,성북구,2038,1268,659,111,1145,858,35,423267.0,396423.0,442442.0,454848.0,-46018.0,0.2532,99642.0,0.2019,105442.0
2022-08-01,성북구,2192,1298,808,86,1203,932,57,422073.0,395627.0,440964.0,452225.0,-45336.0,0.2532,99642.0,0.2019,105442.0
2022-09-01,성북구,2015,1236,672,107,1053,922,40,438381.0,416283.0,454165.0,465746.0,-37882.0,0.2532,99642.0,0.2019,105442.0
2022-10-01,성북구,1845,1152,597,96,941,867,37,436565.0,412930.0,453447.0,464196.0,-40517.0,0.2532,99642.0,0.2019,105442.0
2022-11-01,성북구,1953,1201,631,121,1032,887,34,439368.0,415994.0,456064.0,466217.0,-40070.0,0.2532,99642.0,0.2019,105442.0
2022-12-01,성북구,2106,1322,659,125,1100,968,38,440150.0,416531.0,457021.0,467536.0,-40490.0,0.2532,99642.0,0.2019,105442.0
2021-01-01,송파구,2215,1316,705,194,947,1237,31,762324.0,764176.0,761001.0,770384.0,3175.0,0.2985,111644.0,0.6168,249319.0
2021-02-01,송파구,2013,1201,671,141,880,1110,23,752923.0,754347.0,751906.0,763045.0,2442.0,0.2985,111644.0,0.6168,249319.0
2021-03-01,송파구,2361,1351,798,212,992,1331,38,760447.0,759941.0,760808.0,771165.0,-867.0,0.2985,111644.0,0.6168,249319.0
2021-04-01,송파구,2320,1414,718,188,1002,1278,40,750495.0,749055.0,751524.0,760670.0,-2469.0,0.2985,111644.0,0.6168,249319.0
2021-05-01,송파구,2539,1580,716,243,1115,1371,53,748044.0,748262.0,747889.0,758071.0,374.0,0.2985,111644.0,0.6168,249319.0
2021-06-01,송파구,2934,1695,991,248,1260,1604,70,755221.0,754639.0,755636.0,765356.0,-997.0,0.2985,111644.0,0.6168,249319.0
2021-07-01,송파구,2703,1589,875,239,1210,1430,63,749300.0,749801.0,748943.0,758886.0,858.0,0.2985,111644.0,0.6168,249319.0
2021-08-01,송파구,2657,1607,838,212,1229,1387,41,745589.0,746787.0,744733.0,754756.0,2054.0,0.2985,111644.0,0.6168,249319.0
2021-09-01,송파구,2930,1697,1051,182,1351,1521,58,740727.0,741233.0,740366.0,751963.0,867.0,0.2985,111644.0,0.6168,249319.0
2021-10-01,송파구,2698,1697,874,127,1286,1350,62,748587.0,751651.0,746399.0,762710.0,5252.0,0.2985,111644.0,0.6168,249319.0
2021-11-01,송파구,2815,1690,949,176,1430,1200,185,758084.0,761351.0,755751.0,774533.0,5600.0,0.2985,111644.0,0.6168,249319.0
2021-12-01,송파구,2885,1611,1083,191,1596,1004,285,758884.0,765064.0,754470.0,774852.0,10594.0,0.2985,111644.0,0.6168,249319.0
2022-01-01,송파구,2439,1503,769,167,1179,1181,79,753833.0,760422.0,749127.0,766786.0,11295.0,0.3292,114243.0,0.6312,268326.0
2022-02-01,송파구,2671,1486,1017,168,1415,1183,73,757929.0,763327.0,754073.0,770449.0,9255.0,0.3292,114243.0,0.6312,268326.0
2022-03-01,송파구,3554,1670,1725,159,1813,1641,100,756477.0,756668.0,756341.0,767798.0,327.0,0.3292,114243.0,0.6312,268326.0
2022-04-01,송파구,2958,1599,1174,185,1439,1396,123,760523.0,764988.0,757333.0,785443.0,7655.0,0.3292,114243.0,0.6312,268326.0
2022-05-01,송파구,2840,1650,1034,156,1318,1434,88,769925.0,772836.0,767846.0,792835.0,4991.0,0.3292,114243.0,0.6312,268326.0
2022-06-01,송파구,2790,1583,991,216,1238,1480,72,777621.0,779313.0,776412.0,801262.0,2901.0,0.3292,114243.0,0.6312,268326.0
2022-07-01,송파구,3331,1817,1245,269,1541,1713,77,763774.0,770453.0,759003.0,786625.0,11450.0,0.3292,114243.0,0.6312,268326.0
2022-08-01,송파구,3256,1881,1160,215,1569,1614,73,754230.0,760431.0,749800.0,775329.0,10631.0,0.3292,114243.0,0.6312,268326.0
2022-09-01,송파구,3107,1832,1106,169,1466,1563,78,748318.0,751459.0,746075.0,773120.0,5383.0,0.3292,114243.0,0.6312,268326.0
2022-10-01,송파구,2550,1571,836,143,1202,1301,47,757109.0,765568.0,751067.0,785306.0,14501.0,0.3292,114243.0,0.6312,268326.0
2022-11-01,송파구,2877,1716,991,170,1340,1479,58,751944.0,755528.0,749384.0,769132.0,6144.0,0.3292,114243.0,0.6312,268326.0
2022-12-01,송파구,3215,1880,1114,221,1459,1716,40,763890.0,775271.0,755761.0,792581.0,19510.0,0.3292,114243.0,0.6312,268326.0
2021-01-01,양천구,1404,883,407,114,700,678,26,402462.0,387007.0,413502.0,419083.0,-26495.0,0.3312,107012.0,0.2448,132047.0
2021-02-01,양천구,1353,837,430,86,642,697,14,401090.0,383966.0,413321.0,419920.0,-29355.0,0.3312,107012.0,0.2448,132047.0
2021-03-01,양천구,1393,903,422,68,678,691,24,397941.0,377792.0,412334.0,419777.0,-34542.0,0.3312,107012.0,0.2448,132047.0
2021-04-01,양천구,1500,886,483,131,652,819,29,392539.0,371947.0,407247.0,416358.0,-35300.0,0.3312,107012.0,0.2448,132047.0
2021-05-01,양천구,1644,1056,441,147,759,853,32,392086.0,372882.0,405803.0,415146.0,-32921.0,0.3312,107012.0,0.2448,132047.0
2021-06-01,양천구,1853,1167,472,214,881,920,52,392004.0,371680.0,406521.0,415428.0,-34842.0,0.3312,107012.0,0.2448,132047.0
2021-07-01,양천구,1910,1240,499,171,971,898,41,390394.0,372474.0,403194.0,411711.0,-30720.0,0.3312,107012.0,0.2448,132047.0
2021-08-01,양천구,1878,1240,534,104,1021,811,46,387056.0,369461.0,399624.0,407930.0,-30163.0,0.3312,107012.0,0.2448,132047.0
2021-09-01,양천구,1909,1210,596,103,977,891,41,385174.0,366611.0,398434.0,407723.0,-31822.0,0.3312,107012.0,0.2448,132047.0
2021-10-01,양천구,1786,1139,533,114,897,849,40,384218.0,364684.0,398171.0,407782.0,-33487.0,0.3312,107012.0,0.2448,132047.0
2021-11-01,양천구,1811,1108,619,84,995,725,91,382707.0,361626.0,397764.0,407616.0,-36138.0,0.3312,107012.0,0.2448,132047.0
2021-12-01,양천구,1898,1119,656,123,1129,554,215,386050.0,367001.0,399656.0,408292.0,-32654.0,0.3312,107012.0,0.2448,132047.0
2022-01-01,양천구,1626,1027,497,102,842,734,50,388941.0,371456.0,401430.0,409651.0,-29974.0,0.3329,110654.0,0.2842,140630.0
2022-02-01,양천구,1862,1059,658,145,991,819,52,390366.0,374060.0,402013.0,410156.0,-27953.0,0.3329,110654.0,0.2842,140630.0
2022-03-01,양천구,2370,1165,1094,111,1211,1114,45,385477.0,367228.0,398512.0,406193.0,-31283.0,0.3329,110654.0,0.2842,140630.0
2022-04-01,양천구,1876,1114,671,91,944,897,35,380456.0,358235.0,396329.0,405738.0,-38093.0,0.3329,110654.0,0.2842,140630.0
2022-05-01,양천구,1798,1124,563,111,889,866,43,381470.0,357157.0,398835.0,409617.0,-41678.0,0.3329,110654.0,0.2842,140630.0
2022-06-01,양천구,1685,1036,515,134,778,870,37,388614.0,365323.0,405250.0,415589.0,-39926.0,0.3329,110654.0,0.2842,140630.0
2022-07-01,양천구,1984,1245,630,109,970,978,36,377397.0,355986.0,392691.0,402239.0,-36706.0,0.3329,110654.0,0.2842,140630.0
2022-08-01,양천구,2101,1229,733,139,1054,1011,36,370645.0,349479.0,385764.0,394778.0,-36286.0,0.3329,110654.0,0.2842,140630.0
2022-09-01,양천구,1830,1120,594,116,873,934,23,364838.0,340826.0,381990.0,391833.0,-41164.0,0.3329,110654.0,0.2842,140630.0
2022-10-01,양천구,1597,1024,487,86,773,802,22,365060.0,341084.0,382186.0,391783.0,-41101.0,0.3329,110654.0,0.2842,140630.0
2022-11-01,양천구,1760,1128,533,99,887,843,30,365274.0,340649.0,382864.0,391626.0,-42215.0,0.3329,110654.0,0.2842,140630.0
2022-12-01,양천구,1891,1154,581,156,908,959,24,370623.0,348765.0,386236.0,394768.0,-37471.0,0.3329,110654.0,0.2842,140630.0
2021-01-01,영등포구,1829,907,745,177,632,1172,25,489513.0,529708.0,460802.0,538832.0,68906.0,0.2663,105341.0,0.2526,179164.0
2021-02-01,영등포구,1761,892,699,170,654,1085,22,497549.0,540481.0,466883.0,551782.0,73598.0,0.2663,105341.0,0.2526,179164.0
2021-03-01,영등포구,2027,970,905,152,715,1282,30,509280.0,558814.0,473899.0,571803.0,84915.0,0.2663,105341.0,0.2526,179164.0
2021-04-01,영등포구,2038,1014,847,177,691,1303,44,505704.0,553503.0,471561.0,565484.0,81941.0,0.2663,105341.0,0.2526,179164.0
2021-05-01,영등포구,2309,1160,898,251,807,1460,42,498952.0,541785.0,468356.0,554291.0,73428.0,0.2663,105341.0,0.2526,179164.0
2021-06-01,영등포구,2509,1244,956,309,912,1533,64,506661.0,553433.0,473252.0,565065.0,80181.0,0.2663,105341.0,0.2526,179164.0
2021-07-01,영등포구,2554,1263,973,318,953,1522,79,496101.0,536149.0,467496.0,545677.0,68653.0,0.2663,105341.0,0.2526,179164.0
2021-08-01,영등포구,2430,1310,911,209,1033,1354,43,492848.0,531768.0,465048.0,542470.0,66720.0,0.2663,105341.0,0.2526,179164.0
2021-09-01,영등포구,2582,1367,1021,194,1042,1486,54,493455.0,531490.0,466287.0,543235.0,65202.0,0.2663,105341.0,0.2526,179164.0
2021-10-01,영등포구,2386,1262,921,203,968,1373,45,499240.0,537715.0,471758.0,548776.0,65957.0,0.2663,105341.0,0.2526,179164.0
2021-11-01,영등포구,2607,1263,1106,238,1127,1266,214,512851.0,559470.0,479551.0,570657.0,79919.0,0.2663,105341.0,0.2526,179164.0
2021-12-01,영등포구,2350,1099,1060,191,1123,889,338,511870.0,558908.0,478272.0,570247.0,80636.0,0.2663,105341.0,0.2526,179164.0
2022-01-01,영등포구,2205,1156,849,200,894,1215,96,508980.0,554575.0,476412.0,566567.0,78164.0,0.2765,108456.0,0.2525,182457.0
2022-02-01,영등포구,2230,1120,947,163,1026,1074,130,507566.0,549551.0,477576.0,561156.0,71975.0,0.2765,108456.0,0.2525,182457.0
2022-03-01,영등포구,2927,1218,1530,179,1278,1563,86,506838.0,546673.0,478384.0,557576.0,68289.0,0.2765,108456.0,0.2525,182457.0
2022-04-01,영등포구,2609,1266,1144,199,1027,1501,81,514705.0,562720.0,480409.0,578365.0,82311.0,0.2765,108456.0,0.2525,182457.0
2022-05-01,영등포구,2613,1384,1012,217,991,1545,77,522175.0,569571.0,488320.0,583472.0,81251.0,0.2765,108456.0,0.2525,182457.0
2022-06-01,영등포구,2438,1248,992,198,932,1435,71,526967.0,575056.0,492618.0,589957.0,82438.0,0.2765,108456.0,0.2525,182457.0
2022-07-01,영등포구,2638,1321,1114,203,1049,1513,76,520533.0,569549.0,485522.0,583720.0,84026.0,0.2765,108456.0,0.2525,182457.0
2022-08-01,영등포구,2781,1378,1234,169,1164,1544,73,516423.0,565179.0,481597.0,579366.0,83582.0,0.2765,108456.0,0.2525,182457.0
2022-09-01,영등포구,2618,1306,1113,199,996,1574,48,510975.0,556325.0,478582.0,569573.0,77744.0,0.2765,108456.0,0.2525,182457.0
2022-10-01,영등포구,2173,1224,810,139,911,1223,39,515777.0,559459.0,484576.0,579571.0,74883.0,0.2765,108456.0,0.2525,182457.0
2022-11-01,영등포구,2333,1260,889,184,921,1374,38,518725.0,569565.0,482411.0,584163.0,87155.0,0.2765,108456.0,0.2525,182457.0
2022-12-01,영등포구,2659,1430,1022,207,1059,1568,32,521397.0,574466.0,483491.0,590920.0,90976.0,0.2765,108456.0,0.2525,182457.0
2021-01-01,용산구,1110,603,445,62,426,663,21,295258.0,311447.0,283695.0,315219.0,27752.0,0.3525,54812.0,0.358,61788.0
2021-02-01,용산구,1166,617,444,105,465,676,25,298111.0,316070.0,285283.0,321260.0,30786.0,0.3525,54812.0,0.358,61788.0
2021-03-01,용산구,1205,638,478,89,457,724,24,306624.0,325713.0,292990.0,330655.0,32723.0,0.3525,54812.0,0.358,61788.0
2021-04-01,용산구,1317,683,540,94,509,774,34,304592.0,323953.0,290763.0,328964.0,33189.0,0.3525,54812.0,0.358,61788.0
2021-05-01,용산구,1392,766,529,97,513,851,28,301529.0,320117.0,288251.0,325827.0,31866.0,0.3525,54812.0,0.358,61788.0
2021-06-01,용산구,1398,792,477,129,586,772,40,304335.0,323647.0,290541.0,329287.0,33106.0,0.3525,54812.0,0.358,61788.0
2021-07-01,용산구,1446,802,517,127,615,811,20,296179.0,312784.0,284318.0,316799.0,28466.0,0.3525,54812.0,0.358,61788.0
2021-08-01,용산구,1324,755,472,97,576,721,27,296069.0,312686.0,284200.0,317266.0,28485.0,0.3525,54812.0,0.358,61788.0
2021-09-01,용산구,1415,756,557,102,559,834,22,293557.0,309922.0,281868.0,315178.0,28054.0,0.3525,54812.0,0.358,61788.0
2021-10-01,용산구,1455,724,623,108,516,916,23,297852.0,314960.0,285632.0,321047.0,29328.0,0.3525,54812.0,0.358,61788.0
2021-11-01,용산구,1438,691,650,97,584,765,89,304493.0,323722.0,290758.0,329220.0,32965.0,0.3525,54812.0,0.358,61788.0
2021-12-01,용산구,1397,655,640,102,721,507,169,302674.0,321716.0,289073.0,326942.0,32643.0,0.3525,54812.0,0.358,61788.0
2022-01-01,용산구,1261,625,520,116,446,796,19,297462.0,316199.0,284078.0,322326.0,32121.0,0.3646,58444.0,0.3563,75623.0
2022-02-01,용산구,1161,526,567,68,437,696,28,296289.0,313423.0,284050.0,319134.0,29373.0,0.3646,58444.0,0.3563,75623.0
2022-03-01,용산구,1474,618,765,91,569,878,27,298553.0,314394.0,287237.0,319297.0,27157.0,0.3646,58444.0,0.3563,75623.0
2022-04-01,용산구,1497,720,673,104,573,904,20,304353.0,322186.0,291614.0,328752.0,30572.0,0.3646,58444.0,0.3563,75623.0
2022-05-01,용산구,1619,875,628,116,617,969,33,316309.0,337441.0,301214.0,345111.0,36227.0,0.3646,58444.0,0.3563,75623.0
2022-06-01,용산구,1486,789,595,102,568,892,26,317045.0,338210.0,301928.0,346578.0,36282.0,0.3646,58444.0,0.3563,75623.0
2022-07-01,용산구,1740,867,770,103,715,988,37,308056.0,329023.0,293079.0,336210.0,35944.0,0.3646,58444.0,0.3563,75623.0
2022-08-01,용산구,1899,896,872,131,730,1144,25,305550.0,326316.0,290717.0,334084.0,35599.0,0.3646,58444.0,0.3563,75623.0
2022-09-01,용산구,1620,819,736,65,655,938,27,306276.0,325130.0,292809.0,331950.0,32321.0,0.3646,58444.0,0.3563,75623.0
2022-10-01,용산구,1515,783,638,94,574,921,20,311347.0,332011.0,296587.0,346973.0,35424.0,0.3646,58444.0,0.3563,75623.0
2022-11-01,용산구,1473,742,608,123,596,864,13,305309.0,328691.0,288607.0,335041.0,40084.0,0.3646,58444.0,0.3563,75623.0
2022-12-01,용산구,1671,900,654,117,668,990,13,305131.0,328528.0,288419.0,336036.0,40109.0,0.3646,58444.0,0.3563,75623.0
2021-01-01,은평구,1791,1130,500,161,858,923,10,459995.0,426471.0,483941.0,496384.0,-57471.0,0.3426,119631.0,0.2322,102561.0
2021-02-01,은평구,1575,1012,470,93,802,750,23,452149.0,416342.0,477725.0,492072.0,-61383.0,0.3426,119631.0,0.2322,102561.0
2021-03-01,은평구,1857,1179,574,104,942,892,23,447464.0,407366.0,476105.0,492783.0,-68740.0,0.3426,119631.0,0.2322,102561.0
2021-04-01,은평구,1840,1217,538,85,981,820,39,441539.0,400496.0,470855.0,488123.0,-70359.0,0.3426,119631.0,0.2322,102561.0
2021-05-01,은평구,2105,1335,611,159,1045,1023,37,443423.0,405983.0,470167.0,486931.0,-64184.0,0.3426,119631.0,0.2322,102561.0
2021-06-01,은평구,2284,1538,588,158,1178,1071,35,440615.0,400916.0,468972.0,486376.0,-68057.0,0.3426,119631.0,0.2322,102561.0
2021-07-01,은평구,2333,1502,680,151,1232,1070,31,440749.0,405042.0,466254.0,482030.0,-61212.0,0.3426,119631.0,0.2322,102561.0
2021-08-01,은평구,2373,1600,666,107,1326,1002,45,437366.0,402790.0,462064.0,476420.0,-59273.0,0.3426,119631.0,0.2322,102561.0
2021-09-01,은평구,2439,1581,751,107,1307,1110,22,436444.0,401637.0,461306.0,476615.0,-59669.0,0.3426,119631.0,0.2322,102561.0
2021-10-01,은평구,2146,1409,640,97,1152,980,14,435301.0,398719.0,461432.0,477308.0,-62713.0,0.3426,119631.0,0.2322,102561.0
2021-11-01,은평구,2279,1444,737,98,1330,835,114,432816.0,393232.0,461089.0,478233.0,-67857.0,0.3426,119631.0,0.2322,102561.0
2021-12-01,은평구,2384,1321,933,130,1435,669,280,441560.0,403823.0,468515.0,483836.0,-64693.0,0.3426,119631.0,0.2322,102561.0
2022-01-01,은평구,2026,1254,646,126,1082,875,69,443317.0,406716.0,469460.0,483736.0,-62744.0,0.3468,128687.0,0.2673,116035.0
2022-02-01,은평구,2092,1209,785,98,1141,924,27,447697.0,413254.0,472298.0,486174.0,-59044.0,0.3468,128687.0,0.2673,116035.0
2022-03-01,은평구,2877,1423,1358,96,1541,1279,57,447894.0,412656.0,473064.0,487125.0,-60409.0,0.3468,128687.0,0.2673,116035.0
2022-04-01,은평구,2163,1293,774,96,1175,955,33,436290.0,395574.0,465372.0,482456.0,-69798.0,0.3468,128687.0,0.2673,116035.0
2022-05-01,은평구,2104,1325,674,105,1090,980,34,437521.0,394836.0,468011.0,487379.0,-73175.0,0.3468,128687.0,0.2673,116035.0
2022-06-01,은평구,2118,1346,642,130,1126,948,44,445951.0,404407.0,475626.0,494584.0,-71219.0,0.3468,128687.0,0.2673,116035.0
2022-07-01,은평구,2387,1492,801,94,1232,1098,57,434124.0,394897.0,462143.0,480055.0,-67247.0,0.3468,128687.0,0.2673,116035.0
2022-08-01,은평구,2615,1618,868,129,1388,1178,49,427597.0,388461.0,455551.0,472610.0,-67090.0,0.3468,128687.0,0.2673,116035.0
2022-09-01,은평구,2283,1400,771,112,1160,1059,64,427624.0,386877.0,456729.0,475056.0,-69852.0,0.3468,128687.0,0.2673,116035.0
2022-10-01,은평구,2147,1394,662,91,1118,983,46,427969.0,387052.0,457196.0,474843.0,-70144.0,0.3468,128687.0,0.2673,116035.0
2022-11-01,은평구,2243,1389,730,124,1159,1041,43,426289.0,383451.0,456888.0,474621.0,-73438.0,0.3468,128687.0,0.2673,116035.0
2022-12-01,은평구,2459,1535,784,140,1206,1207,46,432175.0,393742.0,459628.0,475547.0,-65886.0,0.3468,128687.0,0.2673,116035.0
2021-01-01,종로구,1113,570,437,106,430,612,71,268758.0,322242.0,230555.0,343303.0,91687.0,0.3132,38771.0,0.3965,223820.0
2021-02-01,종로구,1032,534,443,55,420,543,69,277924.0,338251.0,234833.0,363818.0,103418.0,0.3132,38771.0,0.3965,223820.0
2021-03-01,종로구,1135,590,456,89,451,599,85,296989.0,366593.0,247272.0,393174.0,119321.0,0.3132,38771.0,0.3965,223820.0
2021-04-01,종로구,1185,609,504,72,457,631,97,294801.0,364564.0,244970.0,390679.0,119594.0,0.3132,38771.0,0.3965,223820.0
2021-05-01,종로구,1344,689,513,142,508,754,82,289514.0,354222.0,243294.0,380476.0,110928.0,0.3132,38771.0,0.3965,223820.0
2021-06-01,종로구,1443,744,560,139,620,741,82,294342.0,363794.0,244733.0,388653.0,119061.0,0.3132,38771.0,0.3965,223820.0
2021-07-01,종로구,1456,808,513,135,717,648,91,278792.0,338525.0,236125.0,359687.0,102400.0,0.3132,38771.0,0.3965,223820.0
2021-08-01,종로구,1511,908,497,106,801,636,74,275722.0,333266.0,234619.0,356139.0,98647.0,0.3132,38771.0,0.3965,223820.0
2021-09-01,종로구,1573,894,590,89,785,713,75,279122.0,338846.0,236462.0,364144.0,102385.0,0.3132,38771.0,0.3965,223820.0
2021-10-01,종로구,1518,872,572,74,700,738,80,284640.0,347890.0,239461.0,376176.0,108429.0,0.3132,38771.0,0.3965,223820.0
2021-11-01,종로구,1559,856,644,59,781,630,148,296733.0,366497.0,246901.0,396852.0,119596.0,0.3132,38771.0,0.3965,223820.0
2021-12-01,종로구,1413,705,615,93,750,395,268,285602.0,348051.0,240995.0,373093.0,107057.0,0.3132,38771.0,0.3965,223820.0
2022-01-01,종로구,1170,593,500,77,504,564,102,274646.0,334878.0,231623.0,360949.0,103255.0,0.3184,37887.0,0.4307,237973.0
2022-02-01,종로구,1194,604,505,85,567,571,56,278264.0,335602.0,237309.0,360459.0,98294.0,0.3184,37887.0,0.4307,237973.0
2022-03-01,종로구,1512,652,790,70,687,751,74,285889.0,345624.0,243221.0,370845.0,102403.0,0.3184,37887.0,0.4307,237973.0
2022-04-01,종로구,1362,636,647,79,551,718,93,299674.0,369709.0,249648.0,399601.0,120061.0,0.3184,37887.0,0.4307,237973.0
2022-05-01,종로구,1576,751,737,88,620,828,128,316677.0,395403.0,260443.0,428511.0,134960.0,0.3184,37887.0,0.4307,237973.0
2022-06-01,종로구,1477,773,631,73,622,762,93,313369.0,388525.0,259687.0,420306.0,128838.0,0.3184,37887.0,0.4307,237973.0
2022-07-01,종로구,1700,876,732,92,753,854,93,299821.0,368580.0,250707.0,394964.0,117873.0,0.3184,37887.0,0.4307,237973.0
2022-08-01,종로구,1587,803,689,95,671,840,76,297450.0,364589.0,249494.0,391637.0,115094.0,0.3184,37887.0,0.4307,237973.0
2022-09-01,종로구,1536,802,665,69,635,819,82,308105.0,381928.0,255374.0,413741.0,126554.0,0.3184,37887.0,0.4307,237973.0
2022-10-01,종로구,1434,767,584,83,551,795,88,314778.0,394886.0,257559.0,435172.0,137327.0,0.3184,37887.0,0.4307,237973.0
2022-11-01,종로구,1443,766,584,93,566,791,86,316517.0,397356.0,258774.0,433616.0,138582.0,0.3184,37887.0,0.4307,237973.0
2022-12-01,종로구,1623,809,701,113,585,918,120,308313.0,379140.0,257722.0,409390.0,121418.0,0.3184,37887.0,0.4307,237973.0
2021-01-01,중구,1148,619,420,109,420,666,62,253509.0,326676.0,201248.0,351527.0,125428.0,0.3492,36553.0,0.2613,46654.0
2021-02-01,중구,1055,576,421,58,421,559,75,261627.0,339196.0,206221.0,366079.0,132975.0,0.3492,36553.0,0.2613,46654.0
2021-03-01,중구,1207,617,470,120,461,690,56,280091.0,367646.0,217551.0,397246.0,150095.0,0.3492,36553.0,0.2613,46654.0
2021-04-01,중구,1229,655,497,77,498,667,64,282017.0,371032.0,218435.0,400762.0,152596.0,0.3492,36553.0,0.2613,46654.0
2021-05-01,중구,1354,775,451,128,546,701,107,269267.0,348612.0,212592.0,376498.0,136021.0,0.3492,36553.0,0.2613,46654.0
2021-06-01,중구,1459,776,565,118,624,770,65,280868.0,369351.0,217666.0,398574.0,151685.0,0.3492,36553.0,0.2613,46654.0
2021-07-01,중구,1398,791,453,154,678,658,62,267519.0,346173.0,211338.0,371340.0,134836.0,0.3492,36553.0,0.2613,46654.0
2021-08-01,중구,1362,840,446,76,674,627,61,259776.0,335028.0,206025.0,360376.0,129003.0,0.3492,36553.0,0.2613,46654.0
2021-09-01,중구,1418,798,532,88,672,700,46,260732.0,336203.0,206825.0,363339.0,129378.0,0.3492,36553.0,0.2613,46654.0
2021-10-01,중구,1321,782,458,81,609,667,45,270800.0,349927.0,214280.0,380052.0,135647.0,0.3492,36553.0,0.2613,46654.0
2021-11-01,중구,1593,858,646,89,741,719,133,288220.0,379117.0,223294.0,410762.0,155823.0,0.3492,36553.0,0.2613,46654.0
2021-12-01,중구,1437,721,619,97,682,485,270,286301.0,372757.0,224547.0,401089.0,148210.0,0.3492,36553.0,0.2613,46654.0
2022-01-01,중구,1333,761,486,86,631,630,72,268154.0,347935.0,211167.0,375464.0,136767.0,0.346,38641.0,0.2746,40900.0
2022-02-01,중구,1242,709,452,81,633,558,51,266131.0,340931.0,212702.0,366667.0,128229.0,0.346,38641.0,0.2746,40900.0
2022-03-01,중구,1483,748,671,64,722,703,58,275761.0,353662.0,220117.0,380965.0,133545.0,0.346,38641.0,0.2746,40900.0
2022-04-01,중구,1229,636,531,62,511,657,61,290351.0,379929.0,226367.0,411766.0,153562.0,0.346,38641.0,0.2746,40900.0
2022-05-01,중구,1377,744,551,82,561,764,52,303044.0,397343.0,235687.0,430213.0,161655.0,0.346,38641.0,0.2746,40900.0
2022-06-01,중구,1409,783,533,93,604,751,54,304831.0,397489.0,238647.0,429771.0,158842.0,0.346,38641.0,0.2746,40900.0
2022-07-01,중구,1463,759,616,88,620,793,50,299727.0,388690.0,236182.0,418193.0,152508.0,0.346,38641.0,0.2746,40900.0
2022-08-01,중구,1535,825,612,98,691,786,58,293264.0,379524.0,231650.0,407525.0,147874.0,0.346,38641.0,0.2746,40900.0
2022-09-01,중구,1426,742,621,63,575,797,54,301898.0,391061.0,238209.0,421940.0,152852.0,0.346,38641.0,0.2746,40900.0
2022-10-01,중구,1341,723,545,73,546,756,39,313002.0,402484.0,249086.0,437226.0,153398.0,0.346,38641.0,0.2746,40900.0
2022-11-01,중구,1453,801,592,60,628,767,58,323321.0,421568.0,253145.0,455254.0,168422.0,0.346,38641.0,0.2746,40900.0
2022-12-01,중구,1565,852,614,99,663,839,63,320323.0,412649.0,254377.0,443260.0,158272.0,0.346,38641.0,0.2746,40900.0
2021-01-01,중랑구,1606,958,530,118,787,745,74,370359.0,347009.0,387037.0,396209.0,-40028.0,0.3128,116201.0,0.2053,83359.0
2021-02-01,중랑구,1602,963,554,85,763,774,65,366561.0,341298.0,384605.0,395191.0,-43307.0,0.3128,116201.0,0.2053,83359.0
2021-03-01,중랑구,1606,992,523,91,767,781,58,360746.0,332330.0,381043.0,393514.0,-48713.0,0.3128,116201.0,0.2053,83359.0
2021-04-01,중랑구,1641,1057,516,68,818,744,79,356492.0,327293.0,377348.0,390027.0,-50055.0,0.3128,116201.0,0.2053,83359.0
2021-05-01,중랑구,1884,1178,596,110,892,898,94,357700.0,331220.0,376615.0,388476.0,-45395.0,0.3128,116201.0,0.2053,83359.0
2021-06-01,중랑구,1937,1199,595,143,973,868,96,354617.0,326043.0,375027.0,387886.0,-48984.0,0.3128,116201.0,0.2053,83359.0
2021-07-01,중랑구,2056,1293,596,167,1042,898,116,356128.0,329959.0,374821.0,386503.0,-44861.0,0.3128,116201.0,0.2053,83359.0
2021-08-01,중랑구,2061,1310,648,103,1080,897,84,354626.0,329634.0,372476.0,383025.0,-42842.0,0.3128,116201.0,0.2053,83359.0
2021-09-01,중랑구,1968,1230,645,93,1050,796,122,355855.0,330902.0,373678.0,384465.0,-42776.0,0.3128,116201.0,0.2053,83359.0
2021-10-01,중랑구,1887,1206,589,92,994,800,93,354483.0,328074.0,373347.0,384655.0,-45273.0,0.3128,116201.0,0.2053,83359.0
2021-11-01,중랑구,1927,1179,643,105,1060,744,123,352839.0,325134.0,372628.0,384853.0,-47494.0,0.3128,116201.0,0.2053,83359.0
2021-12-01,중랑구,1964,1104,753,107,1127,571,266,357314.0,331562.0,375709.0,386546.0,-44146.0,0.3128,116201.0,0.2053,83359.0
2022-01-01,중랑구,1775,1083,609,83,967,695,113,359356.0,334500.0,377111.0,387042.0,-42611.0,0.3043,124565.0,0.2474,115746.0
2022-02-01,중랑구,1821,1011,740,70,998,750,73,362628.0,338789.0,379656.0,389338.0,-40867.0,0.3043,124565.0,0.2474,115746.0
2022-03-01,중랑구,2438,1306,1032,100,1383,959,96,360939.0,336154.0,378643.0,389081.0,-42489.0,0.3043,124565.0,0.2474,115746.0
2022-04-01,중랑구,2050,1260,723,67,1141,829,80,353823.0,324265.0,374935.0,388028.0,-50670.0,0.3043,124565.0,0.2474,115746.0
2022-05-01,중랑구,2108,1260,734,114,1023,965,120,357962.0,328523.0,378991.0,392662.0,-50468.0,0.3043,124565.0,0.2474,115746.0
2022-06-01,중랑구,2022,1249,655,118,1037,872,113,360805.0,331074.0,382041.0,395983.0,-50967.0,0.3043,124565.0,0.2474,115746.0
2022-07-01,중랑구,2181,1400,690,91,1212,856,113,351692.0,323501.0,371829.0,385060.0,-48329.0,0.3043,124565.0,0.2474,115746.0
2022-08-01,중랑구,2316,1457,765,94,1300,930,86,348141.0,319949.0,368279.0,380960.0,-48330.0,0.3043,124565.0,0.2474,115746.0
2022-09-01,중랑구,2115,1301,724,90,1099,926,90,349935.0,321509.0,370239.0,383174.0,-48731.0,0.3043,124565.0,0.2474,115746.0
2022-10-01,중랑구,1882,1212,593,77,1000,813,69,349558.0,320549.0,370279.0,383030.0,-49730.0,0.3043,124565.0,0.2474,115746.0
2022-11-01,중랑구,2058,1299,692,67,1079,895,84,349078.0,318926.0,370615.0,383697.0,-51689.0,0.3043,124565.0,0.2474,115746.0
2022-12-01,중랑구,2136,1333,697,106,1123,915,98,354259.0,327094.0,373663.0,385764.0,-46569.0,0.3043,124565.0,0.2474,115746.0
