ds,District,출처,전월_transport_cnt,전년동월_y,전년_승강기사고,전년_인명갇힘,transport_cnt
2018-01-01,강남구,API_2017_2025,1698.0,2483.0,580,337,1585.0
2018-02-01,강남구,API_2017_2025,1585.0,2105.0,580,337,1366.0
2018-03-01,강남구,API_2017_2025,1366.0,2417.0,580,337,1486.0
2018-04-01,강남구,API_2017_2025,1486.0,2550.0,580,337,1508.0
2018-05-01,강남구,API_2017_2025,1508.0,2650.0,580,337,1660.0
2018-06-01,강남구,API_2017_2025,1660.0,2773.0,580,337,1673.0
2018-07-01,강남구,API_2017_2025,1673.0,2963.0,580,337,1822.0
2018-08-01,강남구,API_2017_2025,1822.0,2727.0,580,337,1743.0
2018-09-01,강남구,API_2017_2025,1743.0,2755.0,580,337,1514.0
2018-10-01,강남구,API_2017_2025,1514.0,2504.0,580,337,1522.0
2018-11-01,강남구,API_2017_2025,1522.0,2481.0,580,337,1510.0
2018-12-01,강남구,API_2017_2025,1510.0,2830.0,580,337,1703.0
2019-01-01,강남구,API_2017_2025,1703.0,2740.0,467,268,1529.0
2019-02-01,강남구,API_2017_2025,1529.0,2406.0,467,268,1280.0
2019-03-01,강남구,API_2017_2025,1280.0,2647.0,467,268,1523.0
2019-04-01,강남구,API_2017_2025,1523.0,2576.0,467,268,1509.0
2019-05-01,강남구,API_2017_2025,1509.0,2765.0,467,268,1616.0
2019-06-01,강남구,API_2017_2025,1616.0,2831.0,467,268,1565.0
2019-07-01,강남구,API_2017_2025,1565.0,3213.0,467,268,1746.0
2019-08-01,강남구,API_2017_2025,1746.0,3059.0,467,268,1694.0
2019-09-01,강남구,API_2017_2025,1694.0,2522.0,467,268,1535.0
2019-10-01,강남구,API_2017_2025,1535.0,2587.0,467,268,1670.0
2019-11-01,강남구,API_2017_2025,1670.0,2516.0,467,268,1609.0
2019-12-01,강남구,API_2017_2025,1609.0,2837.0,467,268,1733.0
2020-01-01,강남구,API_2017_2025,1733.0,2575.0,434,226,1479.0
2020-02-01,강남구,API_2017_2025,1479.0,2204.0,434,226,1177.0
2020-03-01,강남구,API_2017_2025,1177.0,2500.0,434,226,1095.0
2020-04-01,강남구,API_2017_2025,1095.0,2479.0,434,226,1046.0
2020-05-01,강남구,API_2017_2025,1046.0,2717.0,434,226,1177.0
2020-06-01,강남구,API_2017_2025,1177.0,2610.0,434,226,1268.0
2020-07-01,강남구,API_2017_2025,1268.0,2965.0,434,226,1413.0
2020-08-01,강남구,API_2017_2025,1413.0,2945.0,434,226,1222.0
2020-09-01,강남구,API_2017_2025,1222.0,2654.0,434,226,1087.0
2020-10-01,강남구,API_2017_2025,1087.0,2797.0,434,226,1179.0
2020-11-01,강남구,API_2017_2025,1179.0,2605.0,434,226,1204.0
2020-12-01,강남구,API_2017_2025,1204.0,2815.0,434,226,1036.0
2021-01-01,강남구,건별집계|API_2017_2025,1036.0,2397.0,286,204,1307.0
2021-02-01,강남구,건별집계|API_2017_2025,1307.0,2153.0,286,204,1191.0
2021-03-01,강남구,건별집계|API_2017_2025,1191.0,2100.0,286,204,1373.0
2021-04-01,강남구,건별집계|API_2017_2025,1373.0,1930.0,286,204,1473.0
2021-05-01,강남구,건별집계|API_2017_2025,1473.0,2275.0,286,204,1637.0
2021-06-01,강남구,건별집계|API_2017_2025,1637.0,2452.0,286,204,1779.0
2021-07-01,강남구,건별집계|API_2017_2025,1779.0,2627.0,286,204,1805.0
2021-08-01,강남구,건별집계|API_2017_2025,1805.0,2550.0,286,204,1776.0
2021-09-01,강남구,건별집계|API_2017_2025,1776.0,2357.0,286,204,1632.0
2021-10-01,강남구,건별집계|API_2017_2025,1632.0,2453.0,286,204,1694.0
2021-11-01,강남구,건별집계|API_2017_2025,1694.0,2289.0,286,204,1656.0
2021-12-01,강남구,건별집계|API_2017_2025,1656.0,2038.0,286,204,1508.0
2022-01-01,강남구,건별집계|API_2017_2025|xlsx_2022_2024,1508.0,2327.0,313,258,1417.0
2022-02-01,강남구,건별집계|xlsx_2022_2024,1417.0,2173.0,313,258,1282.0
2022-03-01,강남구,건별집계|xlsx_2022_2024,1282.0,2595.0,313,258,1523.0
2022-04-01,강남구,건별집계|xlsx_2022_2024,1523.0,2646.0,313,258,1588.0
2022-05-01,강남구,건별집계|xlsx_2022_2024,1588.0,2929.0,313,258,1752.0
2022-06-01,강남구,건별집계|xlsx_2022_2024,1752.0,3267.0,313,258,1651.0
2022-07-01,강남구,건별집계|xlsx_2022_2024,1651.0,3184.0,313,258,1854.0
2022-08-01,강남구,건별집계|xlsx_2022_2024,1854.0,3061.0,313,258,1931.0
2022-09-01,강남구,건별집계|xlsx_2022_2024,1931.0,2994.0,313,258,1663.0
2022-10-01,강남구,건별집계|xlsx_2022_2024,1663.0,2917.0,313,258,1560.0
2022-11-01,강남구,건별집계|xlsx_2022_2024,1560.0,3054.0,313,258,1716.0
2022-12-01,강남구,건별집계|xlsx_2022_2024,1716.0,2955.0,313,258,1828.0
2018-01-01,강동구,API_2017_2025,1269.0,1662.0,356,301,1257.0
2018-02-01,강동구,API_2017_2025,1257.0,1492.0,356,301,953.0
2018-03-01,강동구,API_2017_2025,953.0,1612.0,356,301,1094.0
2018-04-01,강동구,API_2017_2025,1094.0,1687.0,356,301,1078.0
2018-05-01,강동구,API_2017_2025,1078.0,1848.0,356,301,1180.0
2018-06-01,강동구,API_2017_2025,1180.0,1872.0,356,301,1207.0
2018-07-01,강동구,API_2017_2025,1207.0,1953.0,356,301,1205.0
2018-08-01,강동구,API_2017_2025,1205.0,1927.0,356,301,1321.0
2018-09-01,강동구,API_2017_2025,1321.0,1890.0,356,301,1183.0
2018-10-01,강동구,API_2017_2025,1183.0,1835.0,356,301,1126.0
2018-11-01,강동구,API_2017_2025,1126.0,1654.0,356,301,1064.0
2018-12-01,강동구,API_2017_2025,1064.0,1900.0,356,301,1214.0
2019-01-01,강동구,API_2017_2025,1214.0,1858.0,359,171,1112.0
2019-02-01,강동구,API_2017_2025,1112.0,1467.0,359,171,976.0
2019-03-01,강동구,API_2017_2025,976.0,1760.0,359,171,1074.0
2019-04-01,강동구,API_2017_2025,1074.0,1665.0,359,171,1104.0
2019-05-01,강동구,API_2017_2025,1104.0,1747.0,359,171,1163.0
2019-06-01,강동구,API_2017_2025,1163.0,1786.0,359,171,1135.0
2019-07-01,강동구,API_2017_2025,1135.0,1907.0,359,171,1226.0
2019-08-01,강동구,API_2017_2025,1226.0,1953.0,359,171,1312.0
2019-09-01,강동구,API_2017_2025,1312.0,1752.0,359,171,1146.0
2019-10-01,강동구,API_2017_2025,1146.0,1679.0,359,171,1176.0
2019-11-01,강동구,API_2017_2025,1176.0,1563.0,359,171,1153.0
2019-12-01,강동구,API_2017_2025,1153.0,1828.0,359,171,1197.0
2020-01-01,강동구,API_2017_2025,1197.0,1651.0,255,140,1118.0
2020-02-01,강동구,API_2017_2025,1118.0,1421.0,255,140,906.0
2020-03-01,강동구,API_2017_2025,906.0,1661.0,255,140,844.0
2020-04-01,강동구,API_2017_2025,844.0,1705.0,255,140,875.0
2020-05-01,강동구,API_2017_2025,875.0,1774.0,255,140,973.0
2020-06-01,강동구,API_2017_2025,973.0,1699.0,255,140,971.0
2020-07-01,강동구,API_2017_2025,971.0,1888.0,255,140,1121.0
2020-08-01,강동구,API_2017_2025,1121.0,1995.0,255,140,982.0
2020-09-01,강동구,API_2017_2025,982.0,1817.0,255,140,939.0
2020-10-01,강동구,API_2017_2025,939.0,1754.0,255,140,1010.0
2020-11-01,강동구,API_2017_2025,1010.0,1743.0,255,140,956.0
2020-12-01,강동구,API_2017_2025,956.0,1778.0,255,140,883.0
2021-01-01,강동구,건별집계|API_2017_2025,883.0,1731.0,153,76,898.0
2021-02-01,강동구,건별집계|API_2017_2025,898.0,1438.0,153,76,844.0
2021-03-01,강동구,건별집계|API_2017_2025,844.0,1472.0,153,76,993.0
2021-04-01,강동구,건별집계|API_2017_2025,993.0,1475.0,153,76,995.0
2021-05-01,강동구,건별집계|API_2017_2025,995.0,1688.0,153,76,1123.0
2021-06-01,강동구,건별집계|API_2017_2025,1123.0,1658.0,153,76,1196.0
2021-07-01,강동구,건별집계|API_2017_2025,1196.0,1934.0,153,76,1364.0
2021-08-01,강동구,건별집계|API_2017_2025,1364.0,1874.0,153,76,1251.0
2021-09-01,강동구,건별집계|API_2017_2025,1251.0,1675.0,153,76,1235.0
2021-10-01,강동구,건별집계|API_2017_2025,1235.0,1749.0,153,76,1210.0
2021-11-01,강동구,건별집계|API_2017_2025,1210.0,1614.0,153,76,1231.0
2021-12-01,강동구,건별집계|API_2017_2025,1231.0,1563.0,153,76,1151.0
2022-01-01,강동구,건별집계|API_2017_2025|xlsx_2022_2024,1151.0,1464.0,127,73,1069.0
2022-02-01,강동구,건별집계|xlsx_2022_2024,1069.0,1403.0,127,73,1173.0
2022-03-01,강동구,건별집계|xlsx_2022_2024,1173.0,1660.0,127,73,1230.0
2022-04-01,강동구,건별집계|xlsx_2022_2024,1230.0,1671.0,127,73,1152.0
2022-05-01,강동구,건별집계|xlsx_2022_2024,1152.0,1886.0,127,73,1189.0
2022-06-01,강동구,건별집계|xlsx_2022_2024,1189.0,2046.0,127,73,1215.0
2022-07-01,강동구,건별집계|xlsx_2022_2024,1215.0,2244.0,127,73,1336.0
2022-08-01,강동구,건별집계|xlsx_2022_2024,1336.0,2009.0,127,73,1372.0
2022-09-01,강동구,건별집계|xlsx_2022_2024,1372.0,2055.0,127,73,1187.0
2022-10-01,강동구,건별집계|xlsx_2022_2024,1187.0,2052.0,127,73,1202.0
2022-11-01,강동구,건별집계|xlsx_2022_2024,1202.0,2135.0,127,73,1282.0
2022-12-01,강동구,건별집계|xlsx_2022_2024,1282.0,2054.0,127,73,1282.0
2018-01-01,강북구,API_2017_2025,1255.0,1639.0,199,148,1258.0
2018-02-01,강북구,API_2017_2025,1258.0,1363.0,199,148,997.0
2018-03-01,강북구,API_2017_2025,997.0,1600.0,199,148,1038.0
2018-04-01,강북구,API_2017_2025,1038.0,1578.0,199,148,1053.0
2018-05-01,강북구,API_2017_2025,1053.0,1730.0,199,148,1247.0
2018-06-01,강북구,API_2017_2025,1247.0,1717.0,199,148,1158.0
2018-07-01,강북구,API_2017_2025,1158.0,1871.0,199,148,1234.0
2018-08-01,강북구,API_2017_2025,1234.0,1799.0,199,148,1298.0
2018-09-01,강북구,API_2017_2025,1298.0,1764.0,199,148,1105.0
2018-10-01,강북구,API_2017_2025,1105.0,1730.0,199,148,1099.0
2018-11-01,강북구,API_2017_2025,1099.0,1713.0,199,148,1057.0
2018-12-01,강북구,API_2017_2025,1057.0,1961.0,199,148,1165.0
2019-01-01,강북구,API_2017_2025,1165.0,1904.0,180,113,1027.0
2019-02-01,강북구,API_2017_2025,1027.0,1655.0,180,113,1055.0
2019-03-01,강북구,API_2017_2025,1055.0,1661.0,180,113,1046.0
2019-04-01,강북구,API_2017_2025,1046.0,1646.0,180,113,1038.0
2019-05-01,강북구,API_2017_2025,1038.0,1940.0,180,113,1147.0
2019-06-01,강북구,API_2017_2025,1147.0,1846.0,180,113,1109.0
2019-07-01,강북구,API_2017_2025,1109.0,1941.0,180,113,1144.0
2019-08-01,강북구,API_2017_2025,1144.0,2004.0,180,113,1131.0
2019-09-01,강북구,API_2017_2025,1131.0,1730.0,180,113,1080.0
2019-10-01,강북구,API_2017_2025,1080.0,1698.0,180,113,1122.0
2019-11-01,강북구,API_2017_2025,1122.0,1636.0,180,113,1079.0
2019-12-01,강북구,API_2017_2025,1079.0,1834.0,180,113,1122.0
2020-01-01,강북구,API_2017_2025,1122.0,1613.0,100,108,1058.0
2020-02-01,강북구,API_2017_2025,1058.0,1548.0,100,108,865.0
2020-03-01,강북구,API_2017_2025,865.0,1628.0,100,108,756.0
2020-04-01,강북구,API_2017_2025,756.0,1551.0,100,108,812.0
2020-05-01,강북구,API_2017_2025,812.0,1778.0,100,108,838.0
2020-06-01,강북구,API_2017_2025,838.0,1682.0,100,108,843.0
2020-07-01,강북구,API_2017_2025,843.0,1796.0,100,108,894.0
2020-08-01,강북구,API_2017_2025,894.0,1775.0,100,108,894.0
2020-09-01,강북구,API_2017_2025,894.0,1730.0,100,108,859.0
2020-10-01,강북구,API_2017_2025,859.0,1765.0,100,108,985.0
2020-11-01,강북구,API_2017_2025,985.0,1687.0,100,108,911.0
2020-12-01,강북구,API_2017_2025,911.0,1726.0,100,108,842.0
2021-01-01,강북구,건별집계|API_2017_2025,842.0,1663.0,63,92,902.0
2021-02-01,강북구,건별집계|API_2017_2025,902.0,1449.0,63,92,799.0
2021-03-01,강북구,건별집계|API_2017_2025,799.0,1351.0,63,92,885.0
2021-04-01,강북구,건별집계|API_2017_2025,885.0,1451.0,63,92,949.0
2021-05-01,강북구,건별집계|API_2017_2025,949.0,1476.0,63,92,1002.0
2021-06-01,강북구,건별집계|API_2017_2025,1002.0,1536.0,63,92,1188.0
2021-07-01,강북구,건별집계|API_2017_2025,1188.0,1539.0,63,92,1105.0
2021-08-01,강북구,건별집계|API_2017_2025,1105.0,1642.0,63,92,1110.0
2021-09-01,강북구,건별집계|API_2017_2025,1110.0,1498.0,63,92,1100.0
2021-10-01,강북구,건별집계|API_2017_2025,1100.0,1748.0,63,92,1140.0
2021-11-01,강북구,건별집계|API_2017_2025,1140.0,1522.0,63,92,933.0
2021-12-01,강북구,건별집계|API_2017_2025,933.0,1457.0,63,92,988.0
2022-01-01,강북구,건별집계|API_2017_2025|xlsx_2022_2024,988.0,1395.0,82,129,963.0
2022-02-01,강북구,건별집계|xlsx_2022_2024,963.0,1324.0,82,129,957.0
2022-03-01,강북구,건별집계|xlsx_2022_2024,957.0,1460.0,82,129,1166.0
2022-04-01,강북구,건별집계|xlsx_2022_2024,1166.0,1532.0,82,129,1039.0
2022-05-01,강북구,건별집계|xlsx_2022_2024,1039.0,1646.0,82,129,1130.0
2022-06-01,강북구,건별집계|xlsx_2022_2024,1130.0,1944.0,82,129,1025.0
2022-07-01,강북구,건별집계|xlsx_2022_2024,1025.0,1788.0,82,129,1249.0
2022-08-01,강북구,건별집계|xlsx_2022_2024,1249.0,1732.0,82,129,1256.0
2022-09-01,강북구,건별집계|xlsx_2022_2024,1256.0,1866.0,82,129,1113.0
2022-10-01,강북구,건별집계|xlsx_2022_2024,1113.0,1741.0,82,129,1064.0
2022-11-01,강북구,건별집계|xlsx_2022_2024,1064.0,1683.0,82,129,1170.0
2022-12-01,강북구,건별집계|xlsx_2022_2024,1170.0,1793.0,82,129,1140.0
2018-01-01,강서구,API_2017_2025,1491.0,2058.0,407,286,1548.0
2018-02-01,강서구,API_2017_2025,1548.0,1724.0,407,286,1325.0
2018-03-01,강서구,API_2017_2025,1325.0,1931.0,407,286,1290.0
2018-04-01,강서구,API_2017_2025,1290.0,2063.0,407,286,1335.0
2018-05-01,강서구,API_2017_2025,1335.0,2145.0,407,286,1417.0
2018-06-01,강서구,API_2017_2025,1417.0,2080.0,407,286,1404.0
2018-07-01,강서구,API_2017_2025,1404.0,2200.0,407,286,1578.0
2018-08-01,강서구,API_2017_2025,1578.0,2192.0,407,286,1540.0
2018-09-01,강서구,API_2017_2025,1540.0,2060.0,407,286,1458.0
2018-10-01,강서구,API_2017_2025,1458.0,1976.0,407,286,1449.0
2018-11-01,강서구,API_2017_2025,1449.0,2023.0,407,286,1335.0
2018-12-01,강서구,API_2017_2025,1335.0,2302.0,407,286,1473.0
2019-01-01,강서구,API_2017_2025,1473.0,2349.0,364,243,1277.0
2019-02-01,강서구,API_2017_2025,1277.0,2080.0,364,243,1220.0
2019-03-01,강서구,API_2017_2025,1220.0,2088.0,364,243,1297.0
2019-04-01,강서구,API_2017_2025,1297.0,2058.0,364,243,1331.0
2019-05-01,강서구,API_2017_2025,1331.0,2205.0,364,243,1425.0
2019-06-01,강서구,API_2017_2025,1425.0,2153.0,364,243,1378.0
2019-07-01,강서구,API_2017_2025,1378.0,2461.0,364,243,1494.0
2019-08-01,강서구,API_2017_2025,1494.0,2352.0,364,243,1411.0
2019-09-01,강서구,API_2017_2025,1411.0,2191.0,364,243,1364.0
2019-10-01,강서구,API_2017_2025,1364.0,2155.0,364,243,1427.0
2019-11-01,강서구,API_2017_2025,1427.0,1985.0,364,243,1388.0
2019-12-01,강서구,API_2017_2025,1388.0,2227.0,364,243,1495.0
2020-01-01,강서구,API_2017_2025,1495.0,2052.0,139,109,1362.0
2020-02-01,강서구,API_2017_2025,1362.0,1851.0,139,109,1104.0
2020-03-01,강서구,API_2017_2025,1104.0,1972.0,139,109,924.0
2020-04-01,강서구,API_2017_2025,924.0,2026.0,139,109,1060.0
2020-05-01,강서구,API_2017_2025,1060.0,2148.0,139,109,1210.0
2020-06-01,강서구,API_2017_2025,1210.0,2060.0,139,109,1237.0
2020-07-01,강서구,API_2017_2025,1237.0,2247.0,139,109,1227.0
2020-08-01,강서구,API_2017_2025,1227.0,2182.0,139,109,1208.0
2020-09-01,강서구,API_2017_2025,1208.0,2100.0,139,109,1095.0
2020-10-01,강서구,API_2017_2025,1095.0,2112.0,139,109,1171.0
2020-11-01,강서구,API_2017_2025,1171.0,2040.0,139,109,1080.0
2020-12-01,강서구,API_2017_2025,1080.0,2153.0,139,109,996.0
2021-01-01,강서구,건별집계|API_2017_2025,996.0,1998.0,107,88,1293.0
2021-02-01,강서구,건별집계|API_2017_2025,1293.0,1701.0,107,88,1274.0
2021-03-01,강서구,건별집계|API_2017_2025,1274.0,1562.0,107,88,1399.0
2021-04-01,강서구,건별집계|API_2017_2025,1399.0,1707.0,107,88,1531.0
2021-05-01,강서구,건별집계|API_2017_2025,1531.0,1907.0,107,88,1607.0
2021-06-01,강서구,건별집계|API_2017_2025,1607.0,1931.0,107,88,1694.0
2021-07-01,강서구,건별집계|API_2017_2025,1694.0,2022.0,107,88,1900.0
2021-08-01,강서구,건별집계|API_2017_2025,1900.0,2083.0,107,88,1725.0
2021-09-01,강서구,건별집계|API_2017_2025,1725.0,1799.0,107,88,1728.0
2021-10-01,강서구,건별집계|API_2017_2025,1728.0,1951.0,107,88,1706.0
2021-11-01,강서구,건별집계|API_2017_2025,1706.0,1803.0,107,88,1588.0
2021-12-01,강서구,건별집계|API_2017_2025,1588.0,1734.0,107,88,1563.0
2022-01-01,강서구,건별집계|API_2017_2025|xlsx_2022_2024,1563.0,2183.0,143,86,1468.0
2022-02-01,강서구,건별집계|xlsx_2022_2024,1468.0,2068.0,143,86,1406.0
2022-03-01,강서구,건별집계|xlsx_2022_2024,1406.0,2263.0,143,86,1607.0
2022-04-01,강서구,건별집계|xlsx_2022_2024,1607.0,2425.0,143,86,1615.0
2022-05-01,강서구,건별집계|xlsx_2022_2024,1615.0,2696.0,143,86,1662.0
2022-06-01,강서구,건별집계|xlsx_2022_2024,1662.0,2764.0,143,86,1588.0
2022-07-01,강서구,건별집계|xlsx_2022_2024,1588.0,2977.0,143,86,1791.0
2022-08-01,강서구,건별집계|xlsx_2022_2024,1791.0,2714.0,143,86,1797.0
2022-09-01,강서구,건별집계|xlsx_2022_2024,1797.0,2781.0,143,86,1620.0
2022-10-01,강서구,건별집계|xlsx_2022_2024,1620.0,2787.0,143,86,1594.0
2022-11-01,강서구,건별집계|xlsx_2022_2024,1594.0,2797.0,143,86,1705.0
2022-12-01,강서구,건별집계|xlsx_2022_2024,1705.0,2904.0,143,86,1685.0
2018-01-01,관악구,API_2017_2025,1482.0,1935.0,346,348,1452.0
2018-02-01,관악구,API_2017_2025,1452.0,1645.0,346,348,1155.0
2018-03-01,관악구,API_2017_2025,1155.0,1898.0,346,348,1369.0
2018-04-01,관악구,API_2017_2025,1369.0,1977.0,346,348,1245.0
2018-05-01,관악구,API_2017_2025,1245.0,1989.0,346,348,1393.0
2018-06-01,관악구,API_2017_2025,1393.0,2081.0,346,348,1356.0
2018-07-01,관악구,API_2017_2025,1356.0,2206.0,346,348,1475.0
2018-08-01,관악구,API_2017_2025,1475.0,2202.0,346,348,1559.0
2018-09-01,관악구,API_2017_2025,1559.0,2158.0,346,348,1390.0
2018-10-01,관악구,API_2017_2025,1390.0,2064.0,346,348,1408.0
2018-11-01,관악구,API_2017_2025,1408.0,1956.0,346,348,1244.0
2018-12-01,관악구,API_2017_2025,1244.0,2222.0,346,348,1343.0
2019-01-01,관악구,API_2017_2025,1343.0,2246.0,313,272,1304.0
2019-02-01,관악구,API_2017_2025,1304.0,1924.0,313,272,1091.0
2019-03-01,관악구,API_2017_2025,1091.0,2136.0,313,272,1270.0
2019-04-01,관악구,API_2017_2025,1270.0,1976.0,313,272,1286.0
2019-05-01,관악구,API_2017_2025,1286.0,2134.0,313,272,1386.0
2019-06-01,관악구,API_2017_2025,1386.0,2106.0,313,272,1260.0
2019-07-01,관악구,API_2017_2025,1260.0,2238.0,313,272,1418.0
2019-08-01,관악구,API_2017_2025,1418.0,2463.0,313,272,1436.0
2019-09-01,관악구,API_2017_2025,1436.0,2200.0,313,272,1359.0
2019-10-01,관악구,API_2017_2025,1359.0,2063.0,313,272,1386.0
2019-11-01,관악구,API_2017_2025,1386.0,1915.0,313,272,1302.0
2019-12-01,관악구,API_2017_2025,1302.0,2095.0,313,272,1331.0
2020-01-01,관악구,API_2017_2025,1331.0,1988.0,192,285,1357.0
2020-02-01,관악구,API_2017_2025,1357.0,1764.0,192,285,1062.0
2020-03-01,관악구,API_2017_2025,1062.0,2042.0,192,285,999.0
2020-04-01,관악구,API_2017_2025,999.0,2009.0,192,285,1016.0
2020-05-01,관악구,API_2017_2025,1016.0,2126.0,192,285,1175.0
2020-06-01,관악구,API_2017_2025,1175.0,1994.0,192,285,1162.0
2020-07-01,관악구,API_2017_2025,1162.0,2230.0,192,285,1305.0
2020-08-01,관악구,API_2017_2025,1305.0,2198.0,192,285,1186.0
2020-09-01,관악구,API_2017_2025,1186.0,2079.0,192,285,1000.0
2020-10-01,관악구,API_2017_2025,1000.0,2098.0,192,285,1105.0
2020-11-01,관악구,API_2017_2025,1105.0,1967.0,192,285,1129.0
2020-12-01,관악구,API_2017_2025,1129.0,1985.0,192,285,1000.0
2021-01-01,관악구,건별집계|API_2017_2025,1000.0,1974.0,170,185,1215.0
2021-02-01,관악구,건별집계|API_2017_2025,1215.0,1700.0,170,185,1105.0
2021-03-01,관악구,건별집계|API_2017_2025,1105.0,1585.0,170,185,1189.0
2021-04-01,관악구,건별집계|API_2017_2025,1189.0,1643.0,170,185,1227.0
2021-05-01,관악구,건별집계|API_2017_2025,1227.0,1932.0,170,185,1383.0
2021-06-01,관악구,건별집계|API_2017_2025,1383.0,1906.0,170,185,1478.0
2021-07-01,관악구,건별집계|API_2017_2025,1478.0,2100.0,170,185,1628.0
2021-08-01,관악구,건별집계|API_2017_2025,1628.0,2078.0,170,185,1490.0
2021-09-01,관악구,건별집계|API_2017_2025,1490.0,1727.0,170,185,1426.0
2021-10-01,관악구,건별집계|API_2017_2025,1426.0,1861.0,170,185,1465.0
2021-11-01,관악구,건별집계|API_2017_2025,1465.0,1775.0,170,185,1479.0
2021-12-01,관악구,건별집계|API_2017_2025,1479.0,1719.0,170,185,1352.0
2022-01-01,관악구,건별집계|API_2017_2025|xlsx_2022_2024,1352.0,2041.0,251,304,1392.0
2022-02-01,관악구,건별집계|xlsx_2022_2024,1392.0,1783.0,251,304,1219.0
2022-03-01,관악구,건별집계|xlsx_2022_2024,1219.0,1929.0,251,304,1370.0
2022-04-01,관악구,건별집계|xlsx_2022_2024,1370.0,1997.0,251,304,1446.0
2022-05-01,관악구,건별집계|xlsx_2022_2024,1446.0,2291.0,251,304,1436.0
2022-06-01,관악구,건별집계|xlsx_2022_2024,1436.0,2335.0,251,304,1399.0
2022-07-01,관악구,건별집계|xlsx_2022_2024,1399.0,2581.0,251,304,1653.0
2022-08-01,관악구,건별집계|xlsx_2022_2024,1653.0,2336.0,251,304,1767.0
2022-09-01,관악구,건별집계|xlsx_2022_2024,1767.0,2267.0,251,304,1573.0
2022-10-01,관악구,건별집계|xlsx_2022_2024,1573.0,2358.0,251,304,1474.0
2022-11-01,관악구,건별집계|xlsx_2022_2024,1474.0,2441.0,251,304,1549.0
2022-12-01,관악구,건별집계|xlsx_2022_2024,1549.0,2381.0,251,304,1748.0
2018-01-01,광진구,API_2017_2025,875.0,2486.0,294,282,870.0
2018-02-01,광진구,API_2017_2025,870.0,2038.0,294,282,741.0
2018-03-01,광진구,API_2017_2025,741.0,2463.0,294,282,809.0
2018-04-01,광진구,API_2017_2025,809.0,2565.0,294,282,839.0
2018-05-01,광진구,API_2017_2025,839.0,2711.0,294,282,842.0
2018-06-01,광진구,API_2017_2025,842.0,2706.0,294,282,882.0
2018-07-01,광진구,API_2017_2025,882.0,2303.0,294,282,875.0
2018-08-01,광진구,API_2017_2025,875.0,1392.0,294,282,900.0
2018-09-01,광진구,API_2017_2025,900.0,1421.0,294,282,792.0
2018-10-01,광진구,API_2017_2025,792.0,1352.0,294,282,846.0
2018-11-01,광진구,API_2017_2025,846.0,1237.0,294,282,804.0
2018-12-01,광진구,API_2017_2025,804.0,1419.0,294,282,885.0
2019-01-01,광진구,API_2017_2025,885.0,1419.0,176,202,774.0
2019-02-01,광진구,API_2017_2025,774.0,1266.0,176,202,667.0
2019-03-01,광진구,API_2017_2025,667.0,1327.0,176,202,763.0
2019-04-01,광진구,API_2017_2025,763.0,1353.0,176,202,805.0
2019-05-01,광진구,API_2017_2025,805.0,1402.0,176,202,854.0
2019-06-01,광진구,API_2017_2025,854.0,1386.0,176,202,827.0
2019-07-01,광진구,API_2017_2025,827.0,1457.0,176,202,856.0
2019-08-01,광진구,API_2017_2025,856.0,1432.0,176,202,843.0
2019-09-01,광진구,API_2017_2025,843.0,1285.0,176,202,762.0
2019-10-01,광진구,API_2017_2025,762.0,1351.0,176,202,882.0
2019-11-01,광진구,API_2017_2025,882.0,1231.0,176,202,765.0
2019-12-01,광진구,API_2017_2025,765.0,1347.0,176,202,809.0
2020-01-01,광진구,API_2017_2025,809.0,1186.0,182,179,838.0
2020-02-01,광진구,API_2017_2025,838.0,1040.0,182,179,617.0
2020-03-01,광진구,API_2017_2025,617.0,1268.0,182,179,578.0
2020-04-01,광진구,API_2017_2025,578.0,1285.0,182,179,622.0
2020-05-01,광진구,API_2017_2025,622.0,1355.0,182,179,692.0
2020-06-01,광진구,API_2017_2025,692.0,1280.0,182,179,679.0
2020-07-01,광진구,API_2017_2025,679.0,1295.0,182,179,672.0
2020-08-01,광진구,API_2017_2025,672.0,1316.0,182,179,647.0
2020-09-01,광진구,API_2017_2025,647.0,1284.0,182,179,631.0
2020-10-01,광진구,API_2017_2025,631.0,1379.0,182,179,702.0
2020-11-01,광진구,API_2017_2025,702.0,1202.0,182,179,683.0
2020-12-01,광진구,API_2017_2025,683.0,1255.0,182,179,611.0
2021-01-01,광진구,건별집계|API_2017_2025,611.0,1255.0,72,106,684.0
2021-02-01,광진구,건별집계|API_2017_2025,684.0,996.0,72,106,702.0
2021-03-01,광진구,건별집계|API_2017_2025,702.0,1030.0,72,106,755.0
2021-04-01,광진구,건별집계|API_2017_2025,755.0,1017.0,72,106,782.0
2021-05-01,광진구,건별집계|API_2017_2025,782.0,1170.0,72,106,850.0
2021-06-01,광진구,건별집계|API_2017_2025,850.0,1116.0,72,106,900.0
2021-07-01,광진구,건별집계|API_2017_2025,900.0,1121.0,72,106,938.0
2021-08-01,광진구,건별집계|API_2017_2025,938.0,1168.0,72,106,1034.0
2021-09-01,광진구,건별집계|API_2017_2025,1034.0,1126.0,72,106,1037.0
2021-10-01,광진구,건별집계|API_2017_2025,1037.0,1235.0,72,106,930.0
2021-11-01,광진구,건별집계|API_2017_2025,930.0,1155.0,72,106,894.0
2021-12-01,광진구,건별집계|API_2017_2025,894.0,1061.0,72,106,890.0
2022-01-01,광진구,건별집계|API_2017_2025|xlsx_2022_2024,890.0,1224.0,64,144,908.0
2022-02-01,광진구,건별집계|xlsx_2022_2024,908.0,1202.0,64,144,838.0
2022-03-01,광진구,건별집계|xlsx_2022_2024,838.0,1280.0,64,144,884.0
2022-04-01,광진구,건별집계|xlsx_2022_2024,884.0,1321.0,64,144,984.0
2022-05-01,광진구,건별집계|xlsx_2022_2024,984.0,1545.0,64,144,1009.0
2022-06-01,광진구,건별집계|xlsx_2022_2024,1009.0,1561.0,64,144,947.0
2022-07-01,광진구,건별집계|xlsx_2022_2024,947.0,1562.0,64,144,1119.0
2022-08-01,광진구,건별집계|xlsx_2022_2024,1119.0,1640.0,64,144,1082.0
2022-09-01,광진구,건별집계|xlsx_2022_2024,1082.0,1739.0,64,144,1012.0
2022-10-01,광진구,건별집계|xlsx_2022_2024,1012.0,1546.0,64,144,971.0
2022-11-01,광진구,건별집계|xlsx_2022_2024,971.0,1565.0,64,144,975.0
2022-12-01,광진구,건별집계|xlsx_2022_2024,975.0,1563.0,64,144,1064.0
2018-01-01,구로구,API_2017_2025,2212.0,2926.0,389,256,2180.0
2018-02-01,구로구,API_2017_2025,2180.0,2535.0,389,256,1906.0
2018-03-01,구로구,API_2017_2025,1906.0,2985.0,389,256,2006.0
2018-04-01,구로구,API_2017_2025,2006.0,2936.0,389,256,1996.0
2018-05-01,구로구,API_2017_2025,1996.0,3030.0,389,256,2218.0
2018-06-01,구로구,API_2017_2025,2218.0,3157.0,389,256,2093.0
2018-07-01,구로구,API_2017_2025,2093.0,3425.0,389,256,2353.0
2018-08-01,구로구,API_2017_2025,2353.0,3279.0,389,256,2198.0
2018-09-01,구로구,API_2017_2025,2198.0,3252.0,389,256,2030.0
2018-10-01,구로구,API_2017_2025,2030.0,3268.0,389,256,2101.0
2018-11-01,구로구,API_2017_2025,2101.0,3022.0,389,256,2015.0
2018-12-01,구로구,API_2017_2025,2015.0,3394.0,389,256,2157.0
2019-01-01,구로구,API_2017_2025,2157.0,3319.0,434,194,2023.0
2019-02-01,구로구,API_2017_2025,2023.0,2982.0,434,194,1690.0
2019-03-01,구로구,API_2017_2025,1690.0,3140.0,434,194,1916.0
2019-04-01,구로구,API_2017_2025,1916.0,3032.0,434,194,1989.0
2019-05-01,구로구,API_2017_2025,1989.0,3265.0,434,194,1992.0
2019-06-01,구로구,API_2017_2025,1992.0,3089.0,434,194,1961.0
2019-07-01,구로구,API_2017_2025,1961.0,3537.0,434,194,2214.0
2019-08-01,구로구,API_2017_2025,2214.0,3317.0,434,194,2085.0
2019-09-01,구로구,API_2017_2025,2085.0,3109.0,434,194,2104.0
2019-10-01,구로구,API_2017_2025,2104.0,3122.0,434,194,1995.0
2019-11-01,구로구,API_2017_2025,1995.0,2936.0,434,194,1889.0
2019-12-01,구로구,API_2017_2025,1889.0,3306.0,434,194,2076.0
2020-01-01,구로구,API_2017_2025,2076.0,3082.0,304,166,1989.0
2020-02-01,구로구,API_2017_2025,1989.0,2618.0,304,166,1484.0
2020-03-01,구로구,API_2017_2025,1484.0,2985.0,304,166,1414.0
2020-04-01,구로구,API_2017_2025,1414.0,3017.0,304,166,1473.0
2020-05-01,구로구,API_2017_2025,1473.0,3123.0,304,166,1684.0
2020-06-01,구로구,API_2017_2025,1684.0,2972.0,304,166,1700.0
2020-07-01,구로구,API_2017_2025,1700.0,3430.0,304,166,1812.0
2020-08-01,구로구,API_2017_2025,1812.0,3264.0,304,166,1675.0
2020-09-01,구로구,API_2017_2025,1675.0,3276.0,304,166,1574.0
2020-10-01,구로구,API_2017_2025,1574.0,3131.0,304,166,1707.0
2020-11-01,구로구,API_2017_2025,1707.0,2991.0,304,166,1542.0
2020-12-01,구로구,API_2017_2025,1542.0,3079.0,304,166,1417.0
2021-01-01,구로구,건별집계|API_2017_2025,1417.0,2965.0,198,110,893.0
2021-02-01,구로구,건별집계|API_2017_2025,893.0,2369.0,198,110,790.0
2021-03-01,구로구,건별집계|API_2017_2025,790.0,2413.0,198,110,963.0
2021-04-01,구로구,건별집계|API_2017_2025,963.0,2525.0,198,110,963.0
2021-05-01,구로구,건별집계|API_2017_2025,963.0,2835.0,198,110,1149.0
2021-06-01,구로구,건별집계|API_2017_2025,1149.0,2935.0,198,110,1209.0
2021-07-01,구로구,건별집계|API_2017_2025,1209.0,3133.0,198,110,1247.0
2021-08-01,구로구,건별집계|API_2017_2025,1247.0,3192.0,198,110,1213.0
2021-09-01,구로구,건별집계|API_2017_2025,1213.0,2873.0,198,110,1442.0
2021-10-01,구로구,건별집계|API_2017_2025,1442.0,3030.0,198,110,1293.0
2021-11-01,구로구,건별집계|API_2017_2025,1293.0,2755.0,198,110,1171.0
2021-12-01,구로구,건별집계|API_2017_2025,1171.0,2611.0,198,110,1095.0
2022-01-01,구로구,건별집계|API_2017_2025|xlsx_2022_2024,1095.0,1524.0,193,73,1086.0
2022-02-01,구로구,건별집계|xlsx_2022_2024,1086.0,1428.0,193,73,1058.0
2022-03-01,구로구,건별집계|xlsx_2022_2024,1058.0,1658.0,193,73,1204.0
2022-04-01,구로구,건별집계|xlsx_2022_2024,1204.0,1725.0,193,73,1124.0
2022-05-01,구로구,건별집계|xlsx_2022_2024,1124.0,1859.0,193,73,1247.0
2022-06-01,구로구,건별집계|xlsx_2022_2024,1247.0,2012.0,193,73,1121.0
2022-07-01,구로구,건별집계|xlsx_2022_2024,1121.0,2106.0,193,73,1289.0
2022-08-01,구로구,건별집계|xlsx_2022_2024,1289.0,1978.0,193,73,1359.0
2022-09-01,구로구,건별집계|xlsx_2022_2024,1359.0,2318.0,193,73,1263.0
2022-10-01,구로구,건별집계|xlsx_2022_2024,1263.0,2135.0,193,73,1251.0
2022-11-01,구로구,건별집계|xlsx_2022_2024,1251.0,2063.0,193,73,1296.0
2022-12-01,구로구,건별집계|xlsx_2022_2024,1296.0,2085.0,193,73,1335.0
2022-01-01,금천구,건별집계|API_2017_2025|xlsx_2022_2024,694.0,1094.0,66,73,660.0
2022-02-01,금천구,건별집계|xlsx_2022_2024,660.0,962.0,66,73,730.0
2022-03-01,금천구,건별집계|xlsx_2022_2024,730.0,1160.0,66,73,711.0
2022-04-01,금천구,건별집계|xlsx_2022_2024,711.0,1225.0,66,73,748.0
2022-05-01,금천구,건별집계|xlsx_2022_2024,748.0,1277.0,66,73,766.0
2022-06-01,금천구,건별집계|xlsx_2022_2024,766.0,1392.0,66,73,820.0
2022-07-01,금천구,건별집계|xlsx_2022_2024,820.0,1390.0,66,73,815.0
2022-08-01,금천구,건별집계|xlsx_2022_2024,815.0,1321.0,66,73,876.0
2022-09-01,금천구,건별집계|xlsx_2022_2024,876.0,1339.0,66,73,831.0
2022-10-01,금천구,건별집계|xlsx_2022_2024,831.0,1302.0,66,73,683.0
2022-11-01,금천구,건별집계|xlsx_2022_2024,683.0,1335.0,66,73,823.0
2022-12-01,금천구,건별집계|xlsx_2022_2024,823.0,1315.0,66,73,814.0
2018-01-01,노원구,API_2017_2025,1626.0,2170.0,663,467,1748.0
2018-02-01,노원구,API_2017_2025,1748.0,1744.0,663,467,1354.0
2018-03-01,노원구,API_2017_2025,1354.0,2068.0,663,467,1449.0
2018-04-01,노원구,API_2017_2025,1449.0,2119.0,663,467,1455.0
2018-05-01,노원구,API_2017_2025,1455.0,2211.0,663,467,1532.0
2018-06-01,노원구,API_2017_2025,1532.0,2141.0,663,467,1598.0
2018-07-01,노원구,API_2017_2025,1598.0,2329.0,663,467,1564.0
2018-08-01,노원구,API_2017_2025,1564.0,2274.0,663,467,1617.0
2018-09-01,노원구,API_2017_2025,1617.0,2223.0,663,467,1471.0
2018-10-01,노원구,API_2017_2025,1471.0,2239.0,663,467,1419.0
2018-11-01,노원구,API_2017_2025,1419.0,2082.0,663,467,1374.0
2018-12-01,노원구,API_2017_2025,1374.0,2346.0,663,467,1497.0
2019-01-01,노원구,API_2017_2025,1497.0,2455.0,464,235,1349.0
2019-02-01,노원구,API_2017_2025,1349.0,1901.0,464,235,1261.0
2019-03-01,노원구,API_2017_2025,1261.0,2062.0,464,235,1440.0
2019-04-01,노원구,API_2017_2025,1440.0,2053.0,464,235,1449.0
2019-05-01,노원구,API_2017_2025,1449.0,2186.0,464,235,1496.0
2019-06-01,노원구,API_2017_2025,1496.0,2239.0,464,235,1479.0
2019-07-01,노원구,API_2017_2025,1479.0,2316.0,464,235,1532.0
2019-08-01,노원구,API_2017_2025,1532.0,2423.0,464,235,1530.0
2019-09-01,노원구,API_2017_2025,1530.0,2207.0,464,235,1509.0
2019-10-01,노원구,API_2017_2025,1509.0,2059.0,464,235,1478.0
2019-11-01,노원구,API_2017_2025,1478.0,1974.0,464,235,1399.0
2019-12-01,노원구,API_2017_2025,1399.0,2125.0,464,235,1458.0
2020-01-01,노원구,API_2017_2025,1458.0,1954.0,277,234,1445.0
2020-02-01,노원구,API_2017_2025,1445.0,1834.0,277,234,1160.0
2020-03-01,노원구,API_2017_2025,1160.0,2085.0,277,234,1048.0
2020-04-01,노원구,API_2017_2025,1048.0,2048.0,277,234,1042.0
2020-05-01,노원구,API_2017_2025,1042.0,2182.0,277,234,1092.0
2020-06-01,노원구,API_2017_2025,1092.0,2099.0,277,234,1112.0
2020-07-01,노원구,API_2017_2025,1112.0,2226.0,277,234,1241.0
2020-08-01,노원구,API_2017_2025,1241.0,2236.0,277,234,1170.0
2020-09-01,노원구,API_2017_2025,1170.0,2145.0,277,234,1042.0
2020-10-01,노원구,API_2017_2025,1042.0,2144.0,277,234,1185.0
2020-11-01,노원구,API_2017_2025,1185.0,2019.0,277,234,1084.0
2020-12-01,노원구,API_2017_2025,1084.0,2068.0,277,234,978.0
2021-01-01,노원구,건별집계|API_2017_2025,978.0,2078.0,160,140,1170.0
2021-02-01,노원구,건별집계|API_2017_2025,1170.0,1859.0,160,140,1109.0
2021-03-01,노원구,건별집계|API_2017_2025,1109.0,1781.0,160,140,1200.0
2021-04-01,노원구,건별집계|API_2017_2025,1200.0,1680.0,160,140,1274.0
2021-05-01,노원구,건별집계|API_2017_2025,1274.0,1857.0,160,140,1451.0
2021-06-01,노원구,건별집계|API_2017_2025,1451.0,1911.0,160,140,1514.0
2021-07-01,노원구,건별집계|API_2017_2025,1514.0,1879.0,160,140,1473.0
2021-08-01,노원구,건별집계|API_2017_2025,1473.0,2056.0,160,140,1441.0
2021-09-01,노원구,건별집계|API_2017_2025,1441.0,1817.0,160,140,1376.0
2021-10-01,노원구,건별집계|API_2017_2025,1376.0,1934.0,160,140,1407.0
2021-11-01,노원구,건별집계|API_2017_2025,1407.0,1794.0,160,140,1374.0
2021-12-01,노원구,건별집계|API_2017_2025,1374.0,1674.0,160,140,1175.0
2022-01-01,노원구,건별집계|API_2017_2025|xlsx_2022_2024,1175.0,1914.0,109,140,1179.0
2022-02-01,노원구,건별집계|xlsx_2022_2024,1179.0,1823.0,109,140,1257.0
2022-03-01,노원구,건별집계|xlsx_2022_2024,1257.0,1925.0,109,140,1419.0
2022-04-01,노원구,건별집계|xlsx_2022_2024,1419.0,2073.0,109,140,1361.0
2022-05-01,노원구,건별집계|xlsx_2022_2024,1361.0,2338.0,109,140,1406.0
2022-06-01,노원구,건별집계|xlsx_2022_2024,1406.0,2452.0,109,140,1344.0
2022-07-01,노원구,건별집계|xlsx_2022_2024,1344.0,2335.0,109,140,1598.0
2022-08-01,노원구,건별집계|xlsx_2022_2024,1598.0,2232.0,109,140,1649.0
2022-09-01,노원구,건별집계|xlsx_2022_2024,1649.0,2201.0,109,140,1509.0
2022-10-01,노원구,건별집계|xlsx_2022_2024,1509.0,2256.0,109,140,1382.0
2022-11-01,노원구,건별집계|xlsx_2022_2024,1382.0,2271.0,109,140,1411.0
2022-12-01,노원구,건별집계|xlsx_2022_2024,1411.0,2173.0,109,140,1560.0
2018-01-01,도봉구,API_2017_2025,1030.0,1388.0,212,234,1076.0
2018-02-01,도봉구,API_2017_2025,1076.0,1129.0,212,234,865.0
2018-03-01,도봉구,API_2017_2025,865.0,1302.0,212,234,896.0
2018-04-01,도봉구,API_2017_2025,896.0,1366.0,212,234,927.0
2018-05-01,도봉구,API_2017_2025,927.0,1505.0,212,234,995.0
2018-06-01,도봉구,API_2017_2025,995.0,1371.0,212,234,935.0
2018-07-01,도봉구,API_2017_2025,935.0,1517.0,212,234,969.0
2018-08-01,도봉구,API_2017_2025,969.0,1500.0,212,234,1074.0
2018-09-01,도봉구,API_2017_2025,1074.0,1435.0,212,234,935.0
2018-10-01,도봉구,API_2017_2025,935.0,1379.0,212,234,962.0
2018-11-01,도봉구,API_2017_2025,962.0,1337.0,212,234,874.0
2018-12-01,도봉구,API_2017_2025,874.0,1484.0,212,234,989.0
2019-01-01,도봉구,API_2017_2025,989.0,1576.0,245,219,921.0
2019-02-01,도봉구,API_2017_2025,921.0,1318.0,245,219,857.0
2019-03-01,도봉구,API_2017_2025,857.0,1355.0,245,219,883.0
2019-04-01,도봉구,API_2017_2025,883.0,1349.0,245,219,882.0
2019-05-01,도봉구,API_2017_2025,882.0,1442.0,245,219,931.0
2019-06-01,도봉구,API_2017_2025,931.0,1395.0,245,219,895.0
2019-07-01,도봉구,API_2017_2025,895.0,1456.0,245,219,969.0
2019-08-01,도봉구,API_2017_2025,969.0,1624.0,245,219,988.0
2019-09-01,도봉구,API_2017_2025,988.0,1488.0,245,219,876.0
2019-10-01,도봉구,API_2017_2025,876.0,1423.0,245,219,926.0
2019-11-01,도봉구,API_2017_2025,926.0,1219.0,245,219,864.0
2019-12-01,도봉구,API_2017_2025,864.0,1440.0,245,219,922.0
2020-01-01,도봉구,API_2017_2025,922.0,1346.0,270,191,895.0
2020-02-01,도봉구,API_2017_2025,895.0,1208.0,270,191,674.0
2020-03-01,도봉구,API_2017_2025,674.0,1359.0,270,191,658.0
2020-04-01,도봉구,API_2017_2025,658.0,1328.0,270,191,672.0
2020-05-01,도봉구,API_2017_2025,672.0,1459.0,270,191,763.0
2020-06-01,도봉구,API_2017_2025,763.0,1342.0,270,191,769.0
2020-07-01,도봉구,API_2017_2025,769.0,1504.0,270,191,862.0
2020-08-01,도봉구,API_2017_2025,862.0,1490.0,270,191,843.0
2020-09-01,도봉구,API_2017_2025,843.0,1399.0,270,191,769.0
2020-10-01,도봉구,API_2017_2025,769.0,1372.0,270,191,826.0
2020-11-01,도봉구,API_2017_2025,826.0,1321.0,270,191,754.0
2020-12-01,도봉구,API_2017_2025,754.0,1389.0,270,191,635.0
2021-01-01,도봉구,건별집계|API_2017_2025,635.0,1293.0,154,98,753.0
2021-02-01,도봉구,건별집계|API_2017_2025,753.0,1079.0,154,98,722.0
2021-03-01,도봉구,건별집계|API_2017_2025,722.0,1108.0,154,98,777.0
2021-04-01,도봉구,건별집계|API_2017_2025,777.0,1103.0,154,98,833.0
2021-05-01,도봉구,건별집계|API_2017_2025,833.0,1273.0,154,98,918.0
2021-06-01,도봉구,건별집계|API_2017_2025,918.0,1238.0,154,98,1017.0
2021-07-01,도봉구,건별집계|API_2017_2025,1017.0,1383.0,154,98,952.0
2021-08-01,도봉구,건별집계|API_2017_2025,952.0,1515.0,154,98,1020.0
2021-09-01,도봉구,건별집계|API_2017_2025,1020.0,1267.0,154,98,1008.0
2021-10-01,도봉구,건별집계|API_2017_2025,1008.0,1333.0,154,98,916.0
2021-11-01,도봉구,건별집계|API_2017_2025,916.0,1235.0,154,98,930.0
2021-12-01,도봉구,건별집계|API_2017_2025,930.0,1106.0,154,98,871.0
2022-01-01,도봉구,건별집계|API_2017_2025|xlsx_2022_2024,871.0,1189.0,105,81,861.0
2022-02-01,도봉구,건별집계|xlsx_2022_2024,861.0,1155.0,105,81,838.0
2022-03-01,도봉구,건별집계|xlsx_2022_2024,838.0,1269.0,105,81,930.0
2022-04-01,도봉구,건별집계|xlsx_2022_2024,930.0,1306.0,105,81,929.0
2022-05-01,도봉구,건별집계|xlsx_2022_2024,929.0,1503.0,105,81,961.0
2022-06-01,도봉구,건별집계|xlsx_2022_2024,961.0,1610.0,105,81,953.0
2022-07-01,도봉구,건별집계|xlsx_2022_2024,953.0,1493.0,105,81,1061.0
2022-08-01,도봉구,건별집계|xlsx_2022_2024,1061.0,1628.0,105,81,1194.0
2022-09-01,도봉구,건별집계|xlsx_2022_2024,1194.0,1556.0,105,81,1013.0
2022-10-01,도봉구,건별집계|xlsx_2022_2024,1013.0,1469.0,105,81,983.0
2022-11-01,도봉구,건별집계|xlsx_2022_2024,983.0,1582.0,105,81,975.0
2022-12-01,도봉구,건별집계|xlsx_2022_2024,975.0,1562.0,105,81,1033.0
2018-01-01,동대문구,API_2017_2025,1218.0,1724.0,365,222,1258.0
2018-02-01,동대문구,API_2017_2025,1258.0,1436.0,365,222,1076.0
2018-03-01,동대문구,API_2017_2025,1076.0,1770.0,365,222,1156.0
2018-04-01,동대문구,API_2017_2025,1156.0,1743.0,365,222,1105.0
2018-05-01,동대문구,API_2017_2025,1105.0,1942.0,365,222,1291.0
2018-06-01,동대문구,API_2017_2025,1291.0,2053.0,365,222,1253.0
2018-07-01,동대문구,API_2017_2025,1253.0,2038.0,365,222,1325.0
2018-08-01,동대문구,API_2017_2025,1325.0,2067.0,365,222,1276.0
2018-09-01,동대문구,API_2017_2025,1276.0,1959.0,365,222,1177.0
2018-10-01,동대문구,API_2017_2025,1177.0,1859.0,365,222,1164.0
2018-11-01,동대문구,API_2017_2025,1164.0,1686.0,365,222,1043.0
2018-12-01,동대문구,API_2017_2025,1043.0,1977.0,365,222,1242.0
2019-01-01,동대문구,API_2017_2025,1242.0,2034.0,340,188,1070.0
2019-02-01,동대문구,API_2017_2025,1070.0,1761.0,340,188,939.0
2019-03-01,동대문구,API_2017_2025,939.0,1880.0,340,188,1143.0
2019-04-01,동대문구,API_2017_2025,1143.0,1798.0,340,188,1126.0
2019-05-01,동대문구,API_2017_2025,1126.0,1951.0,340,188,1192.0
2019-06-01,동대문구,API_2017_2025,1192.0,1964.0,340,188,1115.0
2019-07-01,동대문구,API_2017_2025,1115.0,2126.0,340,188,1167.0
2019-08-01,동대문구,API_2017_2025,1167.0,2118.0,340,188,1249.0
2019-09-01,동대문구,API_2017_2025,1249.0,1869.0,340,188,1191.0
2019-10-01,동대문구,API_2017_2025,1191.0,1849.0,340,188,1156.0
2019-11-01,동대문구,API_2017_2025,1156.0,1693.0,340,188,1085.0
2019-12-01,동대문구,API_2017_2025,1085.0,1953.0,340,188,1119.0
2020-01-01,동대문구,API_2017_2025,1119.0,1702.0,222,158,1044.0
2020-02-01,동대문구,API_2017_2025,1044.0,1531.0,222,158,823.0
2020-03-01,동대문구,API_2017_2025,823.0,1829.0,222,158,682.0
2020-04-01,동대문구,API_2017_2025,682.0,1804.0,222,158,756.0
2020-05-01,동대문구,API_2017_2025,756.0,1926.0,222,158,831.0
2020-06-01,동대문구,API_2017_2025,831.0,1778.0,222,158,896.0
2020-07-01,동대문구,API_2017_2025,896.0,1921.0,222,158,1007.0
2020-08-01,동대문구,API_2017_2025,1007.0,1997.0,222,158,918.0
2020-09-01,동대문구,API_2017_2025,918.0,1902.0,222,158,854.0
2020-10-01,동대문구,API_2017_2025,854.0,1775.0,222,158,863.0
2020-11-01,동대문구,API_2017_2025,863.0,1734.0,222,158,779.0
2020-12-01,동대문구,API_2017_2025,779.0,1816.0,222,158,739.0
2021-01-01,동대문구,건별집계|API_2017_2025,739.0,1629.0,150,108,887.0
2021-02-01,동대문구,건별집계|API_2017_2025,887.0,1418.0,150,108,777.0
2021-03-01,동대문구,건별집계|API_2017_2025,777.0,1281.0,150,108,907.0
2021-04-01,동대문구,건별집계|API_2017_2025,907.0,1380.0,150,108,921.0
2021-05-01,동대문구,건별집계|API_2017_2025,921.0,1556.0,150,108,986.0
2021-06-01,동대문구,건별집계|API_2017_2025,986.0,1609.0,150,108,1189.0
2021-07-01,동대문구,건별집계|API_2017_2025,1189.0,1741.0,150,108,1235.0
2021-08-01,동대문구,건별집계|API_2017_2025,1235.0,1793.0,150,108,1187.0
2021-09-01,동대문구,건별집계|API_2017_2025,1187.0,1703.0,150,108,1266.0
2021-10-01,동대문구,건별집계|API_2017_2025,1266.0,1701.0,150,108,1196.0
2021-11-01,동대문구,건별집계|API_2017_2025,1196.0,1560.0,150,108,1188.0
2021-12-01,동대문구,건별집계|API_2017_2025,1188.0,1417.0,150,108,1187.0
2022-01-01,동대문구,건별집계|API_2017_2025|xlsx_2022_2024,1187.0,1596.0,100,96,1097.0
2022-02-01,동대문구,건별집계|xlsx_2022_2024,1097.0,1403.0,100,96,946.0
2022-03-01,동대문구,건별집계|xlsx_2022_2024,946.0,1595.0,100,96,1207.0
2022-04-01,동대문구,건별집계|xlsx_2022_2024,1207.0,1582.0,100,96,1131.0
2022-05-01,동대문구,건별집계|xlsx_2022_2024,1131.0,1778.0,100,96,1155.0
2022-06-01,동대문구,건별집계|xlsx_2022_2024,1155.0,1999.0,100,96,1025.0
2022-07-01,동대문구,건별집계|xlsx_2022_2024,1025.0,2175.0,100,96,1232.0
2022-08-01,동대문구,건별집계|xlsx_2022_2024,1232.0,1915.0,100,96,1270.0
2022-09-01,동대문구,건별집계|xlsx_2022_2024,1270.0,2116.0,100,96,1220.0
2022-10-01,동대문구,건별집계|xlsx_2022_2024,1220.0,2023.0,100,96,1105.0
2022-11-01,동대문구,건별집계|xlsx_2022_2024,1105.0,1969.0,100,96,1133.0
2022-12-01,동대문구,건별집계|xlsx_2022_2024,1133.0,2110.0,100,96,1181.0
2018-01-01,동작구,API_2017_2025,1034.0,1241.0,158,178,1030.0
2018-02-01,동작구,API_2017_2025,1030.0,1184.0,158,178,839.0
2018-03-01,동작구,API_2017_2025,839.0,1282.0,158,178,814.0
2018-04-01,동작구,API_2017_2025,814.0,1316.0,158,178,864.0
2018-05-01,동작구,API_2017_2025,864.0,1428.0,158,178,979.0
2018-06-01,동작구,API_2017_2025,979.0,1428.0,158,178,915.0
2018-07-01,동작구,API_2017_2025,915.0,1486.0,158,178,1002.0
2018-08-01,동작구,API_2017_2025,1002.0,1535.0,158,178,1050.0
2018-09-01,동작구,API_2017_2025,1050.0,1488.0,158,178,901.0
2018-10-01,동작구,API_2017_2025,901.0,1399.0,158,178,894.0
2018-11-01,동작구,API_2017_2025,894.0,1309.0,158,178,907.0
2018-12-01,동작구,API_2017_2025,907.0,1550.0,158,178,1006.0
2019-01-01,동작구,API_2017_2025,1006.0,1581.0,239,176,904.0
2019-02-01,동작구,API_2017_2025,904.0,1312.0,239,176,766.0
2019-03-01,동작구,API_2017_2025,766.0,1259.0,239,176,807.0
2019-04-01,동작구,API_2017_2025,807.0,1360.0,239,176,896.0
2019-05-01,동작구,API_2017_2025,896.0,1469.0,239,176,927.0
2019-06-01,동작구,API_2017_2025,927.0,1441.0,239,176,917.0
2019-07-01,동작구,API_2017_2025,917.0,1499.0,239,176,949.0
2019-08-01,동작구,API_2017_2025,949.0,1609.0,239,176,966.0
2019-09-01,동작구,API_2017_2025,966.0,1399.0,239,176,939.0
2019-10-01,동작구,API_2017_2025,939.0,1306.0,239,176,904.0
2019-11-01,동작구,API_2017_2025,904.0,1332.0,239,176,882.0
2019-12-01,동작구,API_2017_2025,882.0,1490.0,239,176,918.0
2020-01-01,동작구,API_2017_2025,918.0,1366.0,190,152,896.0
2020-02-01,동작구,API_2017_2025,896.0,1144.0,190,152,682.0
2020-03-01,동작구,API_2017_2025,682.0,1286.0,190,152,689.0
2020-04-01,동작구,API_2017_2025,689.0,1362.0,190,152,671.0
2020-05-01,동작구,API_2017_2025,671.0,1443.0,190,152,724.0
2020-06-01,동작구,API_2017_2025,724.0,1405.0,190,152,779.0
2020-07-01,동작구,API_2017_2025,779.0,1486.0,190,152,852.0
2020-08-01,동작구,API_2017_2025,852.0,1476.0,190,152,789.0
2020-09-01,동작구,API_2017_2025,789.0,1440.0,190,152,617.0
2020-10-01,동작구,API_2017_2025,617.0,1388.0,190,152,654.0
2020-11-01,동작구,API_2017_2025,654.0,1364.0,190,152,563.0
2020-12-01,동작구,API_2017_2025,563.0,1379.0,190,152,563.0
2021-01-01,동작구,건별집계|API_2017_2025,563.0,1334.0,133,104,832.0
2021-02-01,동작구,건별집계|API_2017_2025,832.0,1077.0,133,104,772.0
2021-03-01,동작구,건별집계|API_2017_2025,772.0,1106.0,133,104,817.0
2021-04-01,동작구,건별집계|API_2017_2025,817.0,1068.0,133,104,943.0
2021-05-01,동작구,건별집계|API_2017_2025,943.0,1169.0,133,104,947.0
2021-06-01,동작구,건별집계|API_2017_2025,947.0,1222.0,133,104,1038.0
2021-07-01,동작구,건별집계|API_2017_2025,1038.0,1292.0,133,104,982.0
2021-08-01,동작구,건별집계|API_2017_2025,982.0,1302.0,133,104,983.0
2021-09-01,동작구,건별집계|API_2017_2025,983.0,1051.0,133,104,997.0
2021-10-01,동작구,건별집계|API_2017_2025,997.0,1101.0,133,104,984.0
2021-11-01,동작구,건별집계|API_2017_2025,984.0,996.0,133,104,964.0
2021-12-01,동작구,건별집계|API_2017_2025,964.0,960.0,133,104,866.0
2022-01-01,동작구,건별집계|API_2017_2025|xlsx_2022_2024,866.0,1349.0,115,90,925.0
2022-02-01,동작구,건별집계|xlsx_2022_2024,925.0,1245.0,115,90,842.0
2022-03-01,동작구,건별집계|xlsx_2022_2024,842.0,1348.0,115,90,907.0
2022-04-01,동작구,건별집계|xlsx_2022_2024,907.0,1489.0,115,90,1074.0
2022-05-01,동작구,건별집계|xlsx_2022_2024,1074.0,1563.0,115,90,1045.0
2022-06-01,동작구,건별집계|xlsx_2022_2024,1045.0,1650.0,115,90,999.0
2022-07-01,동작구,건별집계|xlsx_2022_2024,999.0,1629.0,115,90,1216.0
2022-08-01,동작구,건별집계|xlsx_2022_2024,1216.0,1544.0,115,90,1237.0
2022-09-01,동작구,건별집계|xlsx_2022_2024,1237.0,1640.0,115,90,1182.0
2022-10-01,동작구,건별집계|xlsx_2022_2024,1182.0,1588.0,115,90,1030.0
2022-11-01,동작구,건별집계|xlsx_2022_2024,1030.0,1601.0,115,90,1080.0
2022-12-01,동작구,건별집계|xlsx_2022_2024,1080.0,1595.0,115,90,1162.0
2018-01-01,마포구,API_2017_2025,1631.0,2257.0,533,258,1524.0
2018-02-01,마포구,API_2017_2025,1524.0,1868.0,533,258,1334.0
2018-03-01,마포구,API_2017_2025,1334.0,2181.0,533,258,1399.0
2018-04-01,마포구,API_2017_2025,1399.0,2202.0,533,258,1386.0
2018-05-01,마포구,API_2017_2025,1386.0,2359.0,533,258,1590.0
2018-06-01,마포구,API_2017_2025,1590.0,2461.0,533,258,1561.0
2018-07-01,마포구,API_2017_2025,1561.0,2563.0,533,258,1576.0
2018-08-01,마포구,API_2017_2025,1576.0,2438.0,533,258,1555.0
2018-09-01,마포구,API_2017_2025,1555.0,2367.0,533,258,1499.0
2018-10-01,마포구,API_2017_2025,1499.0,2369.0,533,258,1446.0
2018-11-01,마포구,API_2017_2025,1446.0,2236.0,533,258,1349.0
2018-12-01,마포구,API_2017_2025,1349.0,2603.0,533,258,1560.0
2019-01-01,마포구,API_2017_2025,1560.0,2468.0,297,184,1261.0
2019-02-01,마포구,API_2017_2025,1261.0,2218.0,297,184,1183.0
2019-03-01,마포구,API_2017_2025,1183.0,2206.0,297,184,1322.0
2019-04-01,마포구,API_2017_2025,1322.0,2220.0,297,184,1357.0
2019-05-01,마포구,API_2017_2025,1357.0,2465.0,297,184,1482.0
2019-06-01,마포구,API_2017_2025,1482.0,2716.0,297,184,1448.0
2019-07-01,마포구,API_2017_2025,1448.0,2777.0,297,184,1500.0
2019-08-01,마포구,API_2017_2025,1500.0,2596.0,297,184,1585.0
2019-09-01,마포구,API_2017_2025,1585.0,2359.0,297,184,1403.0
2019-10-01,마포구,API_2017_2025,1403.0,2306.0,297,184,1493.0
2019-11-01,마포구,API_2017_2025,1493.0,2152.0,297,184,1352.0
2019-12-01,마포구,API_2017_2025,1352.0,2421.0,297,184,1480.0
2020-01-01,마포구,API_2017_2025,1480.0,2053.0,246,203,1294.0
2020-02-01,마포구,API_2017_2025,1294.0,1919.0,246,203,1113.0
2020-03-01,마포구,API_2017_2025,1113.0,2115.0,246,203,967.0
2020-04-01,마포구,API_2017_2025,967.0,2237.0,246,203,1023.0
2020-05-01,마포구,API_2017_2025,1023.0,2488.0,246,203,1106.0
2020-06-01,마포구,API_2017_2025,1106.0,2300.0,246,203,1099.0
2020-07-01,마포구,API_2017_2025,1099.0,2492.0,246,203,1271.0
2020-08-01,마포구,API_2017_2025,1271.0,2588.0,246,203,1213.0
2020-09-01,마포구,API_2017_2025,1213.0,2282.0,246,203,1026.0
2020-10-01,마포구,API_2017_2025,1026.0,2385.0,246,203,1101.0
2020-11-01,마포구,API_2017_2025,1101.0,2176.0,246,203,1037.0
2020-12-01,마포구,API_2017_2025,1037.0,2306.0,246,203,881.0
2021-01-01,마포구,건별집계|API_2017_2025,881.0,2060.0,194,153,912.0
2021-02-01,마포구,건별집계|API_2017_2025,912.0,1800.0,194,153,853.0
2021-03-01,마포구,건별집계|API_2017_2025,853.0,1648.0,194,153,1064.0
2021-04-01,마포구,건별집계|API_2017_2025,1064.0,1720.0,194,153,1045.0
2021-05-01,마포구,건별집계|API_2017_2025,1045.0,1898.0,194,153,1100.0
2021-06-01,마포구,건별집계|API_2017_2025,1100.0,1930.0,194,153,1310.0
2021-07-01,마포구,건별집계|API_2017_2025,1310.0,2136.0,194,153,1151.0
2021-08-01,마포구,건별집계|API_2017_2025,1151.0,2225.0,194,153,1203.0
2021-09-01,마포구,건별집계|API_2017_2025,1203.0,1797.0,194,153,1319.0
2021-10-01,마포구,건별집계|API_2017_2025,1319.0,1985.0,194,153,1232.0
2021-11-01,마포구,건별집계|API_2017_2025,1232.0,1784.0,194,153,1158.0
2021-12-01,마포구,건별집계|API_2017_2025,1158.0,1540.0,194,153,1060.0
2022-01-01,마포구,건별집계|API_2017_2025|xlsx_2022_2024,1060.0,1571.0,174,101,1050.0
2022-02-01,마포구,건별집계|xlsx_2022_2024,1050.0,1482.0,174,101,1014.0
2022-03-01,마포구,건별집계|xlsx_2022_2024,1014.0,1818.0,174,101,1122.0
2022-04-01,마포구,건별집계|xlsx_2022_2024,1122.0,1809.0,174,101,1140.0
2022-05-01,마포구,건별집계|xlsx_2022_2024,1140.0,1945.0,174,101,1231.0
2022-06-01,마포구,건별집계|xlsx_2022_2024,1231.0,2229.0,174,101,1133.0
2022-07-01,마포구,건별집계|xlsx_2022_2024,1133.0,2123.0,174,101,1301.0
2022-08-01,마포구,건별집계|xlsx_2022_2024,1301.0,2001.0,174,101,1367.0
2022-09-01,마포구,건별집계|xlsx_2022_2024,1367.0,2319.0,174,101,1294.0
2022-10-01,마포구,건별집계|xlsx_2022_2024,1294.0,2189.0,174,101,1201.0
2022-11-01,마포구,건별집계|xlsx_2022_2024,1201.0,2153.0,174,101,1204.0
2022-12-01,마포구,건별집계|xlsx_2022_2024,1204.0,2031.0,174,101,1303.0
2018-01-01,서대문구,API_2017_2025,1014.0,1548.0,244,158,1041.0
2018-02-01,서대문구,API_2017_2025,1041.0,1320.0,244,158,885.0
2018-03-01,서대문구,API_2017_2025,885.0,1495.0,244,158,971.0
2018-04-01,서대문구,API_2017_2025,971.0,1553.0,244,158,967.0
2018-05-01,서대문구,API_2017_2025,967.0,1632.0,244,158,987.0
2018-06-01,서대문구,API_2017_2025,987.0,1592.0,244,158,1049.0
2018-07-01,서대문구,API_2017_2025,1049.0,1678.0,244,158,1087.0
2018-08-01,서대문구,API_2017_2025,1087.0,1720.0,244,158,1080.0
2018-09-01,서대문구,API_2017_2025,1080.0,1711.0,244,158,1012.0
2018-10-01,서대문구,API_2017_2025,1012.0,1605.0,244,158,998.0
2018-11-01,서대문구,API_2017_2025,998.0,1511.0,244,158,961.0
2018-12-01,서대문구,API_2017_2025,961.0,1651.0,244,158,1073.0
2019-01-01,서대문구,API_2017_2025,1073.0,1753.0,186,174,964.0
2019-02-01,서대문구,API_2017_2025,964.0,1456.0,186,174,877.0
2019-03-01,서대문구,API_2017_2025,877.0,1593.0,186,174,970.0
2019-04-01,서대문구,API_2017_2025,970.0,1617.0,186,174,978.0
2019-05-01,서대문구,API_2017_2025,978.0,1718.0,186,174,1042.0
2019-06-01,서대문구,API_2017_2025,1042.0,2123.0,186,174,1009.0
2019-07-01,서대문구,API_2017_2025,1009.0,2143.0,186,174,1100.0
2019-08-01,서대문구,API_2017_2025,1100.0,1941.0,186,174,1062.0
2019-09-01,서대문구,API_2017_2025,1062.0,1686.0,186,174,1010.0
2019-10-01,서대문구,API_2017_2025,1010.0,1644.0,186,174,990.0
2019-11-01,서대문구,API_2017_2025,990.0,1573.0,186,174,969.0
2019-12-01,서대문구,API_2017_2025,969.0,1719.0,186,174,1031.0
2020-01-01,서대문구,API_2017_2025,1031.0,1539.0,130,161,983.0
2020-02-01,서대문구,API_2017_2025,983.0,1406.0,130,161,769.0
2020-03-01,서대문구,API_2017_2025,769.0,1543.0,130,161,736.0
2020-04-01,서대문구,API_2017_2025,736.0,1582.0,130,161,745.0
2020-05-01,서대문구,API_2017_2025,745.0,1737.0,130,161,827.0
2020-06-01,서대문구,API_2017_2025,827.0,1611.0,130,161,845.0
2020-07-01,서대문구,API_2017_2025,845.0,1746.0,130,161,873.0
2020-08-01,서대문구,API_2017_2025,873.0,1737.0,130,161,869.0
2020-09-01,서대문구,API_2017_2025,869.0,1646.0,130,161,827.0
2020-10-01,서대문구,API_2017_2025,827.0,1679.0,130,161,913.0
2020-11-01,서대문구,API_2017_2025,913.0,1541.0,130,161,877.0
2020-12-01,서대문구,API_2017_2025,877.0,1629.0,130,161,797.0
2021-01-01,서대문구,건별집계|API_2017_2025,797.0,1545.0,75,119,825.0
2021-02-01,서대문구,건별집계|API_2017_2025,825.0,1326.0,75,119,763.0
2021-03-01,서대문구,건별집계|API_2017_2025,763.0,1280.0,75,119,778.0
2021-04-01,서대문구,건별집계|API_2017_2025,778.0,1390.0,75,119,831.0
2021-05-01,서대문구,건별집계|API_2017_2025,831.0,1514.0,75,119,960.0
2021-06-01,서대문구,건별집계|API_2017_2025,960.0,1530.0,75,119,974.0
2021-07-01,서대문구,건별집계|API_2017_2025,974.0,1500.0,75,119,968.0
2021-08-01,서대문구,건별집계|API_2017_2025,968.0,1618.0,75,119,1009.0
2021-09-01,서대문구,건별집계|API_2017_2025,1009.0,1357.0,75,119,1019.0
2021-10-01,서대문구,건별집계|API_2017_2025,1019.0,1575.0,75,119,982.0
2021-11-01,서대문구,건별집계|API_2017_2025,982.0,1419.0,75,119,931.0
2021-12-01,서대문구,건별집계|API_2017_2025,931.0,1344.0,75,119,919.0
2022-01-01,서대문구,건별집계|xlsx_2022_2024,919.0,1261.0,59,60,928.0
2022-02-01,서대문구,건별집계|xlsx_2022_2024,928.0,1187.0,59,60,836.0
2022-03-01,서대문구,건별집계|xlsx_2022_2024,836.0,1259.0,59,60,1006.0
2022-04-01,서대문구,건별집계|xlsx_2022_2024,1006.0,1339.0,59,60,972.0
2022-05-01,서대문구,건별집계|xlsx_2022_2024,972.0,1513.0,59,60,999.0
2022-06-01,서대문구,건별집계|xlsx_2022_2024,999.0,1603.0,59,60,926.0
2022-07-01,서대문구,건별집계|xlsx_2022_2024,926.0,1606.0,59,60,1066.0
2022-08-01,서대문구,건별집계|xlsx_2022_2024,1066.0,1563.0,59,60,1093.0
2022-09-01,서대문구,건별집계|xlsx_2022_2024,1093.0,1653.0,59,60,992.0
2022-10-01,서대문구,건별집계|xlsx_2022_2024,992.0,1575.0,59,60,979.0
2022-11-01,서대문구,건별집계|xlsx_2022_2024,979.0,1611.0,59,60,968.0
2022-12-01,서대문구,건별집계|xlsx_2022_2024,968.0,1606.0,59,60,1072.0
2018-01-01,서초구,API_2017_2025,1434.0,2106.0,398,167,1333.0
2018-02-01,서초구,API_2017_2025,1333.0,1772.0,398,167,1175.0
2018-03-01,서초구,API_2017_2025,1175.0,2065.0,398,167,1225.0
2018-04-01,서초구,API_2017_2025,1225.0,1961.0,398,167,1253.0
2018-05-01,서초구,API_2017_2025,1253.0,2051.0,398,167,1393.0
2018-06-01,서초구,API_2017_2025,1393.0,2162.0,398,167,1312.0
2018-07-01,서초구,API_2017_2025,1312.0,2316.0,398,167,1425.0
2018-08-01,서초구,API_2017_2025,1425.0,2280.0,398,167,1429.0
2018-09-01,서초구,API_2017_2025,1429.0,2273.0,398,167,1159.0
2018-10-01,서초구,API_2017_2025,1159.0,2005.0,398,167,1246.0
2018-11-01,서초구,API_2017_2025,1246.0,2099.0,398,167,1210.0
2018-12-01,서초구,API_2017_2025,1210.0,2366.0,398,167,1403.0
2019-01-01,서초구,API_2017_2025,1403.0,2286.0,350,121,1205.0
2019-02-01,서초구,API_2017_2025,1205.0,1968.0,350,121,1040.0
2019-03-01,서초구,API_2017_2025,1040.0,2111.0,350,121,1108.0
2019-04-01,서초구,API_2017_2025,1108.0,2083.0,350,121,1123.0
2019-05-01,서초구,API_2017_2025,1123.0,2279.0,350,121,1272.0
2019-06-01,서초구,API_2017_2025,1272.0,2216.0,350,121,1258.0
2019-07-01,서초구,API_2017_2025,1258.0,2437.0,350,121,1353.0
2019-08-01,서초구,API_2017_2025,1353.0,2415.0,350,121,1353.0
2019-09-01,서초구,API_2017_2025,1353.0,1962.0,350,121,1256.0
2019-10-01,서초구,API_2017_2025,1256.0,2087.0,350,121,1265.0
2019-11-01,서초구,API_2017_2025,1265.0,1966.0,350,121,1225.0
2019-12-01,서초구,API_2017_2025,1225.0,2252.0,350,121,1319.0
2020-01-01,서초구,API_2017_2025,1319.0,1981.0,260,89,1142.0
2020-02-01,서초구,API_2017_2025,1142.0,1726.0,260,89,961.0
2020-03-01,서초구,API_2017_2025,961.0,1869.0,260,89,793.0
2020-04-01,서초구,API_2017_2025,793.0,1984.0,260,89,770.0
2020-05-01,서초구,API_2017_2025,770.0,2108.0,260,89,863.0
2020-06-01,서초구,API_2017_2025,863.0,2066.0,260,89,906.0
2020-07-01,서초구,API_2017_2025,906.0,2296.0,260,89,1091.0
2020-08-01,서초구,API_2017_2025,1091.0,2243.0,260,89,1067.0
2020-09-01,서초구,API_2017_2025,1067.0,2082.0,260,89,936.0
2020-10-01,서초구,API_2017_2025,936.0,2143.0,260,89,1028.0
2020-11-01,서초구,API_2017_2025,1028.0,2063.0,260,89,904.0
2020-12-01,서초구,API_2017_2025,904.0,2164.0,260,89,819.0
2021-01-01,서초구,건별집계|API_2017_2025,819.0,1879.0,181,77,889.0
2021-02-01,서초구,건별집계|API_2017_2025,889.0,1726.0,181,77,770.0
2021-03-01,서초구,건별집계|API_2017_2025,770.0,1543.0,181,77,891.0
2021-04-01,서초구,건별집계|API_2017_2025,891.0,1469.0,181,77,923.0
2021-05-01,서초구,건별집계|API_2017_2025,923.0,1591.0,181,77,1019.0
2021-06-01,서초구,건별집계|API_2017_2025,1019.0,1714.0,181,77,1163.0
2021-07-01,서초구,건별집계|API_2017_2025,1163.0,1945.0,181,77,1212.0
2021-08-01,서초구,건별집계|API_2017_2025,1212.0,1992.0,181,77,1162.0
2021-09-01,서초구,건별집계|API_2017_2025,1162.0,1752.0,181,77,1146.0
2021-10-01,서초구,건별집계|API_2017_2025,1146.0,1880.0,181,77,1102.0
2021-11-01,서초구,건별집계|API_2017_2025,1102.0,1673.0,181,77,1100.0
2021-12-01,서초구,건별집계|API_2017_2025,1100.0,1499.0,181,77,1100.0
2022-01-01,서초구,건별집계|xlsx_2022_2024,1100.0,1570.0,168,53,1006.0
2022-02-01,서초구,건별집계|xlsx_2022_2024,1006.0,1412.0,168,53,851.0
2022-03-01,서초구,건별집계|xlsx_2022_2024,851.0,1631.0,168,53,992.0
2022-04-01,서초구,건별집계|xlsx_2022_2024,992.0,1668.0,168,53,1020.0
2022-05-01,서초구,건별집계|xlsx_2022_2024,1020.0,1915.0,168,53,1184.0
2022-06-01,서초구,건별집계|xlsx_2022_2024,1184.0,2078.0,168,53,1130.0
2022-07-01,서초구,건별집계|xlsx_2022_2024,1130.0,2103.0,168,53,1322.0
2022-08-01,서초구,건별집계|xlsx_2022_2024,1322.0,1929.0,168,53,1311.0
2022-09-01,서초구,건별집계|xlsx_2022_2024,1311.0,1980.0,168,53,1146.0
2022-10-01,서초구,건별집계|xlsx_2022_2024,1146.0,1938.0,168,53,1143.0
2022-11-01,서초구,건별집계|xlsx_2022_2024,1143.0,2010.0,168,53,1157.0
2022-12-01,서초구,건별집계|xlsx_2022_2024,1157.0,2002.0,168,53,1244.0
2018-07-01,성동구,API_2017_2025,934.0,462.0,233,165,974.0
2018-08-01,성동구,API_2017_2025,974.0,1345.0,233,165,955.0
2018-09-01,성동구,API_2017_2025,955.0,1481.0,233,165,873.0
2018-10-01,성동구,API_2017_2025,873.0,1321.0,233,165,906.0
2018-11-01,성동구,API_2017_2025,906.0,1246.0,233,165,832.0
2018-12-01,성동구,API_2017_2025,832.0,1432.0,233,165,899.0
2019-01-01,성동구,API_2017_2025,899.0,1464.0,253,151,797.0
2019-02-01,성동구,API_2017_2025,797.0,1269.0,253,151,717.0
2019-03-01,성동구,API_2017_2025,717.0,1281.0,253,151,777.0
2019-04-01,성동구,API_2017_2025,777.0,1236.0,253,151,822.0
2019-05-01,성동구,API_2017_2025,822.0,1357.0,253,151,890.0
2019-06-01,성동구,API_2017_2025,890.0,1482.0,253,151,899.0
2019-07-01,성동구,API_2017_2025,899.0,1568.0,253,151,885.0
2019-08-01,성동구,API_2017_2025,885.0,1561.0,253,151,871.0
2019-09-01,성동구,API_2017_2025,871.0,1410.0,253,151,857.0
2019-10-01,성동구,API_2017_2025,857.0,1385.0,253,151,861.0
2019-11-01,성동구,API_2017_2025,861.0,1269.0,253,151,826.0
2019-12-01,성동구,API_2017_2025,826.0,1441.0,253,151,843.0
2020-01-01,성동구,API_2017_2025,843.0,1235.0,246,151,768.0
2020-02-01,성동구,API_2017_2025,768.0,1104.0,246,151,644.0
2020-03-01,성동구,API_2017_2025,644.0,1241.0,246,151,639.0
2020-04-01,성동구,API_2017_2025,639.0,1257.0,246,151,601.0
2020-05-01,성동구,API_2017_2025,601.0,1408.0,246,151,697.0
2020-06-01,성동구,API_2017_2025,697.0,1392.0,246,151,720.0
2020-07-01,성동구,API_2017_2025,720.0,1445.0,246,151,744.0
2020-08-01,성동구,API_2017_2025,744.0,1440.0,246,151,679.0
2020-09-01,성동구,API_2017_2025,679.0,1372.0,246,151,597.0
2020-10-01,성동구,API_2017_2025,597.0,1413.0,246,151,658.0
2020-11-01,성동구,API_2017_2025,658.0,1241.0,246,151,557.0
2020-12-01,성동구,API_2017_2025,557.0,1310.0,246,151,573.0
2021-01-01,성동구,건별집계|API_2017_2025,573.0,1212.0,90,92,670.0
2021-02-01,성동구,건별집계|API_2017_2025,670.0,1095.0,90,92,631.0
2021-03-01,성동구,건별집계|API_2017_2025,631.0,1196.0,90,92,663.0
2021-04-01,성동구,건별집계|API_2017_2025,663.0,1052.0,90,92,732.0
2021-05-01,성동구,건별집계|API_2017_2025,732.0,1241.0,90,92,846.0
2021-06-01,성동구,건별집계|API_2017_2025,846.0,1276.0,90,92,846.0
2021-07-01,성동구,건별집계|API_2017_2025,846.0,1336.0,90,92,850.0
2021-08-01,성동구,건별집계|API_2017_2025,850.0,1369.0,90,92,820.0
2021-09-01,성동구,건별집계|API_2017_2025,820.0,1187.0,90,92,824.0
2021-10-01,성동구,건별집계|API_2017_2025,824.0,1222.0,90,92,808.0
2021-11-01,성동구,건별집계|API_2017_2025,808.0,1052.0,90,92,857.0
2021-12-01,성동구,건별집계|API_2017_2025,857.0,1020.0,90,92,759.0
2022-01-01,성동구,건별집계|xlsx_2022_2024,759.0,1093.0,90,117,721.0
2022-02-01,성동구,건별집계|xlsx_2022_2024,721.0,1138.0,90,117,714.0
2022-03-01,성동구,건별집계|xlsx_2022_2024,714.0,1150.0,90,117,825.0
2022-04-01,성동구,건별집계|xlsx_2022_2024,825.0,1244.0,90,117,796.0
2022-05-01,성동구,건별집계|xlsx_2022_2024,796.0,1389.0,90,117,900.0
2022-06-01,성동구,건별집계|xlsx_2022_2024,900.0,1416.0,90,117,832.0
2022-07-01,성동구,건별집계|xlsx_2022_2024,832.0,1431.0,90,117,990.0
2022-08-01,성동구,건별집계|xlsx_2022_2024,990.0,1382.0,90,117,943.0
2022-09-01,성동구,건별집계|xlsx_2022_2024,943.0,1349.0,90,117,914.0
2022-10-01,성동구,건별집계|xlsx_2022_2024,914.0,1375.0,90,117,799.0
2022-11-01,성동구,건별집계|xlsx_2022_2024,799.0,1407.0,90,117,894.0
2022-12-01,성동구,건별집계|xlsx_2022_2024,894.0,1444.0,90,117,986.0
2018-01-01,성북구,API_2017_2025,1257.0,1711.0,271,197,1208.0
2018-02-01,성북구,API_2017_2025,1208.0,1397.0,271,197,946.0
2018-03-01,성북구,API_2017_2025,946.0,1648.0,271,197,1128.0
2018-04-01,성북구,API_2017_2025,1128.0,1756.0,271,197,1081.0
2018-05-01,성북구,API_2017_2025,1081.0,1851.0,271,197,1124.0
2018-06-01,성북구,API_2017_2025,1124.0,1811.0,271,197,1108.0
2018-07-01,성북구,API_2017_2025,1108.0,1918.0,271,197,1220.0
2018-08-01,성북구,API_2017_2025,1220.0,1893.0,271,197,1201.0
2018-09-01,성북구,API_2017_2025,1201.0,1931.0,271,197,1100.0
2018-10-01,성북구,API_2017_2025,1100.0,1712.0,271,197,1070.0
2018-11-01,성북구,API_2017_2025,1070.0,1809.0,271,197,1051.0
2018-12-01,성북구,API_2017_2025,1051.0,2062.0,271,197,1155.0
2019-01-01,성북구,API_2017_2025,1155.0,1992.0,162,118,1008.0
2019-02-01,성북구,API_2017_2025,1008.0,1622.0,162,118,979.0
2019-03-01,성북구,API_2017_2025,979.0,1849.0,162,118,1020.0
2019-04-01,성북구,API_2017_2025,1020.0,1737.0,162,118,1087.0
2019-05-01,성북구,API_2017_2025,1087.0,1874.0,162,118,1163.0
2019-06-01,성북구,API_2017_2025,1163.0,1788.0,162,118,1095.0
2019-07-01,성북구,API_2017_2025,1095.0,2006.0,162,118,1144.0
2019-08-01,성북구,API_2017_2025,1144.0,1927.0,162,118,1138.0
2019-09-01,성북구,API_2017_2025,1138.0,1749.0,162,118,1072.0
2019-10-01,성북구,API_2017_2025,1072.0,1620.0,162,118,1126.0
2019-11-01,성북구,API_2017_2025,1126.0,1654.0,162,118,1079.0
2019-12-01,성북구,API_2017_2025,1079.0,1847.0,162,118,1113.0
2020-01-01,성북구,API_2017_2025,1113.0,1596.0,147,106,1069.0
2020-02-01,성북구,API_2017_2025,1069.0,1446.0,147,106,820.0
2020-03-01,성북구,API_2017_2025,820.0,1626.0,147,106,700.0
2020-04-01,성북구,API_2017_2025,700.0,1635.0,147,106,757.0
2020-05-01,성북구,API_2017_2025,757.0,1783.0,147,106,862.0
2020-06-01,성북구,API_2017_2025,862.0,1722.0,147,106,879.0
2020-07-01,성북구,API_2017_2025,879.0,1780.0,147,106,941.0
2020-08-01,성북구,API_2017_2025,941.0,1794.0,147,106,896.0
2020-09-01,성북구,API_2017_2025,896.0,1723.0,147,106,781.0
2020-10-01,성북구,API_2017_2025,781.0,1782.0,147,106,802.0
2020-11-01,성북구,API_2017_2025,802.0,1693.0,147,106,791.0
2020-12-01,성북구,API_2017_2025,791.0,1681.0,147,106,737.0
2021-01-01,성북구,건별집계|API_2017_2025,737.0,1611.0,131,92,944.0
2021-02-01,성북구,건별집계|API_2017_2025,944.0,1401.0,131,92,918.0
2021-03-01,성북구,건별집계|API_2017_2025,918.0,1263.0,131,92,929.0
2021-04-01,성북구,건별집계|API_2017_2025,929.0,1356.0,131,92,957.0
2021-05-01,성북구,건별집계|API_2017_2025,957.0,1583.0,131,92,1182.0
2021-06-01,성북구,건별집계|API_2017_2025,1182.0,1628.0,131,92,1146.0
2021-07-01,성북구,건별집계|API_2017_2025,1146.0,1619.0,131,92,1170.0
2021-08-01,성북구,건별집계|API_2017_2025,1170.0,1645.0,131,92,1167.0
2021-09-01,성북구,건별집계|API_2017_2025,1167.0,1351.0,131,92,1212.0
2021-10-01,성북구,건별집계|API_2017_2025,1212.0,1451.0,131,92,1147.0
2021-11-01,성북구,건별집계|API_2017_2025,1147.0,1371.0,131,92,1115.0
2021-12-01,성북구,건별집계|API_2017_2025,1115.0,1294.0,131,92,1064.0
2022-01-01,성북구,건별집계|xlsx_2022_2024,1064.0,1601.0,100,78,1102.0
2022-02-01,성북구,건별집계|xlsx_2022_2024,1102.0,1551.0,100,78,933.0
2022-03-01,성북구,건별집계|xlsx_2022_2024,933.0,1552.0,100,78,1088.0
2022-04-01,성북구,건별집계|xlsx_2022_2024,1088.0,1601.0,100,78,1135.0
2022-05-01,성북구,건별집계|xlsx_2022_2024,1135.0,1898.0,100,78,1131.0
2022-06-01,성북구,건별집계|xlsx_2022_2024,1131.0,1900.0,100,78,1150.0
2022-07-01,성북구,건별집계|xlsx_2022_2024,1150.0,1886.0,100,78,1268.0
2022-08-01,성북구,건별집계|xlsx_2022_2024,1268.0,1827.0,100,78,1298.0
2022-09-01,성북구,건별집계|xlsx_2022_2024,1298.0,1954.0,100,78,1236.0
2022-10-01,성북구,건별집계|xlsx_2022_2024,1236.0,1869.0,100,78,1152.0
2022-11-01,성북구,건별집계|xlsx_2022_2024,1152.0,1899.0,100,78,1201.0
2022-12-01,성북구,건별집계|xlsx_2022_2024,1201.0,2009.0,100,78,1322.0
2018-01-01,송파구,API_2017_2025,1627.0,2172.0,369,236,1614.0
2018-02-01,송파구,API_2017_2025,1614.0,1917.0,369,236,1354.0
2018-03-01,송파구,API_2017_2025,1354.0,2142.0,369,236,1398.0
2018-04-01,송파구,API_2017_2025,1398.0,2201.0,369,236,1441.0
2018-05-01,송파구,API_2017_2025,1441.0,2400.0,369,236,1525.0
2018-06-01,송파구,API_2017_2025,1525.0,2428.0,369,236,1438.0
2018-07-01,송파구,API_2017_2025,1438.0,2539.0,369,236,1584.0
2018-08-01,송파구,API_2017_2025,1584.0,2531.0,369,236,1524.0
2018-09-01,송파구,API_2017_2025,1524.0,2480.0,369,236,1400.0
2018-10-01,송파구,API_2017_2025,1400.0,2285.0,369,236,1419.0
2018-11-01,송파구,API_2017_2025,1419.0,2157.0,369,236,1325.0
2018-12-01,송파구,API_2017_2025,1325.0,2642.0,369,236,1504.0
2019-01-01,송파구,API_2017_2025,1504.0,2558.0,372,202,1285.0
2019-02-01,송파구,API_2017_2025,1285.0,2184.0,372,202,1180.0
2019-03-01,송파구,API_2017_2025,1180.0,2329.0,372,202,1313.0
2019-04-01,송파구,API_2017_2025,1313.0,2361.0,372,202,1421.0
2019-05-01,송파구,API_2017_2025,1421.0,2405.0,372,202,1528.0
2019-06-01,송파구,API_2017_2025,1528.0,2374.0,372,202,1421.0
2019-07-01,송파구,API_2017_2025,1421.0,2693.0,372,202,1557.0
2019-08-01,송파구,API_2017_2025,1557.0,2646.0,372,202,1561.0
2019-09-01,송파구,API_2017_2025,1561.0,2322.0,372,202,1480.0
2019-10-01,송파구,API_2017_2025,1480.0,2286.0,372,202,1471.0
2019-11-01,송파구,API_2017_2025,1471.0,2162.0,372,202,1445.0
2019-12-01,송파구,API_2017_2025,1445.0,2483.0,372,202,1458.0
2020-01-01,송파구,API_2017_2025,1458.0,2194.0,285,183,1468.0
2020-02-01,송파구,API_2017_2025,1468.0,1894.0,285,183,1149.0
2020-03-01,송파구,API_2017_2025,1149.0,2213.0,285,183,1165.0
2020-04-01,송파구,API_2017_2025,1165.0,2246.0,285,183,1137.0
2020-05-01,송파구,API_2017_2025,1137.0,2485.0,285,183,1200.0
2020-06-01,송파구,API_2017_2025,1200.0,2334.0,285,183,1290.0
2020-07-01,송파구,API_2017_2025,1290.0,2540.0,285,183,1392.0
2020-08-01,송파구,API_2017_2025,1392.0,2586.0,285,183,1174.0
2020-09-01,송파구,API_2017_2025,1174.0,2415.0,285,183,1065.0
2020-10-01,송파구,API_2017_2025,1065.0,2364.0,285,183,1211.0
2020-11-01,송파구,API_2017_2025,1211.0,2162.0,285,183,1068.0
2020-12-01,송파구,API_2017_2025,1068.0,2245.0,285,183,961.0
2021-01-01,송파구,건별집계|API_2017_2025,961.0,2291.0,225,151,1316.0
2021-02-01,송파구,건별집계|API_2017_2025,1316.0,1857.0,225,151,1201.0
2021-03-01,송파구,건별집계|API_2017_2025,1201.0,2042.0,225,151,1351.0
2021-04-01,송파구,건별집계|API_2017_2025,1351.0,1964.0,225,151,1414.0
2021-05-01,송파구,건별집계|API_2017_2025,1414.0,2070.0,225,151,1580.0
2021-06-01,송파구,건별집계|API_2017_2025,1580.0,2208.0,225,151,1695.0
2021-07-01,송파구,건별집계|API_2017_2025,1695.0,2456.0,225,151,1589.0
2021-08-01,송파구,건별집계|API_2017_2025,1589.0,2349.0,225,151,1607.0
2021-09-01,송파구,건별집계|API_2017_2025,1607.0,2004.0,225,151,1697.0
2021-10-01,송파구,건별집계|API_2017_2025,1697.0,2299.0,225,151,1697.0
2021-11-01,송파구,건별집계|API_2017_2025,1697.0,2019.0,225,151,1690.0
2021-12-01,송파구,건별집계|API_2017_2025,1690.0,1870.0,225,151,1611.0
2022-01-01,송파구,건별집계|xlsx_2022_2024,1611.0,2215.0,189,148,1503.0
2022-02-01,송파구,건별집계|xlsx_2022_2024,1503.0,2013.0,189,148,1486.0
2022-03-01,송파구,건별집계|xlsx_2022_2024,1486.0,2361.0,189,148,1670.0
2022-04-01,송파구,건별집계|xlsx_2022_2024,1670.0,2320.0,189,148,1599.0
2022-05-01,송파구,건별집계|xlsx_2022_2024,1599.0,2539.0,189,148,1650.0
2022-06-01,송파구,건별집계|xlsx_2022_2024,1650.0,2934.0,189,148,1583.0
2022-07-01,송파구,건별집계|xlsx_2022_2024,1583.0,2703.0,189,148,1817.0
2022-08-01,송파구,건별집계|xlsx_2022_2024,1817.0,2657.0,189,148,1881.0
2022-09-01,송파구,건별집계|xlsx_2022_2024,1881.0,2930.0,189,148,1832.0
2022-10-01,송파구,건별집계|xlsx_2022_2024,1832.0,2698.0,189,148,1571.0
2022-11-01,송파구,건별집계|xlsx_2022_2024,1571.0,2815.0,189,148,1716.0
2022-12-01,송파구,건별집계|xlsx_2022_2024,1716.0,2885.0,189,148,1880.0
2018-01-01,양천구,API_2017_2025,1304.0,1875.0,439,200,1238.0
2018-02-01,양천구,API_2017_2025,1238.0,1593.0,439,200,1060.0
2018-03-01,양천구,API_2017_2025,1060.0,1681.0,439,200,1130.0
2018-04-01,양천구,API_2017_2025,1130.0,1871.0,439,200,1166.0
2018-05-01,양천구,API_2017_2025,1166.0,1894.0,439,200,1233.0
2018-06-01,양천구,API_2017_2025,1233.0,1847.0,439,200,1265.0
2018-07-01,양천구,API_2017_2025,1265.0,2081.0,439,200,1401.0
2018-08-01,양천구,API_2017_2025,1401.0,1999.0,439,200,1445.0
2018-09-01,양천구,API_2017_2025,1445.0,1950.0,439,200,1292.0
2018-10-01,양천구,API_2017_2025,1292.0,1944.0,439,200,1218.0
2018-11-01,양천구,API_2017_2025,1218.0,1719.0,439,200,1145.0
2018-12-01,양천구,API_2017_2025,1145.0,1996.0,439,200,1358.0
2019-01-01,양천구,API_2017_2025,1358.0,1956.0,351,91,1229.0
2019-02-01,양천구,API_2017_2025,1229.0,1671.0,351,91,1029.0
2019-03-01,양천구,API_2017_2025,1029.0,1783.0,351,91,1145.0
2019-04-01,양천구,API_2017_2025,1145.0,1791.0,351,91,1130.0
2019-05-01,양천구,API_2017_2025,1130.0,1913.0,351,91,1251.0
2019-06-01,양천구,API_2017_2025,1251.0,1925.0,351,91,1174.0
2019-07-01,양천구,API_2017_2025,1174.0,2187.0,351,91,1339.0
2019-08-01,양천구,API_2017_2025,1339.0,2243.0,351,91,1317.0
2019-09-01,양천구,API_2017_2025,1317.0,1956.0,351,91,1244.0
2019-10-01,양천구,API_2017_2025,1244.0,1887.0,351,91,1246.0
2019-11-01,양천구,API_2017_2025,1246.0,1771.0,351,91,1182.0
2019-12-01,양천구,API_2017_2025,1182.0,2047.0,351,91,1307.0
2020-01-01,양천구,API_2017_2025,1307.0,1898.0,229,92,1224.0
2020-02-01,양천구,API_2017_2025,1224.0,1597.0,229,92,996.0
2020-03-01,양천구,API_2017_2025,996.0,1743.0,229,92,983.0
2020-04-01,양천구,API_2017_2025,983.0,1769.0,229,92,948.0
2020-05-01,양천구,API_2017_2025,948.0,1925.0,229,92,1068.0
2020-06-01,양천구,API_2017_2025,1068.0,1828.0,229,92,1048.0
2020-07-01,양천구,API_2017_2025,1048.0,2085.0,229,92,1055.0
2020-08-01,양천구,API_2017_2025,1055.0,2030.0,229,92,1065.0
2020-09-01,양천구,API_2017_2025,1065.0,1926.0,229,92,970.0
2020-10-01,양천구,API_2017_2025,970.0,1890.0,229,92,1052.0
2020-11-01,양천구,API_2017_2025,1052.0,1838.0,229,92,963.0
2020-12-01,양천구,API_2017_2025,963.0,1909.0,229,92,910.0
2021-01-01,양천구,건별집계|API_2017_2025,910.0,1804.0,147,53,883.0
2021-02-01,양천구,건별집계|API_2017_2025,883.0,1570.0,147,53,837.0
2021-03-01,양천구,건별집계|API_2017_2025,837.0,1688.0,147,53,903.0
2021-04-01,양천구,건별집계|API_2017_2025,903.0,1579.0,147,53,886.0
2021-05-01,양천구,건별집계|API_2017_2025,886.0,1797.0,147,53,1056.0
2021-06-01,양천구,건별집계|API_2017_2025,1056.0,1767.0,147,53,1167.0
2021-07-01,양천구,건별집계|API_2017_2025,1167.0,1723.0,147,53,1240.0
2021-08-01,양천구,건별집계|API_2017_2025,1240.0,1872.0,147,53,1240.0
2021-09-01,양천구,건별집계|API_2017_2025,1240.0,1602.0,147,53,1210.0
2021-10-01,양천구,건별집계|API_2017_2025,1210.0,1746.0,147,53,1139.0
2021-11-01,양천구,건별집계|API_2017_2025,1139.0,1575.0,147,53,1108.0
2021-12-01,양천구,건별집계|API_2017_2025,1108.0,1606.0,147,53,1119.0
2022-01-01,양천구,건별집계|xlsx_2022_2024,1119.0,1404.0,130,49,1027.0
2022-02-01,양천구,건별집계|xlsx_2022_2024,1027.0,1353.0,130,49,1059.0
2022-03-01,양천구,건별집계|xlsx_2022_2024,1059.0,1393.0,130,49,1165.0
2022-04-01,양천구,건별집계|xlsx_2022_2024,1165.0,1500.0,130,49,1114.0
2022-05-01,양천구,건별집계|xlsx_2022_2024,1114.0,1644.0,130,49,1124.0
2022-06-01,양천구,건별집계|xlsx_2022_2024,1124.0,1853.0,130,49,1036.0
2022-07-01,양천구,건별집계|xlsx_2022_2024,1036.0,1910.0,130,49,1245.0
2022-08-01,양천구,건별집계|xlsx_2022_2024,1245.0,1878.0,130,49,1229.0
2022-09-01,양천구,건별집계|xlsx_2022_2024,1229.0,1909.0,130,49,1120.0
2022-10-01,양천구,건별집계|xlsx_2022_2024,1120.0,1786.0,130,49,1024.0
2022-11-01,양천구,건별집계|xlsx_2022_2024,1024.0,1811.0,130,49,1128.0
2022-12-01,양천구,건별집계|xlsx_2022_2024,1128.0,1898.0,130,49,1154.0
2018-01-01,영등포구,API_2017_2025,1399.0,2063.0,376,327,1378.0
2018-02-01,영등포구,API_2017_2025,1378.0,1699.0,376,327,1120.0
2018-03-01,영등포구,API_2017_2025,1120.0,1985.0,376,327,1198.0
2018-04-01,영등포구,API_2017_2025,1198.0,2151.0,376,327,1259.0
2018-05-01,영등포구,API_2017_2025,1259.0,2203.0,376,327,1359.0
2018-06-01,영등포구,API_2017_2025,1359.0,2189.0,376,327,1271.0
2018-07-01,영등포구,API_2017_2025,1271.0,2355.0,376,327,1393.0
2018-08-01,영등포구,API_2017_2025,1393.0,2302.0,376,327,1496.0
2018-09-01,영등포구,API_2017_2025,1496.0,2276.0,376,327,1254.0
2018-10-01,영등포구,API_2017_2025,1254.0,2224.0,376,327,1232.0
2018-11-01,영등포구,API_2017_2025,1232.0,2066.0,376,327,1210.0
2018-12-01,영등포구,API_2017_2025,1210.0,2419.0,376,327,1326.0
2019-01-01,영등포구,API_2017_2025,1326.0,2352.0,511,292,1165.0
2019-02-01,영등포구,API_2017_2025,1165.0,1980.0,511,292,1001.0
2019-03-01,영등포구,API_2017_2025,1001.0,2130.0,511,292,1190.0
2019-04-01,영등포구,API_2017_2025,1190.0,2165.0,511,292,1230.0
2019-05-01,영등포구,API_2017_2025,1230.0,2285.0,511,292,1291.0
2019-06-01,영등포구,API_2017_2025,1291.0,2146.0,511,292,1254.0
2019-07-01,영등포구,API_2017_2025,1254.0,2358.0,511,292,1370.0
2019-08-01,영등포구,API_2017_2025,1370.0,2526.0,511,292,1312.0
2019-09-01,영등포구,API_2017_2025,1312.0,2260.0,511,292,1281.0
2019-10-01,영등포구,API_2017_2025,1281.0,2129.0,511,292,1230.0
2019-11-01,영등포구,API_2017_2025,1230.0,2049.0,511,292,1140.0
2019-12-01,영등포구,API_2017_2025,1140.0,2296.0,511,292,1237.0
2020-01-01,영등포구,API_2017_2025,1237.0,2044.0,430,272,1178.0
2020-02-01,영등포구,API_2017_2025,1178.0,1808.0,430,272,889.0
2020-03-01,영등포구,API_2017_2025,889.0,2046.0,430,272,781.0
2020-04-01,영등포구,API_2017_2025,781.0,2174.0,430,272,898.0
2020-05-01,영등포구,API_2017_2025,898.0,2339.0,430,272,977.0
2020-06-01,영등포구,API_2017_2025,977.0,2146.0,430,272,906.0
2020-07-01,영등포구,API_2017_2025,906.0,2419.0,430,272,951.0
2020-08-01,영등포구,API_2017_2025,951.0,2363.0,430,272,877.0
2020-09-01,영등포구,API_2017_2025,877.0,2291.0,430,272,826.0
2020-10-01,영등포구,API_2017_2025,826.0,2282.0,430,272,919.0
2020-11-01,영등포구,API_2017_2025,919.0,2102.0,430,272,912.0
2020-12-01,영등포구,API_2017_2025,912.0,2153.0,430,272,804.0
2021-01-01,영등포구,건별집계|API_2017_2025,804.0,2059.0,308,166,907.0
2021-02-01,영등포구,건별집계|API_2017_2025,907.0,1637.0,308,166,892.0
2021-03-01,영등포구,건별집계|API_2017_2025,892.0,1572.0,308,166,970.0
2021-04-01,영등포구,건별집계|API_2017_2025,970.0,1747.0,308,166,1014.0
2021-05-01,영등포구,건별집계|API_2017_2025,1014.0,2049.0,308,166,1160.0
2021-06-01,영등포구,건별집계|API_2017_2025,1160.0,2042.0,308,166,1244.0
2021-07-01,영등포구,건별집계|API_2017_2025,1244.0,2140.0,308,166,1263.0
2021-08-01,영등포구,건별집계|API_2017_2025,1263.0,2165.0,308,166,1310.0
2021-09-01,영등포구,건별집계|API_2017_2025,1310.0,1924.0,308,166,1367.0
2021-10-01,영등포구,건별집계|API_2017_2025,1367.0,1959.0,308,166,1262.0
2021-11-01,영등포구,건별집계|API_2017_2025,1262.0,1935.0,308,166,1263.0
2021-12-01,영등포구,건별집계|API_2017_2025,1263.0,1784.0,308,166,1099.0
2022-01-01,영등포구,건별집계|xlsx_2022_2024,1099.0,1829.0,337,172,1156.0
2022-02-01,영등포구,건별집계|xlsx_2022_2024,1156.0,1761.0,337,172,1120.0
2022-03-01,영등포구,건별집계|xlsx_2022_2024,1120.0,2027.0,337,172,1218.0
2022-04-01,영등포구,건별집계|xlsx_2022_2024,1218.0,2038.0,337,172,1266.0
2022-05-01,영등포구,건별집계|xlsx_2022_2024,1266.0,2309.0,337,172,1384.0
2022-06-01,영등포구,건별집계|xlsx_2022_2024,1384.0,2509.0,337,172,1248.0
2022-07-01,영등포구,건별집계|xlsx_2022_2024,1248.0,2554.0,337,172,1321.0
2022-08-01,영등포구,건별집계|xlsx_2022_2024,1321.0,2430.0,337,172,1378.0
2022-09-01,영등포구,건별집계|xlsx_2022_2024,1378.0,2582.0,337,172,1306.0
2022-10-01,영등포구,건별집계|xlsx_2022_2024,1306.0,2386.0,337,172,1224.0
2022-11-01,영등포구,건별집계|xlsx_2022_2024,1224.0,2607.0,337,172,1260.0
2022-12-01,영등포구,건별집계|xlsx_2022_2024,1260.0,2350.0,337,172,1430.0
2018-01-01,용산구,API_2017_2025,898.0,1260.0,357,163,774.0
2018-02-01,용산구,API_2017_2025,774.0,1112.0,357,163,668.0
2018-03-01,용산구,API_2017_2025,668.0,1222.0,357,163,771.0
2018-04-01,용산구,API_2017_2025,771.0,1338.0,357,163,770.0
2018-05-01,용산구,API_2017_2025,770.0,1429.0,357,163,845.0
2018-06-01,용산구,API_2017_2025,845.0,1437.0,357,163,838.0
2018-07-01,용산구,API_2017_2025,838.0,1510.0,357,163,905.0
2018-08-01,용산구,API_2017_2025,905.0,1574.0,357,163,894.0
2018-09-01,용산구,API_2017_2025,894.0,1556.0,357,163,805.0
2018-10-01,용산구,API_2017_2025,805.0,1448.0,357,163,818.0
2018-11-01,용산구,API_2017_2025,818.0,1314.0,357,163,752.0
2018-12-01,용산구,API_2017_2025,752.0,1534.0,357,163,834.0
2019-01-01,용산구,API_2017_2025,834.0,1407.0,193,92,758.0
2019-02-01,용산구,API_2017_2025,758.0,1221.0,193,92,663.0
2019-03-01,용산구,API_2017_2025,663.0,1413.0,193,92,753.0
2019-04-01,용산구,API_2017_2025,753.0,1340.0,193,92,709.0
2019-05-01,용산구,API_2017_2025,709.0,1490.0,193,92,766.0
2019-06-01,용산구,API_2017_2025,766.0,1485.0,193,92,777.0
2019-07-01,용산구,API_2017_2025,777.0,1546.0,193,92,812.0
2019-08-01,용산구,API_2017_2025,812.0,1539.0,193,92,828.0
2019-09-01,용산구,API_2017_2025,828.0,1420.0,193,92,741.0
2019-10-01,용산구,API_2017_2025,741.0,1380.0,193,92,766.0
2019-11-01,용산구,API_2017_2025,766.0,1260.0,193,92,744.0
2019-12-01,용산구,API_2017_2025,744.0,1398.0,193,92,861.0
2020-01-01,용산구,API_2017_2025,861.0,1312.0,177,85,674.0
2020-02-01,용산구,API_2017_2025,674.0,1119.0,177,85,563.0
2020-03-01,용산구,API_2017_2025,563.0,1277.0,177,85,483.0
2020-04-01,용산구,API_2017_2025,483.0,1315.0,177,85,487.0
2020-05-01,용산구,API_2017_2025,487.0,1367.0,177,85,605.0
2020-06-01,용산구,API_2017_2025,605.0,1361.0,177,85,582.0
2020-07-01,용산구,API_2017_2025,582.0,1488.0,177,85,680.0
2020-08-01,용산구,API_2017_2025,680.0,1484.0,177,85,592.0
2020-09-01,용산구,API_2017_2025,592.0,1359.0,177,85,493.0
2020-10-01,용산구,API_2017_2025,493.0,1368.0,177,85,538.0
2020-11-01,용산구,API_2017_2025,538.0,1304.0,177,85,508.0
2020-12-01,용산구,API_2017_2025,508.0,1362.0,177,85,486.0
2021-01-01,용산구,건별집계|API_2017_2025,486.0,1143.0,69,35,603.0
2021-02-01,용산구,건별집계|API_2017_2025,603.0,1016.0,69,35,617.0
2021-03-01,용산구,건별집계|API_2017_2025,617.0,894.0,69,35,638.0
2021-04-01,용산구,건별집계|API_2017_2025,638.0,993.0,69,35,683.0
2021-05-01,용산구,건별집계|API_2017_2025,683.0,1196.0,69,35,766.0
2021-06-01,용산구,건별집계|API_2017_2025,766.0,1240.0,69,35,792.0
2021-07-01,용산구,건별집계|API_2017_2025,792.0,1229.0,69,35,802.0
2021-08-01,용산구,건별집계|API_2017_2025,802.0,1139.0,69,35,755.0
2021-09-01,용산구,건별집계|API_2017_2025,755.0,980.0,69,35,756.0
2021-10-01,용산구,건별집계|API_2017_2025,756.0,989.0,69,35,724.0
2021-11-01,용산구,건별집계|API_2017_2025,724.0,967.0,69,35,691.0
2021-12-01,용산구,건별집계|API_2017_2025,691.0,954.0,69,35,655.0
2022-01-01,용산구,건별집계|xlsx_2022_2024,655.0,1110.0,143,60,625.0
2022-02-01,용산구,건별집계|xlsx_2022_2024,625.0,1166.0,143,60,526.0
2022-03-01,용산구,건별집계|xlsx_2022_2024,526.0,1205.0,143,60,618.0
2022-04-01,용산구,건별집계|xlsx_2022_2024,618.0,1317.0,143,60,720.0
2022-05-01,용산구,건별집계|xlsx_2022_2024,720.0,1392.0,143,60,875.0
2022-06-01,용산구,건별집계|xlsx_2022_2024,875.0,1398.0,143,60,789.0
2022-07-01,용산구,건별집계|xlsx_2022_2024,789.0,1446.0,143,60,867.0
2022-08-01,용산구,건별집계|xlsx_2022_2024,867.0,1324.0,143,60,896.0
2022-09-01,용산구,건별집계|xlsx_2022_2024,896.0,1415.0,143,60,819.0
2022-10-01,용산구,건별집계|xlsx_2022_2024,819.0,1455.0,143,60,783.0
2022-11-01,용산구,건별집계|xlsx_2022_2024,783.0,1438.0,143,60,742.0
2022-12-01,용산구,건별집계|xlsx_2022_2024,742.0,1397.0,143,60,900.0
2018-01-01,은평구,API_2017_2025,1312.0,1783.0,276,267,1331.0
2018-02-01,은평구,API_2017_2025,1331.0,1439.0,276,267,1068.0
2018-03-01,은평구,API_2017_2025,1068.0,1668.0,276,267,1158.0
2018-04-01,은평구,API_2017_2025,1158.0,1691.0,276,267,1117.0
2018-05-01,은평구,API_2017_2025,1117.0,1794.0,276,267,1285.0
2018-06-01,은평구,API_2017_2025,1285.0,1817.0,276,267,1256.0
2018-07-01,은평구,API_2017_2025,1256.0,1961.0,276,267,1295.0
2018-08-01,은평구,API_2017_2025,1295.0,1960.0,276,267,1290.0
2018-09-01,은평구,API_2017_2025,1290.0,1901.0,276,267,1212.0
2018-10-01,은평구,API_2017_2025,1212.0,1777.0,276,267,1174.0
2018-11-01,은평구,API_2017_2025,1174.0,1774.0,276,267,1158.0
2018-12-01,은평구,API_2017_2025,1158.0,1961.0,276,267,1302.0
2019-01-01,은평구,API_2017_2025,1302.0,2068.0,216,233,1151.0
2019-02-01,은평구,API_2017_2025,1151.0,1738.0,216,233,996.0
2019-03-01,은평구,API_2017_2025,996.0,1809.0,216,233,1177.0
2019-04-01,은평구,API_2017_2025,1177.0,1803.0,216,233,1181.0
2019-05-01,은평구,API_2017_2025,1181.0,1970.0,216,233,1242.0
2019-06-01,은평구,API_2017_2025,1242.0,1958.0,216,233,1192.0
2019-07-01,은평구,API_2017_2025,1192.0,2024.0,216,233,1314.0
2019-08-01,은평구,API_2017_2025,1314.0,2033.0,216,233,1280.0
2019-09-01,은평구,API_2017_2025,1280.0,1827.0,216,233,1303.0
2019-10-01,은평구,API_2017_2025,1303.0,1847.0,216,233,1247.0
2019-11-01,은평구,API_2017_2025,1247.0,1728.0,216,233,1165.0
2019-12-01,은평구,API_2017_2025,1165.0,1928.0,216,233,1252.0
2020-01-01,은평구,API_2017_2025,1252.0,1746.0,166,166,1266.0
2020-02-01,은평구,API_2017_2025,1266.0,1513.0,166,166,1019.0
2020-03-01,은평구,API_2017_2025,1019.0,1784.0,166,166,873.0
2020-04-01,은평구,API_2017_2025,873.0,1747.0,166,166,885.0
2020-05-01,은평구,API_2017_2025,885.0,1875.0,166,166,948.0
2020-06-01,은평구,API_2017_2025,948.0,1797.0,166,166,952.0
2020-07-01,은평구,API_2017_2025,952.0,1954.0,166,166,1053.0
2020-08-01,은평구,API_2017_2025,1053.0,1930.0,166,166,1130.0
2020-09-01,은평구,API_2017_2025,1130.0,1888.0,166,166,1006.0
2020-10-01,은평구,API_2017_2025,1006.0,1828.0,166,166,1050.0
2020-11-01,은평구,API_2017_2025,1050.0,1675.0,166,166,966.0
2020-12-01,은평구,API_2017_2025,966.0,1780.0,166,166,867.0
2021-01-01,은평구,건별집계|API_2017_2025,867.0,1837.0,159,143,1130.0
2021-02-01,은평구,건별집계|API_2017_2025,1130.0,1586.0,159,143,1012.0
2021-03-01,은평구,건별집계|API_2017_2025,1012.0,1482.0,159,143,1179.0
2021-04-01,은평구,건별집계|API_2017_2025,1179.0,1484.0,159,143,1217.0
2021-05-01,은평구,건별집계|API_2017_2025,1217.0,1510.0,159,143,1335.0
2021-06-01,은평구,건별집계|API_2017_2025,1335.0,1591.0,159,143,1538.0
2021-07-01,은평구,건별집계|API_2017_2025,1538.0,1712.0,159,143,1502.0
2021-08-01,은평구,건별집계|API_2017_2025,1502.0,1901.0,159,143,1600.0
2021-09-01,은평구,건별집계|API_2017_2025,1600.0,1653.0,159,143,1581.0
2021-10-01,은평구,건별집계|API_2017_2025,1581.0,1716.0,159,143,1409.0
2021-11-01,은평구,건별집계|API_2017_2025,1409.0,1544.0,159,143,1444.0
2021-12-01,은평구,건별집계|API_2017_2025,1444.0,1403.0,159,143,1321.0
2022-01-01,은평구,건별집계|xlsx_2022_2024,1321.0,1791.0,119,113,1254.0
2022-02-01,은평구,건별집계|xlsx_2022_2024,1254.0,1575.0,119,113,1209.0
2022-03-01,은평구,건별집계|xlsx_2022_2024,1209.0,1857.0,119,113,1423.0
2022-04-01,은평구,건별집계|xlsx_2022_2024,1423.0,1840.0,119,113,1293.0
2022-05-01,은평구,건별집계|xlsx_2022_2024,1293.0,2105.0,119,113,1325.0
2022-06-01,은평구,건별집계|xlsx_2022_2024,1325.0,2284.0,119,113,1346.0
2022-07-01,은평구,건별집계|xlsx_2022_2024,1346.0,2333.0,119,113,1492.0
2022-08-01,은평구,건별집계|xlsx_2022_2024,1492.0,2373.0,119,113,1618.0
2022-09-01,은평구,건별집계|xlsx_2022_2024,1618.0,2439.0,119,113,1400.0
2022-10-01,은평구,건별집계|xlsx_2022_2024,1400.0,2146.0,119,113,1394.0
2022-11-01,은평구,건별집계|xlsx_2022_2024,1394.0,2279.0,119,113,1389.0
2022-12-01,은평구,건별집계|xlsx_2022_2024,1389.0,2384.0,119,113,1535.0
2018-01-01,종로구,API_2017_2025,1036.0,1418.0,151,110,1023.0
2018-02-01,종로구,API_2017_2025,1023.0,1286.0,151,110,841.0
2018-03-01,종로구,API_2017_2025,841.0,1467.0,151,110,900.0
2018-04-01,종로구,API_2017_2025,900.0,1483.0,151,110,902.0
2018-05-01,종로구,API_2017_2025,902.0,1631.0,151,110,1015.0
2018-06-01,종로구,API_2017_2025,1015.0,1698.0,151,110,1010.0
2018-07-01,종로구,API_2017_2025,1010.0,1745.0,151,110,1102.0
2018-08-01,종로구,API_2017_2025,1102.0,1670.0,151,110,1036.0
2018-09-01,종로구,API_2017_2025,1036.0,1699.0,151,110,915.0
2018-10-01,종로구,API_2017_2025,915.0,1681.0,151,110,918.0
2018-11-01,종로구,API_2017_2025,918.0,1596.0,151,110,852.0
2018-12-01,종로구,API_2017_2025,852.0,1765.0,151,110,954.0
2019-01-01,종로구,API_2017_2025,954.0,1759.0,181,84,822.0
2019-02-01,종로구,API_2017_2025,822.0,1445.0,181,84,745.0
2019-03-01,종로구,API_2017_2025,745.0,1620.0,181,84,826.0
2019-04-01,종로구,API_2017_2025,826.0,1599.0,181,84,833.0
2019-05-01,종로구,API_2017_2025,833.0,1811.0,181,84,942.0
2019-06-01,종로구,API_2017_2025,942.0,1828.0,181,84,904.0
2019-07-01,종로구,API_2017_2025,904.0,1867.0,181,84,953.0
2019-08-01,종로구,API_2017_2025,953.0,1926.0,181,84,948.0
2019-09-01,종로구,API_2017_2025,948.0,1670.0,181,84,865.0
2019-10-01,종로구,API_2017_2025,865.0,1658.0,181,84,961.0
2019-11-01,종로구,API_2017_2025,961.0,1544.0,181,84,934.0
2019-12-01,종로구,API_2017_2025,934.0,1767.0,181,84,912.0
2020-01-01,종로구,API_2017_2025,912.0,1428.0,130,97,832.0
2020-02-01,종로구,API_2017_2025,832.0,1299.0,130,97,629.0
2020-03-01,종로구,API_2017_2025,629.0,1499.0,130,97,489.0
2020-04-01,종로구,API_2017_2025,489.0,1468.0,130,97,575.0
2020-05-01,종로구,API_2017_2025,575.0,1669.0,130,97,652.0
2020-06-01,종로구,API_2017_2025,652.0,1600.0,130,97,721.0
2020-07-01,종로구,API_2017_2025,721.0,1678.0,130,97,744.0
2020-08-01,종로구,API_2017_2025,744.0,1673.0,130,97,690.0
2020-09-01,종로구,API_2017_2025,690.0,1689.0,130,97,602.0
2020-10-01,종로구,API_2017_2025,602.0,1765.0,130,97,665.0
2020-11-01,종로구,API_2017_2025,665.0,1642.0,130,97,631.0
2020-12-01,종로구,API_2017_2025,631.0,1602.0,130,97,547.0
2021-01-01,종로구,건별집계|API_2017_2025,547.0,1402.0,119,65,570.0
2021-02-01,종로구,건별집계|API_2017_2025,570.0,1249.0,119,65,534.0
2021-03-01,종로구,건별집계|API_2017_2025,534.0,1018.0,119,65,590.0
2021-04-01,종로구,건별집계|API_2017_2025,590.0,1150.0,119,65,609.0
2021-05-01,종로구,건별집계|API_2017_2025,609.0,1340.0,119,65,689.0
2021-06-01,종로구,건별집계|API_2017_2025,689.0,1442.0,119,65,744.0
2021-07-01,종로구,건별집계|API_2017_2025,744.0,1484.0,119,65,808.0
2021-08-01,종로구,건별집계|API_2017_2025,808.0,1403.0,119,65,908.0
2021-09-01,종로구,건별집계|API_2017_2025,908.0,1141.0,119,65,894.0
2021-10-01,종로구,건별집계|API_2017_2025,894.0,1354.0,119,65,872.0
2021-11-01,종로구,건별집계|API_2017_2025,872.0,1164.0,119,65,856.0
2021-12-01,종로구,건별집계|API_2017_2025,856.0,1007.0,119,65,705.0
2022-01-01,종로구,건별집계|xlsx_2022_2024,705.0,1113.0,114,69,593.0
2022-02-01,종로구,건별집계|xlsx_2022_2024,593.0,1032.0,114,69,604.0
2022-03-01,종로구,건별집계|xlsx_2022_2024,604.0,1135.0,114,69,652.0
2022-04-01,종로구,건별집계|xlsx_2022_2024,652.0,1185.0,114,69,636.0
2022-05-01,종로구,건별집계|xlsx_2022_2024,636.0,1344.0,114,69,751.0
2022-06-01,종로구,건별집계|xlsx_2022_2024,751.0,1443.0,114,69,773.0
2022-07-01,종로구,건별집계|xlsx_2022_2024,773.0,1456.0,114,69,876.0
2022-08-01,종로구,건별집계|xlsx_2022_2024,876.0,1511.0,114,69,803.0
2022-09-01,종로구,건별집계|xlsx_2022_2024,803.0,1573.0,114,69,802.0
2022-10-01,종로구,건별집계|xlsx_2022_2024,802.0,1518.0,114,69,767.0
2022-11-01,종로구,건별집계|xlsx_2022_2024,767.0,1559.0,114,69,766.0
2022-12-01,종로구,건별집계|xlsx_2022_2024,766.0,1413.0,114,69,809.0
2018-01-01,중구,API_2017_2025,961.0,1506.0,432,130,952.0
2018-02-01,중구,API_2017_2025,952.0,1296.0,432,130,771.0
2018-03-01,중구,API_2017_2025,771.0,1541.0,432,130,856.0
2018-04-01,중구,API_2017_2025,856.0,1526.0,432,130,891.0
2018-05-01,중구,API_2017_2025,891.0,1598.0,432,130,954.0
2018-06-01,중구,API_2017_2025,954.0,1652.0,432,130,924.0
2018-07-01,중구,API_2017_2025,924.0,1628.0,432,130,997.0
2018-08-01,중구,API_2017_2025,997.0,1631.0,432,130,995.0
2018-09-01,중구,API_2017_2025,995.0,1691.0,432,130,902.0
2018-10-01,중구,API_2017_2025,902.0,1517.0,432,130,876.0
2018-11-01,중구,API_2017_2025,876.0,1442.0,432,130,789.0
2018-12-01,중구,API_2017_2025,789.0,1654.0,432,130,850.0
2019-01-01,중구,API_2017_2025,850.0,1616.0,351,147,739.0
2019-02-01,중구,API_2017_2025,739.0,1377.0,351,147,671.0
2019-03-01,중구,API_2017_2025,671.0,1546.0,351,147,789.0
2019-04-01,중구,API_2017_2025,789.0,1520.0,351,147,817.0
2019-05-01,중구,API_2017_2025,817.0,1594.0,351,147,893.0
2019-06-01,중구,API_2017_2025,893.0,1615.0,351,147,808.0
2019-07-01,중구,API_2017_2025,808.0,1776.0,351,147,886.0
2019-08-01,중구,API_2017_2025,886.0,1734.0,351,147,870.0
2019-09-01,중구,API_2017_2025,870.0,1557.0,351,147,832.0
2019-10-01,중구,API_2017_2025,832.0,1532.0,351,147,835.0
2019-11-01,중구,API_2017_2025,835.0,1399.0,351,147,858.0
2019-12-01,중구,API_2017_2025,858.0,1482.0,351,147,888.0
2020-01-01,중구,API_2017_2025,888.0,1242.0,240,106,763.0
2020-02-01,중구,API_2017_2025,763.0,1169.0,240,106,568.0
2020-03-01,중구,API_2017_2025,568.0,1416.0,240,106,437.0
2020-04-01,중구,API_2017_2025,437.0,1317.0,240,106,494.0
2020-05-01,중구,API_2017_2025,494.0,1520.0,240,106,619.0
2020-06-01,중구,API_2017_2025,619.0,1364.0,240,106,600.0
2020-07-01,중구,API_2017_2025,600.0,1545.0,240,106,655.0
2020-08-01,중구,API_2017_2025,655.0,1545.0,240,106,631.0
2020-09-01,중구,API_2017_2025,631.0,1432.0,240,106,524.0
2020-10-01,중구,API_2017_2025,524.0,1487.0,240,106,577.0
2020-11-01,중구,API_2017_2025,577.0,1406.0,240,106,565.0
2020-12-01,중구,API_2017_2025,565.0,1461.0,240,106,530.0
2021-01-01,중구,건별집계|API_2017_2025,530.0,1313.0,101,55,619.0
2021-02-01,중구,건별집계|API_2017_2025,619.0,1000.0,101,55,576.0
2021-03-01,중구,건별집계|API_2017_2025,576.0,974.0,101,55,617.0
2021-04-01,중구,건별집계|API_2017_2025,617.0,1024.0,101,55,655.0
2021-05-01,중구,건별집계|API_2017_2025,655.0,1249.0,101,55,775.0
2021-06-01,중구,건별집계|API_2017_2025,775.0,1205.0,101,55,776.0
2021-07-01,중구,건별집계|API_2017_2025,776.0,1271.0,101,55,791.0
2021-08-01,중구,건별집계|API_2017_2025,791.0,1346.0,101,55,840.0
2021-09-01,중구,건별집계|API_2017_2025,840.0,1044.0,101,55,798.0
2021-10-01,중구,건별집계|API_2017_2025,798.0,1075.0,101,55,782.0
2021-11-01,중구,건별집계|API_2017_2025,782.0,981.0,101,55,858.0
2021-12-01,중구,건별집계|API_2017_2025,858.0,1024.0,101,55,721.0
2022-01-01,중구,건별집계|xlsx_2022_2024,721.0,1148.0,93,36,761.0
2022-02-01,중구,건별집계|xlsx_2022_2024,761.0,1055.0,93,36,709.0
2022-03-01,중구,건별집계|xlsx_2022_2024,709.0,1207.0,93,36,748.0
2022-04-01,중구,건별집계|xlsx_2022_2024,748.0,1229.0,93,36,636.0
2022-05-01,중구,건별집계|xlsx_2022_2024,636.0,1354.0,93,36,744.0
2022-06-01,중구,건별집계|xlsx_2022_2024,744.0,1459.0,93,36,783.0
2022-07-01,중구,건별집계|xlsx_2022_2024,783.0,1398.0,93,36,759.0
2022-08-01,중구,건별집계|xlsx_2022_2024,759.0,1362.0,93,36,825.0
2022-09-01,중구,건별집계|xlsx_2022_2024,825.0,1418.0,93,36,742.0
2022-10-01,중구,건별집계|xlsx_2022_2024,742.0,1321.0,93,36,723.0
2022-11-01,중구,건별집계|xlsx_2022_2024,723.0,1593.0,93,36,801.0
2022-12-01,중구,건별집계|xlsx_2022_2024,801.0,1437.0,93,36,852.0
2018-01-01,중랑구,API_2017_2025,1425.0,1809.0,234,178,1456.0
2018-02-01,중랑구,API_2017_2025,1456.0,1505.0,234,178,1169.0
2018-03-01,중랑구,API_2017_2025,1169.0,1711.0,234,178,1231.0
2018-04-01,중랑구,API_2017_2025,1231.0,1702.0,234,178,1223.0
2018-05-01,중랑구,API_2017_2025,1223.0,1892.0,234,178,1403.0
2018-06-01,중랑구,API_2017_2025,1403.0,1850.0,234,178,1296.0
2018-07-01,중랑구,API_2017_2025,1296.0,1946.0,234,178,1409.0
2018-08-01,중랑구,API_2017_2025,1409.0,2012.0,234,178,1462.0
2018-09-01,중랑구,API_2017_2025,1462.0,1942.0,234,178,1325.0
2018-10-01,중랑구,API_2017_2025,1325.0,1889.0,234,178,1273.0
2018-11-01,중랑구,API_2017_2025,1273.0,1781.0,234,178,1214.0
2018-12-01,중랑구,API_2017_2025,1214.0,2026.0,234,178,1349.0
2019-01-01,중랑구,API_2017_2025,1349.0,2111.0,163,152,1177.0
2019-02-01,중랑구,API_2017_2025,1177.0,1733.0,163,152,1025.0
2019-03-01,중랑구,API_2017_2025,1025.0,1893.0,163,152,1188.0
2019-04-01,중랑구,API_2017_2025,1188.0,1786.0,163,152,1257.0
2019-05-01,중랑구,API_2017_2025,1257.0,1933.0,163,152,1307.0
2019-06-01,중랑구,API_2017_2025,1307.0,1893.0,163,152,1248.0
2019-07-01,중랑구,API_2017_2025,1248.0,2108.0,163,152,1242.0
2019-08-01,중랑구,API_2017_2025,1242.0,2070.0,163,152,1269.0
2019-09-01,중랑구,API_2017_2025,1269.0,1902.0,163,152,1274.0
2019-10-01,중랑구,API_2017_2025,1274.0,1824.0,163,152,1219.0
2019-11-01,중랑구,API_2017_2025,1219.0,1764.0,163,152,1190.0
2019-12-01,중랑구,API_2017_2025,1190.0,1868.0,163,152,1237.0
2020-01-01,중랑구,API_2017_2025,1237.0,1727.0,192,153,1146.0
2020-02-01,중랑구,API_2017_2025,1146.0,1524.0,192,153,933.0
2020-03-01,중랑구,API_2017_2025,933.0,1730.0,192,153,785.0
2020-04-01,중랑구,API_2017_2025,785.0,1836.0,192,153,956.0
2020-05-01,중랑구,API_2017_2025,956.0,1924.0,192,153,1004.0
2020-06-01,중랑구,API_2017_2025,1004.0,1853.0,192,153,1057.0
2020-07-01,중랑구,API_2017_2025,1057.0,1876.0,192,153,1041.0
2020-08-01,중랑구,API_2017_2025,1041.0,1924.0,192,153,978.0
2020-09-01,중랑구,API_2017_2025,978.0,1846.0,192,153,817.0
2020-10-01,중랑구,API_2017_2025,817.0,1763.0,192,153,951.0
2020-11-01,중랑구,API_2017_2025,951.0,1683.0,192,153,884.0
2020-12-01,중랑구,API_2017_2025,884.0,1757.0,192,153,888.0
2021-01-01,중랑구,건별집계|API_2017_2025,888.0,1683.0,121,96,958.0
2021-02-01,중랑구,건별집계|API_2017_2025,958.0,1445.0,121,96,963.0
2021-03-01,중랑구,건별집계|API_2017_2025,963.0,1391.0,121,96,992.0
2021-04-01,중랑구,건별집계|API_2017_2025,992.0,1504.0,121,96,1057.0
2021-05-01,중랑구,건별집계|API_2017_2025,1057.0,1598.0,121,96,1178.0
2021-06-01,중랑구,건별집계|API_2017_2025,1178.0,1659.0,121,96,1199.0
2021-07-01,중랑구,건별집계|API_2017_2025,1199.0,1669.0,121,96,1293.0
2021-08-01,중랑구,건별집계|API_2017_2025,1293.0,1713.0,121,96,1310.0
2021-09-01,중랑구,건별집계|API_2017_2025,1310.0,1400.0,121,96,1230.0
2021-10-01,중랑구,건별집계|API_2017_2025,1230.0,1585.0,121,96,1206.0
2021-11-01,중랑구,건별집계|API_2017_2025,1206.0,1468.0,121,96,1179.0
2021-12-01,중랑구,건별집계|API_2017_2025,1179.0,1380.0,121,96,1104.0
2022-01-01,중랑구,건별집계|xlsx_2022_2024,1104.0,1606.0,81,67,1083.0
2022-02-01,중랑구,건별집계|xlsx_2022_2024,1083.0,1602.0,81,67,1011.0
2022-03-01,중랑구,건별집계|xlsx_2022_2024,1011.0,1606.0,81,67,1306.0
2022-04-01,중랑구,건별집계|xlsx_2022_2024,1306.0,1641.0,81,67,1260.0
2022-05-01,중랑구,건별집계|xlsx_2022_2024,1260.0,1884.0,81,67,1260.0
2022-06-01,중랑구,건별집계|xlsx_2022_2024,1260.0,1937.0,81,67,1249.0
2022-07-01,중랑구,건별집계|xlsx_2022_2024,1249.0,2056.0,81,67,1400.0
2022-08-01,중랑구,건별집계|xlsx_2022_2024,1400.0,2061.0,81,67,1457.0
2022-09-01,중랑구,건별집계|xlsx_2022_2024,1457.0,1968.0,81,67,1301.0
2022-10-01,중랑구,건별집계|xlsx_2022_2024,1301.0,1887.0,81,67,1212.0
2022-11-01,중랑구,건별집계|xlsx_2022_2024,1212.0,1927.0,81,67,1299.0
2022-12-01,중랑구,건별집계|xlsx_2022_2024,1299.0,1964.0,81,67,1333.0
