,Pearson_r,abs_r,선택
전월_night_pop,0.6924553385019954,0.6924553385019954,True
전월_내국인생활인구수,0.6585986066745539,0.6585986066745539,True
전월_일최소인구수,0.6542307129389711,0.6542307129389711,True
전월_동일자치구행정동간이동인구수,0.6487410963368326,0.6487410963368326,True
전월_total_pop,0.6479144372463964,0.6479144372463964,True
전월_일최대인구수,0.5970900676071023,0.5970900676071023,True
전월_day_pop,0.5494718143239375,0.5494718143239375,True
전월_일최대이동인구수,0.40676117637531267,0.40676117637531267,True
전월_서울외유입인구수,0.3399659474689699,0.3399659474689699,True
전월_자치구간이동인구수,0.13678847028246005,0.13678847028246005,False
전월_pop_diff,-0.025256827981923562,0.025256827981923562,False
전월_장기체류외국인인구수,-0.023231807937604255,0.023231807937604255,False
전월_단기체류외국인인구수,-0.010788357976108711,0.010788357976108711,False
