ds,District,transport_cnt,예측_기존,예측_기존_인구,예측_통합인구_구별이송률
2025-01-01,강남구,1113.0,1138.076377797075,1150.8019020776817,1130.0042459564133
2025-02-01,강남구,1004.0,1050.4477549521607,1074.7646167480568,1042.2853549828053
2025-03-01,강남구,1130.0,1098.0113176607051,1042.1581548461995,1037.0106243894802
2025-04-01,강남구,1126.0,1216.1608394527568,1207.9533786846725,1196.3088114130821
2025-05-01,강남구,1241.0,1225.9548833612894,1236.2388558825337,1242.1039925926407
2025-06-01,강남구,1211.0,1242.5522692733093,1262.5172308002163,1266.1481967388747
2025-07-01,강남구,1463.0,1257.167478447266,1270.6443858700459,1264.000313409224
2025-08-01,강남구,1256.0,1430.7954975705202,1419.0189927756423,1389.8872008713543
2025-09-01,강남구,1313.0,1186.8035345686576,1236.2638940478669,1244.6226341318045
2025-10-01,강남구,1275.0,1297.8129780147503,1247.612323991917,1257.236489882505
2025-11-01,강남구,1289.0,1252.8224311083643,1272.625671763947,1261.452054976213
2025-12-01,강남구,1441.0,1353.6191178342026,1348.8922716329575,1324.1827153209
2025-01-01,강동구,1074.0,1072.9284017053237,1082.3608582778254,1081.422164509208
2025-02-01,강동구,936.0,984.4834740105554,1008.2822979913644,1001.1092914229539
2025-03-01,강동구,1087.0,1000.9281600148399,1023.8275047556255,1007.9625229896898
2025-04-01,강동구,1036.0,1144.7326699389698,1160.090914836122,1154.2073204719893
2025-05-01,강동구,1100.0,1100.6102874283463,1108.7745594807466,1106.7364023139912
2025-06-01,강동구,1105.0,1137.316223335472,1150.466642108415,1145.270654564395
2025-07-01,강동구,1120.0,1169.739593159918,1180.9704449670435,1179.6467286489303
2025-08-01,강동구,1114.0,1131.4702050174994,1141.773530472555,1151.5533998556532
2025-09-01,강동구,1101.0,1038.1095381257326,1079.8686033583633,1082.8320842221356
2025-10-01,강동구,1148.0,1095.2327725858688,1122.7204076385826,1128.386591218367
2025-11-01,강동구,1123.0,1104.141540540813,1134.155059169681,1134.239390143168
2025-12-01,강동구,1139.0,1159.8193028830317,1149.7005099635135,1168.8096963892851
2025-01-01,강북구,1056.0,1002.7400613016908,1007.2425559725103,971.3337025510237
2025-02-01,강북구,862.0,992.9446103167492,1006.4676186658737,965.0884318360172
2025-03-01,강북구,947.0,902.565422958601,924.470320683922,918.726531248668
2025-04-01,강북구,893.0,1001.7976723240107,1011.7362527555229,995.4405856677307
2025-05-01,강북구,986.0,964.8831917746365,978.2979137334919,946.7065639551199
2025-06-01,강북구,998.0,1024.2343389302018,1034.4978141404736,1012.4974280815912
2025-07-01,강북구,998.0,1081.3119473311915,1080.375674154057,1067.0171583796484
2025-08-01,강북구,1036.0,1045.855199987116,1045.386256454891,1040.5913373201417
2025-09-01,강북구,1037.0,985.7996922982948,1003.5996854181833,983.4468879561108
2025-10-01,강북구,1036.0,1034.1663307150516,1044.4523282983535,1031.0295150638403
2025-11-01,강북구,944.0,1012.2677408389118,1019.4865429447035,996.358044784715
2025-12-01,강북구,1019.0,970.4190949038826,983.1245823402958,969.7769114625381
2025-01-01,강서구,1186.0,1103.7605944920756,1118.7720989458671,1109.8687781011315
2025-02-01,강서구,975.0,1069.372238468387,1086.2039106683958,1081.114187022893
2025-03-01,강서구,1162.0,1018.733614843556,1048.450127853766,1043.898711325065
2025-04-01,강서구,1139.0,1183.755025190122,1204.7332457049267,1197.021960385215
2025-05-01,강서구,1225.0,1186.8156466188732,1208.0475166447807,1207.0549506570044
2025-06-01,강서구,1247.0,1231.727237425541,1248.709176796647,1250.6465425403492
2025-07-01,강서구,1280.0,1262.624764299119,1281.618676134264,1289.1847479738747
2025-08-01,강서구,1294.0,1268.7296063722267,1279.887229966651,1300.8865688949763
2025-09-01,강서구,1211.0,1179.3673757642703,1223.148586084433,1229.8020228324342
2025-10-01,강서구,1270.0,1177.8786195477473,1200.8559869654828,1192.6336530102471
2025-11-01,강서구,1206.0,1230.9337842091586,1247.5354849977969,1226.5777143251107
2025-12-01,강서구,1261.0,1237.1383749818526,1253.556665529236,1248.6930020751684
2025-01-01,관악구,1088.0,1035.0767992287574,1023.8460743824706,1028.2337578420002
2025-02-01,관악구,895.0,1028.3698122194805,1005.5092334642395,1007.0124009295466
2025-03-01,관악구,983.0,962.5902889612386,955.2187257288134,949.9403437341947
2025-04-01,관악구,974.0,1045.7937900496547,1033.7039264113116,1036.691996599231
2025-05-01,관악구,1113.0,1063.150654901911,1081.614964802259,1067.379382834699
2025-06-01,관악구,1036.0,1156.23252902129,1158.7110350434316,1151.9121543328117
2025-07-01,관악구,1069.0,1104.819043966277,1100.5590048137774,1099.2464238171046
2025-08-01,관악구,1131.0,1091.7703294576959,1080.192954063874,1092.8540112221551
2025-09-01,관악구,1086.0,1074.8304968032735,1081.7932445886424,1097.048671496991
2025-10-01,관악구,1028.0,1112.0213081082613,1115.294302690047,1116.3061366478714
2025-11-01,관악구,1086.0,1020.5885736545595,1015.8891598476664,1027.3039395549292
2025-12-01,관악구,1098.0,1146.16282528815,1161.4135589050425,1173.6573590016314
2025-01-01,광진구,670.0,683.4256758306611,689.5604191274106,684.7300817470042
2025-02-01,광진구,599.0,620.1865678534555,627.1545067958159,611.3729173986214
2025-03-01,광진구,663.0,646.1762229958503,650.5217287031819,646.3914317854218
2025-04-01,광진구,704.0,684.2881130603614,690.5782973675235,689.8983176423588
2025-05-01,광진구,741.0,768.2089538319382,784.0266788619637,774.2748087870517
2025-06-01,광진구,796.0,763.2698487837679,776.2907357173755,772.5378681718557
2025-07-01,광진구,772.0,839.2152595831441,854.6618665012791,840.1680924171395
2025-08-01,광진구,794.0,793.4328468293465,820.5181285865544,790.0529075276168
2025-09-01,광진구,812.0,755.6836218507643,773.3311364573034,753.1957593874324
2025-10-01,광진구,780.0,819.3683953555677,826.2490495840435,820.8992818073135
2025-11-01,광진구,720.0,766.5161235351142,775.431740308725,762.9288552841035
2025-12-01,광진구,798.0,758.0557466012054,793.5799207546037,771.3690274319601
2025-01-01,구로구,1208.0,1146.4353825427168,1133.6655573214928,1130.127197087637
2025-02-01,구로구,1026.0,1070.4401938304318,1063.8781908036167,1071.4587348130917
2025-03-01,구로구,1107.0,1063.8870699900217,1072.0552545592375,1089.4018162264144
2025-04-01,구로구,1087.0,1145.836859475946,1151.5696136017668,1157.823264707803
2025-05-01,구로구,1194.0,1152.1039555005664,1158.7803790693379,1171.2277124512464
2025-06-01,구로구,1128.0,1201.556705886465,1211.9347807803479,1230.997613468186
2025-07-01,구로구,1260.0,1192.950487809028,1199.7160251880605,1203.0519693486806
2025-08-01,구로구,1276.0,1273.6936921521592,1279.9857286535537,1311.57367207843
2025-09-01,구로구,1295.0,1183.040613296044,1203.6039320233951,1238.10598418167
2025-10-01,구로구,1269.0,1253.1898777917313,1243.8398844259175,1269.9797206470482
2025-11-01,구로구,1213.0,1232.7169824253588,1224.825206901944,1249.9087477244973
2025-12-01,구로구,1270.0,1267.6229807767943,1280.7753446721476,1275.6190570421772
2025-01-01,금천구,560.0,611.456612626607,596.3709835384004,590.9825267119156
2025-02-01,금천구,532.0,525.5114180480125,516.0740176516207,509.8012147258197
2025-03-01,금천구,535.0,582.0490769929418,580.8237782853424,575.8903990793021
2025-04-01,금천구,525.0,582.0490769929418,580.8237782853424,575.8903990793021
2025-05-01,금천구,569.0,594.7664278507904,593.3619683134096,600.6385631466566
2025-06-01,금천구,551.0,560.4849835787685,569.3624424817954,568.1341297902682
2025-07-01,금천구,662.0,585.4598666636355,589.9668831640594,593.0560730217308
2025-08-01,금천구,605.0,650.9972540280056,654.1073047595606,647.0191249086657
2025-09-01,금천구,584.0,581.0576712334569,576.9085389244826,579.7261457341375
2025-10-01,금천구,575.0,598.586631181505,591.7610644049626,588.6153201662636
2025-11-01,금천구,588.0,577.8796240127629,571.5896555020366,569.6389120537192
2025-12-01,금천구,643.0,580.6522452462125,582.8908899440443,584.428480400724
2025-01-01,노원구,1168.0,1135.971339311432,1131.2965824316834,1108.7792827942535
2025-02-01,노원구,960.0,1068.8831859096751,1066.6932712796072,1060.3045745194036
2025-03-01,노원구,1078.0,1006.6282116022984,1011.8501718552964,1005.3101481781579
2025-04-01,노원구,1031.0,1136.8162090034798,1125.3355981434686,1133.9056620537065
2025-05-01,노원구,1169.0,1113.4546796616344,1119.1804940431186,1105.1820786285587
2025-06-01,노원구,1127.0,1203.7873984261093,1209.6820860652585,1196.698614421237
2025-07-01,노원구,1186.0,1205.1363562043762,1214.0766637250974,1204.0270778117792
2025-08-01,노원구,1185.0,1225.618788360723,1222.8980558859057,1240.6862220764979
2025-09-01,노원구,1197.0,1113.9931381354277,1136.3536258672314,1156.0931239286886
2025-10-01,노원구,1174.0,1178.6345827908367,1195.0305684130603,1196.6390189709828
2025-11-01,노원구,1200.0,1129.2553816734107,1141.7491278050336,1136.8984497272108
2025-12-01,노원구,1233.0,1246.2102872338507,1262.2512984747943,1266.0592440585294
2025-01-01,도봉구,831.0,823.2268063367491,785.4742822058015,787.5161472418806
2025-02-01,도봉구,647.0,775.1067837863914,749.1335734708297,773.5318089150212
2025-03-01,도봉구,755.0,700.16318351443,681.1494194263196,716.0511926573056
2025-04-01,도봉구,694.0,776.0043374209439,759.3087415291789,780.9452912609688
2025-05-01,도봉구,755.0,755.5214160523757,746.6055565578878,751.9294190746049
2025-06-01,도봉구,773.0,765.3037085541233,766.1396834625489,778.1677809394594
2025-07-01,도봉구,876.0,849.3765193753097,831.2491784680818,839.9766683474923
2025-08-01,도봉구,817.0,893.4173880305091,885.5316015025929,897.4236235664021
2025-09-01,도봉구,817.0,789.496187780841,769.6069797010707,800.1457210160063
2025-10-01,도봉구,822.0,841.0030933071023,813.5509644649343,835.5172956938841
2025-11-01,도봉구,734.0,802.7577541687187,782.9777847771106,806.3587977993168
2025-12-01,도봉구,820.0,782.2117121142242,779.8759376016728,784.7816067889748
2025-01-01,동대문구,944.0,920.7484008374856,897.6149394216346,916.7332575444105
2025-02-01,동대문구,736.0,872.6325369929775,840.6602595707653,853.0998055538689
2025-03-01,동대문구,884.0,782.7162103055889,767.4591323306136,787.3217604552908
2025-04-01,동대문구,858.0,903.0105479489697,891.7684292785386,915.0046641752258
2025-05-01,동대문구,908.0,920.0189790688003,923.7988126729726,934.1470117861073
2025-06-01,동대문구,884.0,940.8951983808844,949.6962614865729,948.4783958288215
2025-07-01,동대문구,1010.0,941.8314893489729,950.2774715707915,954.0847201879532
2025-08-01,동대문구,958.0,1013.7870333765375,1019.0127397641145,1027.1314605352054
2025-09-01,동대문구,1023.0,879.0844389286076,871.4921446426382,888.0514874861134
2025-10-01,동대문구,963.0,1011.7626188150867,1007.9173405284964,1009.0899248595806
2025-11-01,동대문구,935.0,919.3353088653137,912.4005778937399,910.7757326514225
2025-12-01,동대문구,1027.0,960.0570897563118,964.4323019987805,963.32026268214
2025-01-01,동작구,676.0,709.6671051806297,701.7024807543252,700.1935747547437
2025-02-01,동작구,561.0,602.4240607391965,613.7378773777158,591.3073361051223
2025-03-01,동작구,612.0,559.1720623882024,568.9480807624225,575.4249452907263
2025-04-01,동작구,592.0,625.2231571102201,636.9292110334538,648.7430721590362
2025-05-01,동작구,620.0,616.316414102525,640.764764204583,648.7709811699804
2025-06-01,동작구,626.0,604.1122386878748,626.652871754845,631.2123380273093
2025-07-01,동작구,687.0,652.986043930029,680.5432374289319,666.1535191740007
2025-08-01,동작구,713.0,669.948648072503,702.6539533928026,680.0879800227506
2025-09-01,동작구,717.0,652.4294402623851,671.1356153606353,678.4959189549085
2025-10-01,동작구,647.0,716.3097010863644,733.2846409812945,728.068521532868
2025-11-01,동작구,732.0,629.2186156109777,621.8838049921276,627.0916527502909
2025-12-01,동작구,766.0,758.9629461183065,753.0175566675985,741.6675335866623
2025-01-01,마포구,1078.0,1082.4633522222143,1061.638500188641,1061.7575750177991
2025-02-01,마포구,987.0,1028.8991021334741,1008.2623435106852,1017.3674239436137
2025-03-01,마포구,1033.0,1045.500045595838,1035.0840160764872,1037.1612364201378
2025-04-01,마포구,1051.0,1100.0568795660831,1092.4359520391915,1088.404706944776
2025-05-01,마포구,1088.0,1137.8474632206426,1128.9431959130575,1138.1555945384803
2025-06-01,마포구,1117.0,1153.3479717300856,1149.5034909386309,1153.1371180132455
2025-07-01,마포구,1109.0,1186.7960307752664,1181.4982069608636,1189.8080757561224
2025-08-01,마포구,1109.0,1163.719340261215,1146.6954570222006,1157.9822733919857
2025-09-01,마포구,1138.0,1064.2892892984605,1077.1674781661402,1089.064157179246
2025-10-01,마포구,1101.0,1150.9720238466732,1144.1838361108987,1149.5511082505423
2025-11-01,마포구,1067.0,1097.429326699629,1090.1435753226558,1100.8919963252958
2025-12-01,마포구,1169.0,1103.3619010694647,1100.4731899572473,1109.7384093672022
2025-01-01,서대문구,820.0,826.8442850220914,804.3686560720613,814.4798176264532
2025-02-01,서대문구,682.0,758.8309995413756,732.7644392392449,750.5268669649789
2025-03-01,서대문구,722.0,739.8705268955201,728.9571179899937,745.4360743621387
2025-04-01,서대문구,734.0,787.2704125941208,772.8680894782876,793.2603248473561
2025-05-01,서대문구,767.0,809.3560105305521,809.1996236196576,814.6669395867287
2025-06-01,서대문구,789.0,785.3077737802148,785.139381393138,783.6332134733404
2025-07-01,서대문구,783.0,855.2868042496698,844.5175275138861,852.2073902099962
2025-08-01,서대문구,811.0,839.2077721171952,845.0076447254626,858.5254495670821
2025-09-01,서대문구,797.0,776.3950743700873,770.9268974118481,799.155300901526
2025-10-01,서대문구,772.0,817.0152070815832,806.4748893516236,833.2835534884002
2025-11-01,서대문구,794.0,780.8681213230258,772.1052998250069,795.2092600957733
2025-12-01,서대문구,861.0,826.0763900154856,826.9936062848496,847.136935326393
2025-01-01,서초구,911.0,990.7773128913414,1003.4208823084849,987.006806436439
2025-02-01,서초구,860.0,884.2594197781605,881.603736644095,879.4836504054485
2025-03-01,서초구,864.0,918.5317973454174,932.3537988470024,924.3309563998005
2025-04-01,서초구,881.0,941.2510506583777,954.0003061556744,937.9993854712494
2025-05-01,서초구,951.0,954.8430613711558,973.7032343813561,967.4611216858556
2025-06-01,서초구,939.0,970.4523649279637,994.8248314517108,979.1404306038239
2025-07-01,서초구,1075.0,1015.4583686948657,1019.2554067761691,1017.2091541799352
2025-08-01,서초구,1064.0,1060.2384618361252,1077.453513384098,1093.0735637976036
2025-09-01,서초구,1083.0,974.4843430134279,1000.8674694336155,1011.3415820228344
2025-10-01,서초구,1057.0,1092.6995005817666,1094.9058774198018,1108.3628935817524
2025-11-01,서초구,1102.0,1031.8078716083792,1040.5200382776052,1032.6217435948013
2025-12-01,서초구,1118.0,1133.1995326151912,1130.7230597250266,1152.267109610812
2025-01-01,성동구,563.0,567.2433108390958,553.8614773445832,558.750154311798
2025-02-01,성동구,495.0,505.4552904576583,499.1250934819304,502.8837885764961
2025-03-01,성동구,543.0,555.0147945372573,560.760422402227,555.5432225283267
2025-04-01,성동구,577.0,570.8527474215223,581.6484159715199,582.0864820040916
2025-05-01,성동구,586.0,614.4382034208119,632.5955179401244,628.785734214139
2025-06-01,성동구,568.0,579.5915897796713,602.8471993167731,591.0415677236765
2025-07-01,성동구,638.0,580.899785829724,596.517270074624,599.2155500984271
2025-08-01,성동구,605.0,636.3127237780336,637.5765320127513,641.5510648286952
2025-09-01,성동구,646.0,569.8613416620374,572.5898674828628,581.8156590695021
2025-10-01,성동구,615.0,651.6456837187103,652.7028653854898,656.1373873770262
2025-11-01,성동구,649.0,602.638785104095,595.950960811675,605.8288257138973
2025-12-01,성동구,636.0,666.9207189149752,667.7962608602038,663.6505821545458
2025-01-01,성북구,919.0,834.3807694037669,835.023899712025,831.2066125903365
2025-02-01,성북구,815.0,880.741451293138,876.1880476548955,863.684643427715
2025-03-01,성북구,848.0,849.7615741728131,862.825218394136,861.1090801323206
2025-04-01,성북구,873.0,889.3982194127997,896.5718702158706,896.9364864749579
2025-05-01,성북구,900.0,923.8368131069788,932.7913504082367,932.3298908580626
2025-06-01,성북구,895.0,892.5898380770847,904.4575209915611,896.7913811887902
2025-07-01,성북구,913.0,918.5629530683027,921.6897934581269,935.0341467196358
2025-08-01,성북구,969.0,922.6025491124941,934.3396387226363,932.7250754293827
2025-09-01,성북구,984.0,905.0965521143547,915.0445320507717,913.292545375859
2025-10-01,성북구,961.0,954.9127964680503,965.2410214197122,962.483423409858
2025-11-01,성북구,923.0,897.9177830673507,911.6233307394,898.555273683722
2025-12-01,성북구,1022.0,949.8026402415933,961.7817430057122,953.6371865309168
2025-01-01,송파구,1069.0,1097.7498745220134,1106.664712438614,1100.4369458930537
2025-02-01,송파구,940.0,1017.2874803685066,1031.3566667732734,1019.3471691861531
2025-03-01,송파구,1082.0,1005.2580289149863,1015.882797939657,1003.8416497327015
2025-04-01,송파구,1151.0,1152.834933269505,1153.9816498295797,1152.6675088096802
2025-05-01,송파구,1197.0,1198.9795896144583,1215.4161988410854,1205.5450982355064
2025-06-01,송파구,1177.0,1207.1471699306835,1231.3290449674673,1235.216282959214
2025-07-01,송파구,1235.0,1224.6763563054612,1230.1262994688343,1220.163584090362
2025-08-01,송파구,1272.0,1237.9280711502079,1264.5281254602935,1256.99946766021
2025-09-01,송파구,1296.0,1196.0792161465588,1240.4677489782975,1247.6262234391424
2025-10-01,송파구,1201.0,1268.6695546126568,1274.0639722009746,1275.794251555414
2025-11-01,송파구,1228.0,1164.8327341210781,1177.714105607391,1177.0704096191264
2025-12-01,송파구,1266.0,1318.1837626131974,1298.852701250184,1277.4151037998624
2025-01-01,양천구,1074.0,1077.7045128417403,1077.0808018965865,1061.5146634602822
2025-02-01,양천구,861.0,948.8174471048856,957.435830345778,953.6558349899084
2025-03-01,양천구,989.0,877.3339865152561,886.2063374759192,894.0973515124485
2025-04-01,양천구,993.0,1008.1983245270952,1012.0160688498837,1009.4464440050547
2025-05-01,양천구,1089.0,1049.159224422924,1059.4616109103263,1043.3023996527374
2025-06-01,양천구,1013.0,1108.0011614878733,1125.5129740206196,1102.1491446972366
2025-07-01,양천구,1178.0,1061.3196036136103,1075.0624257594209,1120.1796312804083
2025-08-01,양천구,1207.0,1182.7404289141225,1177.1777151103447,1222.0154520222422
2025-09-01,양천구,1177.0,1099.2665986543086,1122.8931766556484,1116.128724734752
2025-10-01,양천구,1169.0,1125.9142109556897,1143.6367005060172,1126.2990937026063
2025-11-01,양천구,1210.0,1073.7550206646176,1092.8313073034979,1073.7613700785512
2025-12-01,양천구,1212.0,1253.460438226581,1258.7797903417854,1235.0107645623054
2025-01-01,영등포구,1006.0,1031.7762317156305,1026.6114125616887,1023.1683397607295
2025-02-01,영등포구,889.0,984.6881765436417,978.5079140868102,974.527963479359
2025-03-01,영등포구,957.0,941.2030954621707,954.9938591043195,954.0884427760428
2025-04-01,영등포구,965.0,994.8124614914494,1000.217463492816,1001.5821428459401
2025-05-01,영등포구,1022.0,1013.7269244825911,1029.2273446107545,1020.1103498598687
2025-06-01,영등포구,1015.0,1054.8398860719842,1072.3347382970617,1069.881799931544
2025-07-01,영등포구,1092.0,1062.7982718357978,1081.0474287627585,1082.7560195674914
2025-08-01,영등포구,1110.0,1124.8834621562935,1119.6867575508998,1133.1635891037868
2025-09-01,영등포구,1096.0,1036.6280460022972,1062.3040398874518,1069.1782443345182
2025-10-01,영등포구,1105.0,1104.8335405963749,1113.6012404151352,1112.6757015231929
2025-11-01,영등포구,1007.0,1088.034528875896,1094.4351671333584,1089.6287499664586
2025-12-01,영등포구,1099.0,1067.2756814060513,1052.959580800258,1062.9948494862047
2025-01-01,용산구,502.0,551.0458945366987,541.9057455282841,542.119860989881
2025-02-01,용산구,463.0,512.1063961042527,501.64932431010385,504.01752534880245
2025-03-01,용산구,489.0,563.1824612612817,562.4171210420185,559.2242285567584
2025-04-01,용산구,510.0,566.7296085792448,562.4171210420185,559.2242285567584
2025-05-01,용산구,563.0,588.6204665676494,581.1621323322915,595.2090494602186
2025-06-01,용산구,567.0,560.7953176526403,572.1195648666903,570.6664471950061
2025-07-01,용산구,614.0,606.9365010002276,605.2114830873375,605.2965349034887
2025-08-01,용산구,638.0,633.251209025546,636.9397998117548,639.4547970726959
2025-09-01,용산구,642.0,595.0869148283746,587.0074556512203,595.6737338912437
2025-10-01,용산구,638.0,660.73094133363,647.545258747903,650.4110150928702
2025-11-01,용산구,621.0,623.1567732767202,614.9875947704874,619.686900535639
2025-12-01,용산구,630.0,648.5946738618383,637.2316075815553,633.9425020995991
2025-01-01,은평구,998.0,1004.8644621813204,988.6550555663995,991.9619658353034
2025-02-01,은평구,898.0,947.2415153085306,940.3387345917318,950.524093311014
2025-03-01,은평구,963.0,941.2155356474979,938.9003155246394,940.3994984702276
2025-04-01,은평구,896.0,1003.8824244727806,995.792829440256,994.8941733916907
2025-05-01,은평구,944.0,969.3189968001284,967.9254929302277,956.5871792547957
2025-06-01,은평구,989.0,982.0376254883122,986.2834635524665,980.493521131706
2025-07-01,은평구,1056.0,1045.0528894648978,1037.6582249555415,1044.268164229582
2025-08-01,은평구,1105.0,1076.0116317042884,1073.6700933376117,1086.1365041511172
2025-09-01,은평구,1101.0,1055.1432747343245,1062.3575925397242,1058.2639826456896
2025-10-01,은평구,1041.0,1102.8416972687014,1101.0584086933034,1100.1552380320984
2025-11-01,은평구,1032.0,1028.162574114463,1026.96111729975,1025.8190326855417
2025-12-01,은평구,1070.0,1051.8551334890944,1056.6014042177,1077.886454990632
2025-01-01,종로구,562.0,694.4873579160009,668.341456969411,673.4849335641568
2025-02-01,종로구,484.0,543.2717929529387,527.2710311016926,534.9318383966541
2025-03-01,종로구,611.0,597.3704378469911,605.0900791848995,601.8293911746418
2025-04-01,종로구,601.0,682.3984402432393,668.1971679631906,674.7925165191926
2025-05-01,종로구,639.0,694.9808579134689,684.615429936669,691.0863384525642
2025-06-01,종로구,637.0,676.4145747586546,676.9490824053639,677.0883959143807
2025-07-01,종로구,693.0,701.3894578435215,690.9348502564774,702.0103391458433
2025-08-01,종로구,664.0,706.4953990542206,709.3573200591011,702.5312477041548
2025-09-01,종로구,645.0,624.9264546771366,596.381505856259,632.179527538488
2025-10-01,종로구,660.0,680.4378773081206,665.6172868393002,675.784755949809
2025-11-01,종로구,637.0,653.6118731437498,643.4695394419994,654.7387640655963
2025-12-01,종로구,671.0,688.6792225302587,684.1161624377559,675.7400614114389
2025-01-01,중구,635.0,659.9079986557067,645.2353075165066,627.7367811165568
2025-02-01,중구,581.0,588.7561477659517,585.4733032252693,564.9781210931876
2025-03-01,중구,636.0,604.9677223783411,618.9501123023687,569.7436046882351
2025-04-01,중구,655.0,659.3436956144352,660.397063312245,647.5919835338709
2025-05-01,중구,707.0,705.2141227751681,709.2409501934958,692.8649314585261
2025-06-01,중구,709.0,724.9923572192496,741.7912290270901,724.8831091560443
2025-07-01,중구,772.0,761.7475599344228,776.7290335572528,758.9245960487756
2025-08-01,중구,729.0,774.8646471067576,792.2165423183053,774.4989172262723
2025-09-01,중구,708.0,673.394548453529,692.3908413370592,682.1391551475687
2025-10-01,중구,680.0,723.4757603603672,735.7975913685667,724.5389490293338
2025-11-01,중구,706.0,640.944961869743,655.9458419465667,632.6615347007998
2025-12-01,중구,763.0,745.770360808812,757.310720709079,733.5060739241402
2025-01-01,중랑구,862.0,833.8962325127868,821.2746020702117,834.2397034289265
2025-02-01,중랑구,760.0,801.4573906875692,806.3843927805099,824.9233656598857
2025-03-01,중랑구,848.0,806.0084787118217,799.3935675562598,820.6337467420287
2025-04-01,중랑구,878.0,921.4155523525629,913.6694089076,920.514195731861
2025-05-01,중랑구,936.0,950.6550443900787,944.9108897238312,952.4009482205771
2025-06-01,중랑구,921.0,983.5816645286449,978.4830275200989,978.1654035836478
2025-07-01,중랑구,993.0,1009.5547795198629,995.7152999866647,1003.0873468151104
2025-08-01,중랑구,926.0,1023.8150005197067,1011.4014966509243,1026.134808622943
2025-09-01,중랑구,928.0,890.2166067338765,893.0006262580492,902.6189558632788
2025-10-01,중랑구,944.0,943.0146074239144,940.6355385268324,944.5102112496878
2025-11-01,중랑구,908.0,917.4540102496649,920.7711956016591,924.4392383271365
2025-12-01,중랑구,970.0,940.5084676547931,937.9951969122094,942.226569769038
